Workbook

Sheet OVERALL
A1: ATTENDANCE RECORD JULY-NOVEMEBER 2024 (B.Tech CSE 3B)
A2: Date | D2: DSA | G2: M-III | J2: OOPS | M2: DE | P2: DOS | S2: OOPS LAB | V2: DE LAB | Y2: DSA LAB | AB2: IT WORKSHOP | AE2: OVERALL
A3: S.No. | B3: Reg No. | C3: Name of Student | D3: ATT. | E3: TOTAL | F3: % | G3: ATT. | H3: TOTAL | I3: % | J3: ATT. | K3: TOTAL | L3: % | M3: ATT. | N3: TOTAL | O3: % | P3: ATT. | Q3: TOTAL | R3: % | S3: ATT. | T3: TOTAL | U3: % | V3: ATT. | W3: TOTAL | X3: % | Y3: ATT. | Z3: TOTAL | AA3: % | AB3: ATT. | AC3: TOTAL | AD3: % | AE3: ATT. | AF3: G.TOTAL | AG3: %
A4: 1 | B4: 2301236 | C4: Manmohan Singh | D4: =DSA!BF5 -> 19 | E4: =DSA!BG5 -> 41 | F4: =(D4/E4)*100 -> 46.341463 | G4: ='M-III'!BF5 -> 19 | H4: ='M-III'!BG5 -> 65 | I4: =(G4/H4)*100 -> 29.230769 | J4: =OOPS!BG5 -> 19 | K4: =OOPS!BH5 -> 48 | L4: =(J4/K4)*100 -> 39.583333 | M4: =DE!BF5 -> 10 | N4: =DE!BG5 -> 46 | O4: =(M4/N4)*100 -> 21.73913 | P4: =DOS!BF5 -> 14 | Q4: =DOS!BG5 -> 48 | R4: =(P4/Q4)*100 -> 29.166667 | S4: ='OOPS LAB'!AE5 -> 20 | T4: ='OOPS LAB'!AF5 -> 48 | U4: =(S4/T4)*100 -> 41.666667 | V4: ='DE LAB'!AE5 -> 10 | W4: ='DE LAB'!AF5 -> 30 | X4: =(V4/W4)*100 -> 33.333333 | Y4: ='DSA LAB'!AE5 -> 28 | Z4: ='DSA LAB'!AF5 -> 41 | AA4: =(Y4/Z4)*100 -> 68.292683 | AB4: ='IT WORKSHOP'!AM5 -> 13 | AC4: ='IT WORKSHOP'!AN5 -> 33 | AD4: =(AB4/AC4)*100 -> 39.393939 | AE4: =D4+G4+J4+M4+P4+S4+V4+Y4+AB4 -> 152 | AF4: =E4+H4+K4+N4+T4+W4+Z4+Q4+AC4 -> 400 | AG4: =AE4/AF4 -> 0.38
A5: 2 | B5: 2301237 | C5: Manpreet Kaur | D5: =DSA!BF6 -> 33 | E5: =DSA!BG6 -> 41 | F5: =(D5/E5)*100 -> 80.487805 | G5: ='M-III'!BF6 -> 45 | H5: ='M-III'!BG6 -> 65 | I5: =(G5/H5)*100 -> 69.230769 | J5: =OOPS!BG6 -> 36 | K5: =OOPS!BH6 -> 48 | L5: =(J5/K5)*100 -> 75 | M5: =DE!BF6 -> 37 | N5: =DE!BG6 -> 46 | O5: =(M5/N5)*100 -> 80.434783 | P5: =DOS!BF6 -> 39 | Q5: =DOS!BG6 -> 48 | R5: =(P5/Q5)*100 -> 81.25 | S5: ='OOPS LAB'!AE6 -> 40 | T5: ='OOPS LAB'!AF6 -> 48 | U5: =(S5/T5)*100 -> 83.333333 | V5: ='DE LAB'!AE6 -> 22 | W5: ='DE LAB'!AF6 -> 30 | X5: =(V5/W5)*100 -> 73.333333 | Y5: ='DSA LAB'!AE6 -> 29 | Z5: ='DSA LAB'!AF6 -> 41 | AA5: =(Y5/Z5)*100 -> 70.731707 | AB5: ='IT WORKSHOP'!AM6 -> 25 | AC5: ='IT WORKSHOP'!AN6 -> 33 | AD5: =(AB5/AC5)*100 -> 75.757576 | AE5: =D5+G5+J5+M5+P5+S5+V5+Y5+AB5 -> 306 | AF5: =E5+H5+K5+N5+T5+W5+Z5+Q5+AC5 -> 400 | AG5: =AE5/AF5 -> 0.765
A6: 3 | B6: 2301238 | C6: Md Warish Chesam | D6: =DSA!BF7 -> 33 | E6: =DSA!BG7 -> 41 | F6: =(D6/E6)*100 -> 80.487805 | G6: ='M-III'!BF7 -> 56 | H6: ='M-III'!BG7 -> 65 | I6: =(G6/H6)*100 -> 86.153846 | J6: =OOPS!BG7 -> 30 | K6: =OOPS!BH7 -> 48 | L6: =(J6/K6)*100 -> 62.5 | M6: =DE!BF7 -> 36 | N6: =DE!BG7 -> 46 | O6: =(M6/N6)*100 -> 78.26087 | P6: =DOS!BF7 -> 37 | Q6: =DOS!BG7 -> 48 | R6: =(P6/Q6)*100 -> 77.083333 | S6: ='OOPS LAB'!AE7 -> 31 | T6: ='OOPS LAB'!AF7 -> 48 | U6: =(S6/T6)*100 -> 64.583333 | V6: ='DE LAB'!AE7 -> 26 | W6: ='DE LAB'!AF7 -> 30 | X6: =(V6/W6)*100 -> 86.666667 | Y6: ='DSA LAB'!AE7 -> 34 | Z6: ='DSA LAB'!AF7 -> 41 | AA6: =(Y6/Z6)*100 -> 82.926829 | AB6: ='IT WORKSHOP'!AM7 -> 20 | AC6: ='IT WORKSHOP'!AN7 -> 33 | AD6: =(AB6/AC6)*100 -> 60.606061 | AE6: =D6+G6+J6+M6+P6+S6+V6+Y6+AB6 -> 303 | AF6: =E6+H6+K6+N6+T6+W6+Z6+Q6+AC6 -> 400 | AG6: =AE6/AF6 -> 0.7575
A7: 4 | B7: 2301239 | C7: Mohd Shahid Afridi | D7: =DSA!BF8 -> 0 | E7: =DSA!BG8 -> 41 | F7: =(D7/E7)*100 -> 0 | G7: ='M-III'!BF8 -> 0 | H7: ='M-III'!BG8 -> 65 | I7: =(G7/H7)*100 -> 0 | J7: =OOPS!BG8 -> 0 | K7: =OOPS!BH8 -> 48 | L7: =(J7/K7)*100 -> 0 | M7: =DE!BF8 -> 0 | N7: =DE!BG8 -> 46 | O7: =(M7/N7)*100 -> 0 | P7: =DOS!BF8 -> 0 | Q7: =DOS!BG8 -> 48 | R7: =(P7/Q7)*100 -> 0 | S7: ='OOPS LAB'!AE8 -> 0 | T7: ='OOPS LAB'!AF8 -> 48 | U7: =(S7/T7)*100 -> 0 | V7: ='DE LAB'!AE8 -> 4 | W7: ='DE LAB'!AF8 -> 30 | X7: =(V7/W7)*100 -> 13.333333 | Y7: ='DSA LAB'!AE8 -> 0 | Z7: ='DSA LAB'!AF8 -> 41 | AA7: =(Y7/Z7)*100 -> 0 | AB7: ='IT WORKSHOP'!AM8 -> 0 | AC7: ='IT WORKSHOP'!AN8 -> 33 | AD7: =(AB7/AC7)*100 -> 0 | AE7: =D7+G7+J7+M7+P7+S7+V7+Y7+AB7 -> 4 | AF7: =E7+H7+K7+N7+T7+W7+Z7+Q7+AC7 -> 400 | AG7: =AE7/AF7 -> 0.01
A8: 5 | B8: 2301240 | C8: Munisha | D8: =DSA!BF9 -> 39 | E8: =DSA!BG9 -> 41 | F8: =(D8/E8)*100 -> 95.121951 | G8: ='M-III'!BF9 -> 53 | H8: ='M-III'!BG9 -> 65 | I8: =(G8/H8)*100 -> 81.538462 | J8: =OOPS!BG9 -> 33 | K8: =OOPS!BH9 -> 48 | L8: =(J8/K8)*100 -> 68.75 | M8: =DE!BF9 -> 37 | N8: =DE!BG9 -> 46 | O8: =(M8/N8)*100 -> 80.434783 | P8: =DOS!BF9 -> 37 | Q8: =DOS!BG9 -> 48 | R8: =(P8/Q8)*100 -> 77.083333 | S8: ='OOPS LAB'!AE9 -> 42 | T8: ='OOPS LAB'!AF9 -> 48 | U8: =(S8/T8)*100 -> 87.5 | V8: ='DE LAB'!AE9 -> 20 | W8: ='DE LAB'!AF9 -> 30 | X8: =(V8/W8)*100 -> 66.666667 | Y8: ='DSA LAB'!AE9 -> 35 | Z8: ='DSA LAB'!AF9 -> 41 | AA8: =(Y8/Z8)*100 -> 85.365854 | AB8: ='IT WORKSHOP'!AM9 -> 31 | AC8: ='IT WORKSHOP'!AN9 -> 33 | AD8: =(AB8/AC8)*100 -> 93.939394 | AE8: =D8+G8+J8+M8+P8+S8+V8+Y8+AB8 -> 327 | AF8: =E8+H8+K8+N8+T8+W8+Z8+Q8+AC8 -> 400 | AG8: =AE8/AF8 -> 0.8175
A9: 6 | B9: 2301241 | C9: Nikhil Kumar Thakur | D9: =DSA!BF10 -> 38 | E9: =DSA!BG10 -> 41 | F9: =(D9/E9)*100 -> 92.682927 | G9: ='M-III'!BF10 -> 59 | H9: ='M-III'!BG10 -> 65 | I9: =(G9/H9)*100 -> 90.769231 | J9: =OOPS!BG10 -> 42 | K9: =OOPS!BH10 -> 48 | L9: =(J9/K9)*100 -> 87.5 | M9: =DE!BF10 -> 41 | N9: =DE!BG10 -> 46 | O9: =(M9/N9)*100 -> 89.130435 | P9: =DOS!BF10 -> 44 | Q9: =DOS!BG10 -> 48 | R9: =(P9/Q9)*100 -> 91.666667 | S9: ='OOPS LAB'!AE10 -> 43 | T9: ='OOPS LAB'!AF10 -> 48 | U9: =(S9/T9)*100 -> 89.583333 | V9: ='DE LAB'!AE10 -> 26 | W9: ='DE LAB'!AF10 -> 30 | X9: =(V9/W9)*100 -> 86.666667 | Y9: ='DSA LAB'!AE10 -> 40 | Z9: ='DSA LAB'!AF10 -> 41 | AA9: =(Y9/Z9)*100 -> 97.560976 | AB9: ='IT WORKSHOP'!AM10 -> 31 | AC9: ='IT WORKSHOP'!AN10 -> 33 | AD9: =(AB9/AC9)*100 -> 93.939394 | AE9: =D9+G9+J9+M9+P9+S9+V9+Y9+AB9 -> 364 | AF9: =E9+H9+K9+N9+T9+W9+Z9+Q9+AC9 -> 400 | AG9: =AE9/AF9 -> 0.91
A10: 7 | B10: 2301242 | C10: Palak Pathania | D10: =DSA!BF11 -> 35 | E10: =DSA!BG11 -> 41 | F10: =(D10/E10)*100 -> 85.365854 | G10: ='M-III'!BF11 -> 45 | H10: ='M-III'!BG11 -> 65 | I10: =(G10/H10)*100 -> 69.230769 | J10: =OOPS!BG11 -> 36 | K10: =OOPS!BH11 -> 48 | L10: =(J10/K10)*100 -> 75 | M10: =DE!BF11 -> 34 | N10: =DE!BG11 -> 46 | O10: =(M10/N10)*100 -> 73.913043 | P10: =DOS!BF11 -> 32 | Q10: =DOS!BG11 -> 48 | R10: =(P10/Q10)*100 -> 66.666667 | S10: ='OOPS LAB'!AE11 -> 44 | T10: ='OOPS LAB'!AF11 -> 48 | U10: =(S10/T10)*100 -> 91.666667 | V10: ='DE LAB'!AE11 -> 24 | W10: ='DE LAB'!AF11 -> 30 | X10: =(V10/W10)*100 -> 80 | Y10: ='DSA LAB'!AE11 -> 40 | Z10: ='DSA LAB'!AF11 -> 41 | AA10: =(Y10/Z10)*100 -> 97.560976 | AB10: ='IT WORKSHOP'!AM11 -> 19 | AC10: ='IT WORKSHOP'!AN11 -> 33 | AD10: =(AB10/AC10)*100 -> 57.575758 | AE10: =D10+G10+J10+M10+P10+S10+V10+Y10+AB10 -> 309 | AF10: =E10+H10+K10+N10+T10+W10+Z10+Q10+AC10 -> 400 | AG10: =AE10/AF10 -> 0.7725
A11: 8 | B11: 2301243 | C11: Pardeep Singh | D11: =DSA!BF12 -> 29 | E11: =DSA!BG12 -> 41 | F11: =(D11/E11)*100 -> 70.731707 | G11: ='M-III'!BF12 -> 46 | H11: ='M-III'!BG12 -> 65 | I11: =(G11/H11)*100 -> 70.769231 | J11: =OOPS!BG12 -> 30 | K11: =OOPS!BH12 -> 48 | L11: =(J11/K11)*100 -> 62.5 | M11: =DE!BF12 -> 38 | N11: =DE!BG12 -> 46 | O11: =(M11/N11)*100 -> 82.608696 | P11: =DOS!BF12 -> 27 | Q11: =DOS!BG12 -> 48 | R11: =(P11/Q11)*100 -> 56.25 | S11: ='OOPS LAB'!AE12 -> 38 | T11: ='OOPS LAB'!AF12 -> 48 | U11: =(S11/T11)*100 -> 79.166667 | V11: ='DE LAB'!AE12 -> 22 | W11: ='DE LAB'!AF12 -> 30 | X11: =(V11/W11)*100 -> 73.333333 | Y11: ='DSA LAB'!AE12 -> 31 | Z11: ='DSA LAB'!AF12 -> 41 | AA11: =(Y11/Z11)*100 -> 75.609756 | AB11: ='IT WORKSHOP'!AM12 -> 21 | AC11: ='IT WORKSHOP'!AN12 -> 33 | AD11: =(AB11/AC11)*100 -> 63.636364 | AE11: =D11+G11+J11+M11+P11+S11+V11+Y11+AB11 -> 282 | AF11: =E11+H11+K11+N11+T11+W11+Z11+Q11+AC11 -> 400 | AG11: =AE11/AF11 -> 0.705
A12: 9 | B12: 2301244 | C12: Parveen Mandal | D12: =DSA!BF13 -> 0 | E12: =DSA!BG13 -> 41 | F12: =(D12/E12)*100 -> 0 | G12: ='M-III'!BF13 -> 0 | H12: ='M-III'!BG13 -> 65 | I12: =(G12/H12)*100 -> 0 | J12: =OOPS!BG13 -> 0 | K12: =OOPS!BH13 -> 48 | L12: =(J12/K12)*100 -> 0 | M12: =DE!BF13 -> 0 | N12: =DE!BG13 -> 46 | O12: =(M12/N12)*100 -> 0 | P12: =DOS!BF13 -> 0 | Q12: =DOS!BG13 -> 48 | R12: =(P12/Q12)*100 -> 0 | S12: ='OOPS LAB'!AE13 -> 0 | T12: ='OOPS LAB'!AF13 -> 48 | U12: =(S12/T12)*100 -> 0 | V12: ='DE LAB'!AE13 -> 0 | W12: ='DE LAB'!AF13 -> 30 | X12: =(V12/W12)*100 -> 0 | Y12: ='DSA LAB'!AE13 -> 0 | Z12: ='DSA LAB'!AF13 -> 41 | AA12: =(Y12/Z12)*100 -> 0 | AB12: ='IT WORKSHOP'!AM13 -> 0 | AC12: ='IT WORKSHOP'!AN13 -> 33 | AD12: =(AB12/AC12)*100 -> 0 | AE12: =D12+G12+J12+M12+P12+S12+V12+Y12+AB12 -> 0 | AF12: =E12+H12+K12+N12+T12+W12+Z12+Q12+AC12 -> 400 | AG12: =AE12/AF12 -> 0
A13: 10 | B13: 2301245 | C13: Payal | D13: =DSA!BF14 -> 41 | E13: =DSA!BG14 -> 41 | F13: =(D13/E13)*100 -> 100 | G13: ='M-III'!BF14 -> 62 | H13: ='M-III'!BG14 -> 65 | I13: =(G13/H13)*100 -> 95.384615 | J13: =OOPS!BG14 -> 43 | K13: =OOPS!BH14 -> 48 | L13: =(J13/K13)*100 -> 89.583333 | M13: =DE!BF14 -> 41 | N13: =DE!BG14 -> 46 | O13: =(M13/N13)*100 -> 89.130435 | P13: =DOS!BF14 -> 46 | Q13: =DOS!BG14 -> 48 | R13: =(P13/Q13)*100 -> 95.833333 | S13: ='OOPS LAB'!AE14 -> 42 | T13: ='OOPS LAB'!AF14 -> 48 | U13: =(S13/T13)*100 -> 87.5 | V13: ='DE LAB'!AE14 -> 28 | W13: ='DE LAB'!AF14 -> 30 | X13: =(V13/W13)*100 -> 93.333333 | Y13: ='DSA LAB'!AE14 -> 41 | Z13: ='DSA LAB'!AF14 -> 41 | AA13: =(Y13/Z13)*100 -> 100 | AB13: ='IT WORKSHOP'!AM14 -> 32 | AC13: ='IT WORKSHOP'!AN14 -> 33 | AD13: =(AB13/AC13)*100 -> 96.969697 | AE13: =D13+G13+J13+M13+P13+S13+V13+Y13+AB13 -> 376 | AF13: =E13+H13+K13+N13+T13+W13+Z13+Q13+AC13 -> 400 | AG13: =AE13/AF13 -> 0.94
A14: 11 | B14: 2301247 | C14: Priya | D14: =DSA!BF15 -> 33 | E14: =DSA!BG15 -> 41 | F14: =(D14/E14)*100 -> 80.487805 | G14: ='M-III'!BF15 -> 36 | H14: ='M-III'!BG15 -> 65 | I14: =(G14/H14)*100 -> 55.384615 | J14: =OOPS!BG15 -> 34 | K14: =OOPS!BH15 -> 48 | L14: =(J14/K14)*100 -> 70.833333 | M14: =DE!BF15 -> 36 | N14: =DE!BG15 -> 46 | O14: =(M14/N14)*100 -> 78.26087 | P14: =DOS!BF15 -> 25 | Q14: =DOS!BG15 -> 48 | R14: =(P14/Q14)*100 -> 52.083333 | S14: ='OOPS LAB'!AE15 -> 26 | T14: ='OOPS LAB'!AF15 -> 48 | U14: =(S14/T14)*100 -> 54.166667 | V14: ='DE LAB'!AE15 -> 18 | W14: ='DE LAB'!AF15 -> 30 | X14: =(V14/W14)*100 -> 60 | Y14: ='DSA LAB'!AE15 -> 31 | Z14: ='DSA LAB'!AF15 -> 41 | AA14: =(Y14/Z14)*100 -> 75.609756 | AB14: ='IT WORKSHOP'!AM15 -> 26 | AC14: ='IT WORKSHOP'!AN15 -> 33 | AD14: =(AB14/AC14)*100 -> 78.787879 | AE14: =D14+G14+J14+M14+P14+S14+V14+Y14+AB14 -> 265 | AF14: =E14+H14+K14+N14+T14+W14+Z14+Q14+AC14 -> 400 | AG14: =AE14/AF14 -> 0.6625
A15: 12 | B15: 2301248 | C15: Priyam Puri | D15: =DSA!BF16 -> 0 | E15: =DSA!BG16 -> 41 | F15: =(D15/E15)*100 -> 0 | G15: ='M-III'!BF16 -> 0 | H15: ='M-III'!BG16 -> 65 | I15: =(G15/H15)*100 -> 0 | J15: =OOPS!BG16 -> 0 | K15: =OOPS!BH16 -> 48 | L15: =(J15/K15)*100 -> 0 | M15: =DE!BF16 -> 0 | N15: =DE!BG16 -> 46 | O15: =(M15/N15)*100 -> 0 | P15: =DOS!BF16 -> 0 | Q15: =DOS!BG16 -> 48 | R15: =(P15/Q15)*100 -> 0 | S15: ='OOPS LAB'!AE16 -> 0 | T15: ='OOPS LAB'!AF16 -> 48 | U15: =(S15/T15)*100 -> 0 | V15: ='DE LAB'!AE16 -> 0 | W15: ='DE LAB'!AF16 -> 30 | X15: =(V15/W15)*100 -> 0 | Y15: ='DSA LAB'!AE16 -> 0 | Z15: ='DSA LAB'!AF16 -> 41 | AA15: =(Y15/Z15)*100 -> 0 | AB15: ='IT WORKSHOP'!AM16 -> 0 | AC15: ='IT WORKSHOP'!AN16 -> 33 | AD15: =(AB15/AC15)*100 -> 0 | AE15: =D15+G15+J15+M15+P15+S15+V15+Y15+AB15 -> 0 | AF15: =E15+H15+K15+N15+T15+W15+Z15+Q15+AC15 -> 400 | AG15: =AE15/AF15 -> 0
... A25: 22 | B25: 2301258 | C25: Ritesh Thakur | D25: =DSA!BF26 -> 21 | E25: =DSA!BG26 -> 41 | F25: =(D25/E25)*100 -> 51.219512 | G25: ='M-III'!BF26 -> 21 | H25: ='M-III'!BG26 -> 65 | I25: =(G25/H25)*100 -> 32.307692 | J25: =OOPS!BG26 -> 13 | K25: =OOPS!BH26 -> 48 | L25: =(J25/K25)*100 -> 27.083333 | M25: =DE!BF26 -> 16 | N25: =DE!BG26 -> 46 | O25: =(M25/N25)*100 -> 34.782609 | P25: =DOS!BF26 -> 9 | Q25: =DOS!BG26 -> 48 | R25: =(P25/Q25)*100 -> 18.75 | S25: ='OOPS LAB'!AE26 -> 12 | T25: ='OOPS LAB'!AF26 -> 48 | U25: =(S25/T25)*100 -> 25 | V25: ='DE LAB'!AE26 -> 10 | W25: ='DE LAB'!AF26 -> 30 | X25: =(V25/W25)*100 -> 33.333333 | Y25: ='DSA LAB'!AE26 -> 18 | Z25: ='DSA LAB'!AF26 -> 41 | AA25: =(Y25/Z25)*100 -> 43.902439 | AB25: ='IT WORKSHOP'!AM26 -> 10 | AC25: ='IT WORKSHOP'!AN26 -> 33 | AD25: =(AB25/AC25)*100 -> 30.30303 | AE25: =D25+G25+J25+M25+P25+S25+V25+Y25+AB25 -> 130 | AF25: =E25+H25+K25+N25+T25+W25+Z25+Q25+AC25 -> 400 | AG25: =AE25/AF25 -> 0.325
A26: 23 | B26: 2301259 | C26: Riya Thakur | D26: =DSA!BF27 -> 27 | E26: =DSA!BG27 -> 41 | F26: =(D26/E26)*100 -> 65.853659 | G26: ='M-III'!BF27 -> 43 | H26: ='M-III'!BG26 -> 65 | I26: =(G26/H26)*100 -> 66.153846 | J26: =OOPS!BG27 -> 31 | K26: =OOPS!BH27 -> 48 | L26: =(J26/K26)*100 -> 64.583333 | M26: =DE!BF27 -> 34 | N26: =DE!BG27 -> 46 | O26: =(M26/N26)*100 -> 73.913043 | P26: =DOS!BF27 -> 29 | Q26: =DOS!BG27 -> 48 | R26: =(P26/Q26)*100 -> 60.416667 | S26: ='OOPS LAB'!AE27 -> 31 | T26: ='OOPS LAB'!AF27 -> 48 | U26: =(S26/T26)*100 -> 64.583333 | V26: ='DE LAB'!AE27 -> 20 | W26: ='DE LAB'!AF27 -> 30 | X26: =(V26/W26)*100 -> 66.666667 | Y26: ='DSA LAB'!AE27 -> 25 | Z26: ='DSA LAB'!AF27 -> 41 | AA26: =(Y26/Z26)*100 -> 60.97561 | AB26: ='IT WORKSHOP'!AM27 -> 23 | AC26: ='IT WORKSHOP'!AN27 -> 33 | AD26: =(AB26/AC26)*100 -> 69.69697 | AE26: =D26+G26+J26+M26+P26+S26+V26+Y26+AB26 -> 263 | AF26: =E26+H26+K26+N26+T26+W26+Z26+Q26+AC26 -> 400 | AG26: =AE26/AF26 -> 0.6575
A27: 24 | B27: 2301260 | C27: Rounit Dhiman | D27: =DSA!BF28 -> 35 | E27: =DSA!BG28 -> 41 | F27: =(D27/E27)*100 -> 85.365854 | G27: ='M-III'!BF28 -> 52 | H27: ='M-III'!BG27 -> 65 | I27: =(G27/H27)*100 -> 80 | J27: =OOPS!BG28 -> 33 | K27: =OOPS!BH28 -> 48 | L27: =(J27/K27)*100 -> 68.75 | M27: =DE!BF28 -> 29 | N27: =DE!BG28 -> 46 | O27: =(M27/N27)*100 -> 63.043478 | P27: =DOS!BF28 -> 32 | Q27: =DOS!BG28 -> 48 | R27: =(P27/Q27)*100 -> 66.666667 | S27: ='OOPS LAB'!AE28 -> 29 | T27: ='OOPS LAB'!AF28 -> 48 | U27: =(S27/T27)*100 -> 60.416667 | V27: ='DE LAB'!AE28 -> 22 | W27: ='DE LAB'!AF28 -> 30 | X27: =(V27/W27)*100 -> 73.333333 | Y27: ='DSA LAB'!AE28 -> 31 | Z27: ='DSA LAB'!AF28 -> 41 | AA27: =(Y27/Z27)*100 -> 75.609756 | AB27: ='IT WORKSHOP'!AM28 -> 26 | AC27: ='IT WORKSHOP'!AN28 -> 33 | AD27: =(AB27/AC27)*100 -> 78.787879 | AE27: =D27+G27+J27+M27+P27+S27+V27+Y27+AB27 -> 289 | AF27: =E27+H27+K27+N27+T27+W27+Z27+Q27+AC27 -> 400 | AG27: =AE27/AF27 -> 0.7225
A28: 25 | B28: 2301261 | C28: Rubby Kumari | D28: =DSA!BF29 -> 27 | E28: =DSA!BG29 -> 41 | F28: =(D28/E28)*100 -> 65.853659 | G28: ='M-III'!BF29 -> 33 | H28: ='M-III'!BG28 -> 65 | I28: =(G28/H28)*100 -> 50.769231 | J28: =OOPS!BG29 -> 8 | K28: =OOPS!BH29 -> 48 | L28: =(J28/K28)*100 -> 16.666667 | M28: =DE!BF29 -> 16 | N28: =DE!BG29 -> 46 | O28: =(M28/N28)*100 -> 34.782609 | P28: =DOS!BF29 -> 20 | Q28: =DOS!BG29 -> 48 | R28: =(P28/Q28)*100 -> 41.666667 | S28: ='OOPS LAB'!AE29 -> 24 | T28: ='OOPS LAB'!AF29 -> 48 | U28: =(S28/T28)*100 -> 50 | V28: ='DE LAB'!AE29 -> 14 | W28: ='DE LAB'!AF29 -> 30 | X28: =(V28/W28)*100 -> 46.666667 | Y28: ='DSA LAB'!AE29 -> 38 | Z28: ='DSA LAB'!AF29 -> 41 | AA28: =(Y28/Z28)*100 -> 92.682927 | AB28: ='IT WORKSHOP'!AM29 -> 20 | AC28: ='IT WORKSHOP'!AN29 -> 33 | AD28: =(AB28/AC28)*100 -> 60.606061 | AE28: =D28+G28+J28+M28+P28+S28+V28+Y28+AB28 -> 200 | AF28: =E28+H28+K28+N28+T28+W28+Z28+Q28+AC28 -> 400 | AG28: =AE28/AF28 -> 0.5
A29: 26 | B29: 2301262 | C29: Sakshi Devi | D29: =DSA!BF30 -> 33 | E29: =DSA!BG30 -> 41 | F29: =(D29/E29)*100 -> 80.487805 | G29: ='M-III'!BF30 -> 46 | H29: ='M-III'!BG29 -> 65 | I29: =(G29/H29)*100 -> 70.769231 | J29: =OOPS!BG30 -> 30 | K29: =OOPS!BH30 -> 48 | L29: =(J29/K29)*100 -> 62.5 | M29: =DE!BF30 -> 35 | N29: =DE!BG30 -> 46 | O29: =(M29/N29)*100 -> 76.086957 | P29: =DOS!BF30 -> 30 | Q29: =DOS!BG30 -> 48 | R29: =(P29/Q29)*100 -> 62.5 | S29: ='OOPS LAB'!AE30 -> 28 | T29: ='OOPS LAB'!AF30 -> 48 | U29: =(S29/T29)*100 -> 58.333333 | V29: ='DE LAB'!AE30 -> 22 | W29: ='DE LAB'!AF30 -> 30 | X29: =(V29/W29)*100 -> 73.333333 | Y29: ='DSA LAB'!AE30 -> 31 | Z29: ='DSA LAB'!AF30 -> 41 | AA29: =(Y29/Z29)*100 -> 75.609756 | AB29: ='IT WORKSHOP'!AM30 -> 25 | AC29: ='IT WORKSHOP'!AN30 -> 33 | AD29: =(AB29/AC29)*100 -> 75.757576 | AE29: =D29+G29+J29+M29+P29+S29+V29+Y29+AB29 -> 280 | AF29: =E29+H29+K29+N29+T29+W29+Z29+Q29+AC29 -> 400 | AG29: =AE29/AF29 -> 0.7
A30: 27 | B30: 2301263 | C30: Sanchi Sharma | D30: =DSA!BF31 -> 38 | E30: =DSA!BG31 -> 41 | F30: =(D30/E30)*100 -> 92.682927 | G30: ='M-III'!BF31 -> 57 | H30: ='M-III'!BG30 -> 65 | I30: =(G30/H30)*100 -> 87.692308 | J30: =OOPS!BG31 -> 43 | K30: =OOPS!BH31 -> 48 | L30: =(J30/K30)*100 -> 89.583333 | M30: =DE!BF31 -> 40 | N30: =DE!BG31 -> 46 | O30: =(M30/N30)*100 -> 86.956522 | P30: =DOS!BF31 -> 47 | Q30: =DOS!BG31 -> 48 | R30: =(P30/Q30)*100 -> 97.916667 | S30: ='OOPS LAB'!AE31 -> 48 | T30: ='OOPS LAB'!AF31 -> 48 | U30: =(S30/T30)*100 -> 100 | V30: ='DE LAB'!AE31 -> 28 | W30: ='DE LAB'!AF31 -> 30 | X30: =(V30/W30)*100 -> 93.333333 | Y30: ='DSA LAB'!AE31 -> 37 | Z30: ='DSA LAB'!AF31 -> 41 | AA30: =(Y30/Z30)*100 -> 90.243902 | AB30: ='IT WORKSHOP'!AM31 -> 31 | AC30: ='IT WORKSHOP'!AN31 -> 33 | AD30: =(AB30/AC30)*100 -> 93.939394 | AE30: =D30+G30+J30+M30+P30+S30+V30+Y30+AB30 -> 369 | AF30: =E30+H30+K30+N30+T30+W30+Z30+Q30+AC30 -> 400 | AG30: =AE30/AF30 -> 0.9225
A31: 28 | B31: 2301264 | C31: Sarbjit Singh | D31: =DSA!BF32 -> 20 | E31: =DSA!BG32 -> 41 | F31: =(D31/E31)*100 -> 48.780488 | G31: ='M-III'!BF32 -> 13 | H31: ='M-III'!BG31 -> 65 | I31: =(G31/H31)*100 -> 20 | J31: =OOPS!BG32 -> 14 | K31: =OOPS!BH32 -> 48 | L31: =(J31/K31)*100 -> 29.166667 | M31: =DE!BF32 -> 22 | N31: =DE!BG32 -> 46 | O31: =(M31/N31)*100 -> 47.826087 | P31: =DOS!BF32 -> 8 | Q31: =DOS!BG32 -> 48 | R31: =(P31/Q31)*100 -> 16.666667 | S31: ='OOPS LAB'!AE32 -> 13 | T31: ='OOPS LAB'!AF32 -> 48 | U31: =(S31/T31)*100 -> 27.083333 | V31: ='DE LAB'!AE32 -> 10 | W31: ='DE LAB'!AF32 -> 30 | X31: =(V31/W31)*100 -> 33.333333 | Y31: ='DSA LAB'!AE32 -> 26 | Z31: ='DSA LAB'!AF32 -> 41 | AA31: =(Y31/Z31)*100 -> 63.414634 | AB31: ='IT WORKSHOP'!AM32 -> 10 | AC31: ='IT WORKSHOP'!AN32 -> 33 | AD31: =(AB31/AC31)*100 -> 30.30303 | AE31: =D31+G31+J31+M31+P31+S31+V31+Y31+AB31 -> 136 | AF31: =E31+H31+K31+N31+T31+W31+Z31+Q31+AC31 -> 400 | AG31: =AE31/AF31 -> 0.34
A32: 29 | B32: 2301265 | C32: Sarif Mayangmayum | D32: =DSA!BF33 -> 38 | E32: =DSA!BG33 -> 41 | F32: =(D32/E32)*100 -> 92.682927 | G32: ='M-III'!BF33 -> 52 | H32: ='M-III'!BG32 -> 65 | I32: =(G32/H32)*100 -> 80 | J32: =OOPS!BG33 -> 40 | K32: =OOPS!BH33 -> 48 | L32: =(J32/K32)*100 -> 83.333333 | M32: =DE!BF33 -> 35 | N32: =DE!BG33 -> 46 | O32: =(M32/N32)*100 -> 76.086957 | P32: =DOS!BF33 -> 37 | Q32: =DOS!BG33 -> 48 | R32: =(P32/Q32)*100 -> 77.083333 | S32: ='OOPS LAB'!AE33 -> 33 | T32: ='OOPS LAB'!AF33 -> 48 | U32: =(S32/T32)*100 -> 68.75 | V32: ='DE LAB'!AE33 -> 26 | W32: ='DE LAB'!AF33 -> 30 | X32: =(V32/W32)*100 -> 86.666667 | Y32: ='DSA LAB'!AE33 -> 40 | Z32: ='DSA LAB'!AF33 -> 41 | AA32: =(Y32/Z32)*100 -> 97.560976 | AB32: ='IT WORKSHOP'!AM33 -> 15 | AC32: ='IT WORKSHOP'!AN33 -> 33 | AD32: =(AB32/AC32)*100 -> 45.454545 | AE32: =D32+G32+J32+M32+P32+S32+V32+Y32+AB32 -> 316 | AF32: =E32+H32+K32+N32+T32+W32+Z32+Q32+AC32 -> 400 | AG32: =AE32/AF32 -> 0.79
A33: 30 | B33: 2301267 | C33: Shivam Kumar Chaubey | D33: =DSA!BF34 -> 35 | E33: =DSA!BG34 -> 41 | F33: =(D33/E33)*100 -> 85.365854 | G33: ='M-III'!BF34 -> 54 | H33: ='M-III'!BG33 -> 65 | I33: =(G33/H33)*100 -> 83.076923 | J33: =OOPS!BG34 -> 40 | K33: =OOPS!BH34 -> 48 | L33: =(J33/K33)*100 -> 83.333333 | M33: =DE!BF34 -> 38 | N33: =DE!BG34 -> 46 | O33: =(M33/N33)*100 -> 82.608696 | P33: =DOS!BF34 -> 37 | Q33: =DOS!BG34 -> 48 | R33: =(P33/Q33)*100 -> 77.083333 | S33: ='OOPS LAB'!AE34 -> 39 | T33: ='OOPS LAB'!AF34 -> 48 | U33: =(S33/T33)*100 -> 81.25 | V33: ='DE LAB'!AE34 -> 24 | W33: ='DE LAB'!AF34 -> 30 | X33: =(V33/W33)*100 -> 80 | Y33: ='DSA LAB'!AE34 -> 40 | Z33: ='DSA LAB'!AF34 -> 41 | AA33: =(Y33/Z33)*100 -> 97.560976 | AB33: ='IT WORKSHOP'!AM34 -> 26 | AC33: ='IT WORKSHOP'!AN34 -> 33 | AD33: =(AB33/AC33)*100 -> 78.787879 | AE33: =D33+G33+J33+M33+P33+S33+V33+Y33+AB33 -> 333 | AF33: =E33+H33+K33+N33+T33+W33+Z33+Q33+AC33 -> 400 | AG33: =AE33/AF33 -> 0.8325
A34: 31 | B34: 2301268 | C34: Simba Godfrey | D34: =DSA!BF35 -> 26 | E34: =DSA!BG35 -> 41 | F34: =(D34/E34)*100 -> 63.414634 | G34: ='M-III'!BF35 -> 35 | H34: ='M-III'!BG34 -> 65 | I34: =(G34/H34)*100 -> 53.846154 | J34: =OOPS!BG35 -> 24 | K34: =OOPS!BH35 -> 48 | L34: =(J34/K34)*100 -> 50 | M34: =DE!BF35 -> 33 | N34: =DE!BG35 -> 46 | O34: =(M34/N34)*100 -> 71.73913 | P34: =DOS!BF35 -> 29 | Q34: =DOS!BG35 -> 48 | R34: =(P34/Q34)*100 -> 60.416667 | S34: ='OOPS LAB'!AE35 -> 29 | T34: ='OOPS LAB'!AF35 -> 48 | U34: =(S34/T34)*100 -> 60.416667 | V34: ='DE LAB'!AE35 -> 16 | W34: ='DE LAB'!AF35 -> 30 | X34: =(V34/W34)*100 -> 53.333333 | Y34: ='DSA LAB'!AE35 -> 20 | Z34: ='DSA LAB'!AF35 -> 41 | AA34: =(Y34/Z34)*100 -> 48.780488 | AB34: ='IT WORKSHOP'!AM35 -> 20 | AC34: ='IT WORKSHOP'!AN35 -> 33 | AD34: =(AB34/AC34)*100 -> 60.606061 | AE34: =D34+G34+J34+M34+P34+S34+V34+Y34+AB34 -> 232 | AF34: =E34+H34+K34+N34+T34+W34+Z34+Q34+AC34 -> 400 | AG34: =AE34/AF34 -> 0.58
A35: 32 | B35: 2301269 | C35: Simran Kaur | D35: =DSA!BF36 -> 29 | E35: =DSA!BG36 -> 41 | F35: =(D35/E35)*100 -> 70.731707 | G35: ='M-III'!BF36 -> 47 | H35: ='M-III'!BG35 -> 65 | I35: =(G35/H35)*100 -> 72.307692 | J35: =OOPS!BG36 -> 35 | K35: =OOPS!BH36 -> 48 | L35: =(J35/K35)*100 -> 72.916667 | M35: =DE!BF36 -> 35 | N35: =DE!BG36 -> 46 | O35: =(M35/N35)*100 -> 76.086957 | P35: =DOS!BF36 -> 41 | Q35: =DOS!BG36 -> 48 | R35: =(P35/Q35)*100 -> 85.416667 | S35: ='OOPS LAB'!AE36 -> 32 | T35: ='OOPS LAB'!AF36 -> 48 | U35: =(S35/T35)*100 -> 66.666667 | V35: ='DE LAB'!AE36 -> 24 | W35: ='DE LAB'!AF36 -> 30 | X35: =(V35/W35)*100 -> 80 | Y35: ='DSA LAB'!AE36 -> 27 | Z35: ='DSA LAB'!AF36 -> 41 | AA35: =(Y35/Z35)*100 -> 65.853659 | AB35: ='IT WORKSHOP'!AM36 -> 28 | AC35: ='IT WORKSHOP'!AN36 -> 33 | AD35: =(AB35/AC35)*100 -> 84.848485 | AE35: =D35+G35+J35+M35+P35+S35+V35+Y35+AB35 -> 298 | AF35: =E35+H35+K35+N35+T35+W35+Z35+Q35+AC35 -> 400 | AG35: =AE35/AF35 -> 0.745
A36: 33 | B36: 2301270 | C36: Simranjit Singh | D36: =DSA!BF37 -> 34 | E36: =DSA!BG37 -> 41 | F36: =(D36/E36)*100 -> 82.926829 | G36: ='M-III'!BF37 -> 44 | H36: ='M-III'!BG36 -> 65 | I36: =(G36/H36)*100 -> 67.692308 | J36: =OOPS!BG37 -> 32 | K36: =OOPS!BH37 -> 48 | L36: =(J36/K36)*100 -> 66.666667 | M36: =DE!BF37 -> 28 | N36: =DE!BG37 -> 46 | O36: =(M36/N36)*100 -> 60.869565 | P36: =DOS!BF37 -> 25 | Q36: =DOS!BG37 -> 48 | R36: =(P36/Q36)*100 -> 52.083333 | S36: ='OOPS LAB'!AE37 -> 35 | T36: ='OOPS LAB'!AF37 -> 48 | U36: =(S36/T36)*100 -> 72.916667 | V36: ='DE LAB'!AE37 -> 24 | W36: ='DE LAB'!AF37 -> 30 | X36: =(V36/W36)*100 -> 80 | Y36: ='DSA LAB'!AE37 -> 35 | Z36: ='DSA LAB'!AF37 -> 41 | AA36: =(Y36/Z36)*100 -> 85.365854 | AB36: ='IT WORKSHOP'!AM37 -> 23 | AC36: ='IT WORKSHOP'!AN37 -> 33 | AD36: =(AB36/AC36)*100 -> 69.69697 | AE36: =D36+G36+J36+M36+P36+S36+V36+Y36+AB36 -> 280 | AF36: =E36+H36+K36+N36+T36+W36+Z36+Q36+AC36 -> 400 | AG36: =AE36/AF36 -> 0.7
A37: 34 | B37: 2301271 | C37: Sudip Sunar | D37: =DSA!BF38 -> 29 | E37: =DSA!BG38 -> 41 | F37: =(D37/E37)*100 -> 70.731707 | G37: ='M-III'!BF38 -> 53 | H37: ='M-III'!BG37 -> 65 | I37: =(G37/H37)*100 -> 81.538462 | J37: =OOPS!BG38 -> 33 | K37: =OOPS!BH38 -> 48 | L37: =(J37/K37)*100 -> 68.75 | M37: =DE!BF38 -> 31 | N37: =DE!BG38 -> 46 | O37: =(M37/N37)*100 -> 67.391304 | P37: =DOS!BF38 -> 35 | Q37: =DOS!BG38 -> 48 | R37: =(P37/Q37)*100 -> 72.916667 | S37: ='OOPS LAB'!AE38 -> 25 | T37: ='OOPS LAB'!AF38 -> 48 | U37: =(S37/T37)*100 -> 52.083333 | V37: ='DE LAB'!AE38 -> 22 | W37: ='DE LAB'!AF38 -> 30 | X37: =(V37/W37)*100 -> 73.333333 | Y37: ='DSA LAB'!AE38 -> 28 | Z37: ='DSA LAB'!AF38 -> 41 | AA37: =(Y37/Z37)*100 -> 68.292683 | AB37: ='IT WORKSHOP'!AM38 -> 23 | AC37: ='IT WORKSHOP'!AN38 -> 33 | AD37: =(AB37/AC37)*100 -> 69.69697 | AE37: =D37+G37+J37+M37+P37+S37+V37+Y37+AB37 -> 279 | AF37: =E37+H37+K37+N37+T37+W37+Z37+Q37+AC37 -> 400 | AG37: =AE37/AF37 -> 0.6975
... A46: 43 | B46: 2301280 | C46: Taniya | D46: =DSA!BF47 -> 33 | E46: =DSA!BG47 -> 41 | F46: =(D46/E46)*100 -> 80.487805 | G46: ='M-III'!BF47 -> 30 | H46: ='M-III'!BG46 -> 65 | I46: =(G46/H46)*100 -> 46.153846 | J46: =OOPS!BG47 -> 16 | K46: =OOPS!BH47 -> 48 | L46: =(J46/K46)*100 -> 33.333333 | M46: =DE!BF47 -> 21 | N46: =DE!BG47 -> 46 | O46: =(M46/N46)*100 -> 45.652174 | P46: =DOS!BF47 -> 23 | Q46: =DOS!BG47 -> 48 | R46: =(P46/Q46)*100 -> 47.916667 | S46: ='OOPS LAB'!AE47 -> 14 | T46: ='OOPS LAB'!AF47 -> 48 | U46: =(S46/T46)*100 -> 29.166667 | V46: ='DE LAB'!AE47 -> 20 | W46: ='DE LAB'!AF47 -> 30 | X46: =(V46/W46)*100 -> 66.666667 | Y46: ='DSA LAB'!AE47 -> 11 | Z46: ='DSA LAB'!AF47 -> 41 | AA46: =(Y46/Z46)*100 -> 26.829268 | AB46: ='IT WORKSHOP'!AM47 -> 13 | AC46: ='IT WORKSHOP'!AN47 -> 33 | AD46: =(AB46/AC46)*100 -> 39.393939 | AE46: =D46+G46+J46+M46+P46+S46+V46+Y46+AB46 -> 181 | AF46: =E46+H46+K46+N46+T46+W46+Z46+Q46+AC46 -> 400 | AG46: =AE46/AF46 -> 0.4525
A47: 44 | B47: 2301281 | C47: Taziko Trakha | D47: =DSA!BF48 -> 35 | E47: =DSA!BG48 -> 41 | F47: =(D47/E47)*100 -> 85.365854 | G47: ='M-III'!BF48 -> 49 | H47: ='M-III'!BG48 -> 65 | I47: =(G47/H47)*100 -> 75.384615 | J47: =OOPS!BG48 -> 31 | K47: =OOPS!BH48 -> 48 | L47: =(J47/K47)*100 -> 64.583333 | M47: =DE!BF48 -> 25 | N47: =DE!BG48 -> 46 | O47: =(M47/N47)*100 -> 54.347826 | P47: =DOS!BF48 -> 36 | Q47: =DOS!BG48 -> 48 | R47: =(P47/Q47)*100 -> 75 | S47: ='OOPS LAB'!AE48 -> 27 | T47: ='OOPS LAB'!AF48 -> 48 | U47: =(S47/T47)*100 -> 56.25 | V47: ='DE LAB'!AE48 -> 16 | W47: ='DE LAB'!AF48 -> 30 | X47: =(V47/W47)*100 -> 53.333333 | Y47: ='DSA LAB'!AE48 -> 30 | Z47: ='DSA LAB'!AF48 -> 41 | AA47: =(Y47/Z47)*100 -> 73.170732 | AB47: ='IT WORKSHOP'!AM48 -> 22 | AC47: ='IT WORKSHOP'!AN48 -> 33 | AD47: =(AB47/AC47)*100 -> 66.666667 | AE47: =D47+G47+J47+M47+P47+S47+V47+Y47+AB47 -> 271 | AF47: =E47+H47+K47+N47+T47+W47+Z47+Q47+AC47 -> 400 | AG47: =AE47/AF47 -> 0.6775
A48: 45 | B48: 2301282 | C48: Uday Kumar | D48: =DSA!BF49 -> 17 | E48: =DSA!BG49 -> 41 | F48: =(D48/E48)*100 -> 41.463415 | G48: ='M-III'!BF49 -> 20 | H48: ='M-III'!BG49 -> 65 | I48: =(G48/H48)*100 -> 30.769231 | J48: =OOPS!BG49 -> 7 | K48: =OOPS!BH49 -> 48 | L48: =(J48/K48)*100 -> 14.583333 | M48: =DE!BF49 -> 17 | N48: =DE!BG49 -> 46 | O48: =(M48/N48)*100 -> 36.956522 | P48: =DOS!BF49 -> 9 | Q48: =DOS!BG49 -> 48 | R48: =(P48/Q48)*100 -> 18.75 | S48: ='OOPS LAB'!AE49 -> 12 | T48: ='OOPS LAB'!AF49 -> 48 | U48: =(S48/T48)*100 -> 25 | V48: ='DE LAB'!AE49 -> 18 | W48: ='DE LAB'!AF49 -> 30 | X48: =(V48/W48)*100 -> 60 | Y48: ='DSA LAB'!AE49 -> 12 | Z48: ='DSA LAB'!AF49 -> 41 | AA48: =(Y48/Z48)*100 -> 29.268293 | AB48: ='IT WORKSHOP'!AM49 -> 6 | AC48: ='IT WORKSHOP'!AN49 -> 33 | AD48: =(AB48/AC48)*100 -> 18.181818 | AE48: =D48+G48+J48+M48+P48+S48+V48+Y48+AB48 -> 118 | AF48: =E48+H48+K48+N48+T48+W48+Z48+Q48+AC48 -> 400 | AG48: =AE48/AF48 -> 0.295
A49: 46 | B49: 2301283 | C49: Vaibhav Shahi | D49: =DSA!BF50 -> 26 | E49: =DSA!BG50 -> 41 | F49: =(D49/E49)*100 -> 63.414634 | G49: ='M-III'!BF50 -> 30 | H49: ='M-III'!BG50 -> 65 | I49: =(G49/H49)*100 -> 46.153846 | J49: =OOPS!BG50 -> 13 | K49: =OOPS!BH50 -> 48 | L49: =(J49/K49)*100 -> 27.083333 | M49: =DE!BF50 -> 26 | N49: =DE!BG50 -> 46 | O49: =(M49/N49)*100 -> 56.521739 | P49: =DOS!BF50 -> 21 | Q49: =DOS!BG50 -> 48 | R49: =(P49/Q49)*100 -> 43.75 | S49: ='OOPS LAB'!AE50 -> 22 | T49: ='OOPS LAB'!AF50 -> 48 | U49: =(S49/T49)*100 -> 45.833333 | V49: ='DE LAB'!AE50 -> 10 | W49: ='DE LAB'!AF50 -> 30 | X49: =(V49/W49)*100 -> 33.333333 | Y49: ='DSA LAB'!AE50 -> 24 | Z49: ='DSA LAB'!AF50 -> 41 | AA49: =(Y49/Z49)*100 -> 58.536585 | AB49: ='IT WORKSHOP'!AM50 -> 9 | AC49: ='IT WORKSHOP'!AN50 -> 33 | AD49: =(AB49/AC49)*100 -> 27.272727 | AE49: =D49+G49+J49+M49+P49+S49+V49+Y49+AB49 -> 181 | AF49: =E49+H49+K49+N49+T49+W49+Z49+Q49+AC49 -> 400 | AG49: =AE49/AF49 -> 0.4525
A50: 47 | B50: 2301284 | C50: Vansh Kumar | D50: =DSA!BF51 -> 0 | E50: =DSA!BG51 -> 41 | F50: =(D50/E50)*100 -> 0 | G50: ='M-III'!BF51 -> 0 | H50: ='M-III'!BG51 -> 65 | I50: =(G50/H50)*100 -> 0 | J50: =OOPS!BG51 -> 0 | K50: =OOPS!BH51 -> 48 | L50: =(J50/K50)*100 -> 0 | M50: =DE!BF51 -> 3 | N50: =DE!BG51 -> 46 | O50: =(M50/N50)*100 -> 6.5217391 | P50: =DOS!BF51 -> 0 | Q50: =DOS!BG51 -> 48 | R50: =(P50/Q50)*100 -> 0 | S50: ='OOPS LAB'!AE51 -> 0 | T50: ='OOPS LAB'!AF51 -> 48 | U50: =(S50/T50)*100 -> 0 | V50: ='DE LAB'!AE51 -> 0 | W50: ='DE LAB'!AF51 -> 30 | X50: =(V50/W50)*100 -> 0 | Y50: ='DSA LAB'!AE51 -> 1 | Z50: ='DSA LAB'!AF51 -> 41 | AA50: =(Y50/Z50)*100 -> 2.4390244 | AB50: ='IT WORKSHOP'!AM51 -> 0 | AC50: ='IT WORKSHOP'!AN51 -> 33 | AD50: =(AB50/AC50)*100 -> 0 | AE50: =D50+G50+J50+M50+P50+S50+V50+Y50+AB50 -> 4 | AF50: =E50+H50+K50+N50+T50+W50+Z50+Q50+AC50 -> 400 | AG50: =AE50/AF50 -> 0.01
A51: 48 | B51: 2301285 | C51: Vansh Sharma | D51: =DSA!BF52 -> 25 | E51: =DSA!BG52 -> 41 | F51: =(D51/E51)*100 -> 60.97561 | G51: ='M-III'!BF52 -> 33 | H51: ='M-III'!BG52 -> 65 | I51: =(G51/H51)*100 -> 50.769231 | J51: =OOPS!BG52 -> 24 | K51: =OOPS!BH52 -> 48 | L51: =(J51/K51)*100 -> 50 | M51: =DE!BF52 -> 30 | N51: =DE!BG52 -> 46 | O51: =(M51/N51)*100 -> 65.217391 | P51: =DOS!BF52 -> 25 | Q51: =DOS!BG52 -> 48 | R51: =(P51/Q51)*100 -> 52.083333 | S51: ='OOPS LAB'!AE52 -> 29 | T51: ='OOPS LAB'!AF52 -> 48 | U51: =(S51/T51)*100 -> 60.416667 | V51: ='DE LAB'!AE52 -> 20 | W51: ='DE LAB'!AF52 -> 30 | X51: =(V51/W51)*100 -> 66.666667 | Y51: ='DSA LAB'!AE52 -> 27 | Z51: ='DSA LAB'!AF52 -> 41 | AA51: =(Y51/Z51)*100 -> 65.853659 | AB51: ='IT WORKSHOP'!AM52 -> 23 | AC51: ='IT WORKSHOP'!AN52 -> 33 | AD51: =(AB51/AC51)*100 -> 69.69697 | AE51: =D51+G51+J51+M51+P51+S51+V51+Y51+AB51 -> 236 | AF51: =E51+H51+K51+N51+T51+W51+Z51+Q51+AC51 -> 400 | AG51: =AE51/AF51 -> 0.59
A52: 49 | B52: 2301286 | C52: Vikramjit Singh | D52: =DSA!BF53 -> 0 | E52: =DSA!BG53 -> 41 | F52: =(D52/E52)*100 -> 0 | G52: ='M-III'!BF53 -> 1 | H52: ='M-III'!BG53 -> 65 | I52: =(G52/H52)*100 -> 1.5384615 | J52: =OOPS!BG53 -> 3 | K52: =OOPS!BH53 -> 48 | L52: =(J52/K52)*100 -> 6.25 | M52: =DE!BF53 -> 6 | N52: =DE!BG53 -> 46 | O52: =(M52/N52)*100 -> 13.043478 | P52: =DOS!BF53 -> 2 | Q52: =DOS!BG53 -> 48 | R52: =(P52/Q52)*100 -> 4.1666667 | S52: ='OOPS LAB'!AE53 -> 2 | T52: ='OOPS LAB'!AF53 -> 48 | U52: =(S52/T52)*100 -> 4.1666667 | V52: ='DE LAB'!AE53 -> 0 | W52: ='DE LAB'!AF53 -> 30 | X52: =(V52/W52)*100 -> 0 | Y52: ='DSA LAB'!AE53 -> 6 | Z52: ='DSA LAB'!AF53 -> 41 | AA52: =(Y52/Z52)*100 -> 14.634146 | AB52: ='IT WORKSHOP'!AM53 -> 1 | AC52: ='IT WORKSHOP'!AN53 -> 33 | AD52: =(AB52/AC52)*100 -> 3.030303 | AE52: =D52+G52+J52+M52+P52+S52+V52+Y52+AB52 -> 21 | AF52: =E52+H52+K52+N52+T52+W52+Z52+Q52+AC52 -> 400 | AG52: =AE52/AF52 -> 0.0525
A53: 50 | B53: 2301287 | C53: Vishavjit Singh | D53: =DSA!BF54 -> 0 | E53: =DSA!BG54 -> 41 | F53: =(D53/E53)*100 -> 0 | G53: ='M-III'!BF54 -> 1 | H53: ='M-III'!BG54 -> 65 | I53: =(G53/H53)*100 -> 1.5384615 | J53: =OOPS!BG54 -> 4 | K53: =OOPS!BH54 -> 48 | L53: =(J53/K53)*100 -> 8.3333333 | M53: =DE!BF54 -> 4 | N53: =DE!BG54 -> 46 | O53: =(M53/N53)*100 -> 8.6956522 | P53: =DOS!BF54 -> 1 | Q53: =DOS!BG54 -> 48 | R53: =(P53/Q53)*100 -> 2.0833333 | S53: ='OOPS LAB'!AE54 -> 2 | T53: ='OOPS LAB'!AF54 -> 48 | U53: =(S53/T53)*100 -> 4.1666667 | V53: ='DE LAB'!AE54 -> 0 | W53: ='DE LAB'!AF54 -> 30 | X53: =(V53/W53)*100 -> 0 | Y53: ='DSA LAB'!AE54 -> 9 | Z53: ='DSA LAB'!AF54 -> 41 | AA53: =(Y53/Z53)*100 -> 21.95122 | AB53: ='IT WORKSHOP'!AM54 -> 7 | AC53: ='IT WORKSHOP'!AN54 -> 33 | AD53: =(AB53/AC53)*100 -> 21.212121 | AE53: =D53+G53+J53+M53+P53+S53+V53+Y53+AB53 -> 28 | AF53: =E53+H53+K53+N53+T53+W53+Z53+Q53+AC53 -> 400 | AG53: =AE53/AF53 -> 0.07
A54: 51 | B54: 2339508 | C54: TANISHA | D54: =DSA!BF55 -> 32 | E54: =DSA!BG55 -> 41 | F54: =(D54/E54)*100 -> 78.04878 | G54: ='M-III'!BF55 -> 48 | H54: ='M-III'!BG55 -> 65 | I54: =(G54/H54)*100 -> 73.846154 | J54: =OOPS!BG55 -> 38 | K54: =OOPS!BH55 -> 48 | L54: =(J54/K54)*100 -> 79.166667 | M54: =DE!BF55 -> 29 | N54: =DE!BG55 -> 46 | O54: =(M54/N54)*100 -> 63.043478 | P54: =DOS!BF55 -> 33 | Q54: =DOS!BG55 -> 48 | R54: =(P54/Q54)*100 -> 68.75 | S54: ='OOPS LAB'!AE55 -> 40 | T54: ='OOPS LAB'!AF55 -> 48 | U54: =(S54/T54)*100 -> 83.333333 | V54: ='DE LAB'!AE55 -> 22 | W54: ='DE LAB'!AF55 -> 30 | X54: =(V54/W54)*100 -> 73.333333 | Y54: ='DSA LAB'!AE55 -> 31 | Z54: ='DSA LAB'!AF55 -> 41 | AA54: =(Y54/Z54)*100 -> 75.609756 | AB54: ='IT WORKSHOP'!AM55 -> 26 | AC54: ='IT WORKSHOP'!AN55 -> 33 | AD54: =(AB54/AC54)*100 -> 78.787879 | AE54: =D54+G54+J54+M54+P54+S54+V54+Y54+AB54 -> 299 | AF54: =E54+H54+K54+N54+T54+W54+Z54+Q54+AC54 -> 400 | AG54: =AE54/AF54 -> 0.7475
A55: 52 | B55: 2339509 | C55: TOHIED AHMED | D55: =DSA!BF56 -> 0 | E55: =DSA!BG56 -> 41 | F55: =(D55/E55)*100 -> 0 | G55: ='M-III'!BF56 -> 0 | H55: ='M-III'!BG56 -> 65 | I55: =(G55/H55)*100 -> 0 | J55: =OOPS!BG56 -> 0 | K55: =OOPS!BH56 -> 48 | L55: =(J55/K55)*100 -> 0 | M55: =DE!BF56 -> 0 | N55: =DE!BG56 -> 46 | O55: =(M55/N55)*100 -> 0 | P55: =DOS!BF56 -> 0 | Q55: =DOS!BG56 -> 48 | R55: =(P55/Q55)*100 -> 0 | S55: ='OOPS LAB'!AE56 -> 0 | T55: ='OOPS LAB'!AF56 -> 48 | U55: =(S55/T55)*100 -> 0 | V55: ='DE LAB'!AE56 -> 0 | W55: ='DE LAB'!AF56 -> 30 | X55: =(V55/W55)*100 -> 0 | Y55: ='DSA LAB'!AE56 -> 0 | Z55: ='DSA LAB'!AF56 -> 41 | AA55: =(Y55/Z55)*100 -> 0 | AB55: ='IT WORKSHOP'!AM56 -> 0 | AC55: ='IT WORKSHOP'!AN56 -> 33 | AD55: =(AB55/AC55)*100 -> 0 | AE55: =D55+G55+J55+M55+P55+S55+V55+Y55+AB55 -> 0 | AF55: =E55+H55+K55+N55+T55+W55+Z55+Q55+AC55 -> 400 | AG55: =AE55/AF55 -> 0
A56: 53 | B56: 2301207 | C56: Harsh thakur | D56: =DSA!BF57 -> 0 | E56: =DSA!BG57 -> 41 | F56: =(D56/E56)*100 -> 0 | G56: ='M-III'!BF57 -> 0 | H56: ='M-III'!BG57 -> 65 | I56: =(G56/H56)*100 -> 0 | J56: =OOPS!BG57 -> 0 | K56: =OOPS!BH57 -> 48 | L56: =(J56/K56)*100 -> 0 | M56: =DE!BF57 -> 0 | N56: =DE!BG57 -> 46 | O56: =(M56/N56)*100 -> 0 | P56: =DOS!BF57 -> 0 | Q56: =DOS!BG57 -> 48 | R56: =(P56/Q56)*100 -> 0 | S56: ='OOPS LAB'!AE57 -> 0 | T56: ='OOPS LAB'!AF57 -> 48 | U56: =(S56/T56)*100 -> 0 | V56: ='DE LAB'!AE57 -> 0 | W56: ='DE LAB'!AF57 -> 30 | X56: =(V56/W56)*100 -> 0 | Y56: ='DSA LAB'!AE57 -> 0 | Z56: ='DSA LAB'!AF57 -> 41 | AA56: =(Y56/Z56)*100 -> 0 | AB56: ='IT WORKSHOP'!AM57 -> 0 | AC56: ='IT WORKSHOP'!AN57 -> 33 | AD56: =(AB56/AC56)*100 -> 0 | AE56: =D56+G56+J56+M56+P56+S56+V56+Y56+AB56 -> 0 | AF56: =E56+H56+K56+N56+T56+W56+Z56+Q56+AC56 -> 400 | AG56: =AE56/AF56 -> 0
A57: 54 | B57: Leet | C57: Gagan | D57: =DSA!BF58 -> 33 | E57: =DSA!BG58 -> 41 | F57: =(D57/E57)*100 -> 80.487805 | G57: ='M-III'!BF58 -> 47 | H57: ='M-III'!BG58 -> 65 | I57: =(G57/H57)*100 -> 72.307692 | J57: =OOPS!BG58 -> 38 | K57: =OOPS!BH58 -> 48 | L57: =(J57/K57)*100 -> 79.166667 | M57: =DE!BF58 -> 34 | N57: =DE!BG58 -> 46 | O57: =(M57/N57)*100 -> 73.913043 | P57: =DOS!BF58 -> 33 | Q57: =DOS!BG58 -> 48 | R57: =(P57/Q57)*100 -> 68.75 | S57: ='OOPS LAB'!AE58 -> 32 | T57: ='OOPS LAB'!AF58 -> 48 | U57: =(S57/T57)*100 -> 66.666667 | V57: ='DE LAB'!AE58 -> 24 | W57: ='DE LAB'!AF58 -> 30 | X57: =(V57/W57)*100 -> 80 | Y57: ='DSA LAB'!AE58 -> 33 | Z57: ='DSA LAB'!AF58 -> 41 | AA57: =(Y57/Z57)*100 -> 80.487805 | AB57: ='IT WORKSHOP'!AM58 -> 22 | AC57: ='IT WORKSHOP'!AN58 -> 33 | AD57: =(AB57/AC57)*100 -> 66.666667 | AE57: =D57+G57+J57+M57+P57+S57+V57+Y57+AB57 -> 296 | AF57: =E57+H57+K57+N57+T57+W57+Z57+Q57+AC57 -> 400 | AG57: =AE57/AF57 -> 0.74
A58: 55 | B58: Leet | C58: Manisha | D58: =DSA!BF59 -> 37 | E58: =DSA!BG59 -> 41 | F58: =(D58/E58)*100 -> 90.243902 | G58: ='M-III'!BF59 -> 48 | H58: ='M-III'!BG59 -> 65 | I58: =(G58/H58)*100 -> 73.846154 | J58: =OOPS!BG59 -> 39 | K58: =OOPS!BH59 -> 48 | L58: =(J58/K58)*100 -> 81.25 | M58: =DE!BF59 -> 35 | N58: =DE!BG59 -> 46 | O58: =(M58/N58)*100 -> 76.086957 | P58: =DOS!BF59 -> 35 | Q58: =DOS!BG59 -> 48 | R58: =(P58/Q58)*100 -> 72.916667 | S58: ='OOPS LAB'!AE59 -> 41 | T58: ='OOPS LAB'!AF59 -> 48 | U58: =(S58/T58)*100 -> 85.416667 | V58: ='DE LAB'!AE59 -> 24 | W58: ='DE LAB'!AF59 -> 30 | X58: =(V58/W58)*100 -> 80 | Y58: ='DSA LAB'!AE59 -> 38 | Z58: ='DSA LAB'!AF59 -> 41 | AA58: =(Y58/Z58)*100 -> 92.682927 | AB58: ='IT WORKSHOP'!AM59 -> 25 | AC58: ='IT WORKSHOP'!AN59 -> 33 | AD58: =(AB58/AC58)*100 -> 75.757576 | AE58: =D58+G58+J58+M58+P58+S58+V58+Y58+AB58 -> 322 | AF58: =E58+H58+K58+N58+T58+W58+Z58+Q58+AC58 -> 400 | AG58: =AE58/AF58 -> 0.805
A59: 56 | B59: Leet | C59: Richa | D59: =DSA!BF60 -> 37 | E59: =DSA!BG60 -> 41 | F59: =(D59/E59)*100 -> 90.243902 | G59: ='M-III'!BF60 -> 57 | H59: ='M-III'!BG60 -> 65 | I59: =(G59/H59)*100 -> 87.692308 | J59: =OOPS!BG60 -> 43 | K59: =OOPS!BH60 -> 48 | L59: =(J59/K59)*100 -> 89.583333 | M59: =DE!BF60 -> 38 | N59: =DE!BG60 -> 46 | O59: =(M59/N59)*100 -> 82.608696 | P59: =DOS!BF60 -> 36 | Q59: =DOS!BG60 -> 48 | R59: =(P59/Q59)*100 -> 75 | S59: ='OOPS LAB'!AE60 -> 42 | T59: ='OOPS LAB'!AF60 -> 48 | U59: =(S59/T59)*100 -> 87.5 | V59: ='DE LAB'!AE60 -> 24 | W59: ='DE LAB'!AF60 -> 30 | X59: =(V59/W59)*100 -> 80 | Y59: ='DSA LAB'!AE60 -> 38 | Z59: ='DSA LAB'!AF60 -> 41 | AA59: =(Y59/Z59)*100 -> 92.682927 | AB59: ='IT WORKSHOP'!AM60 -> 29 | AC59: ='IT WORKSHOP'!AN60 -> 33 | AD59: =(AB59/AC59)*100 -> 87.878788 | AE59: =D59+G59+J59+M59+P59+S59+V59+Y59+AB59 -> 344 | AF59: =E59+H59+K59+N59+T59+W59+Z59+Q59+AC59 -> 400 | AG59: =AE59/AF59 -> 0.86
A60: 57 | B60: Leet | C60: Prakriti | D60: =DSA!BF61 -> 26 | E60: =DSA!BG61 -> 27 | F60: =(D60/E60)*100 -> 96.296296 | G60: ='M-III'!BF61 -> 42 | H60: ='M-III'!BG61 -> 48 | I60: =(G60/H60)*100 -> 87.5 | J60: =OOPS!BG61 -> 33 | K60: 33 | L60: =(J60/K60)*100 -> 100 | M60: =DE!BF61 -> 28 | N60: =DE!BG61 -> 33 | O60: =(M60/N60)*100 -> 84.848485 | P60: =DOS!BF61 -> 30 | Q60: =DOS!BG61 -> 32 | R60: =(P60/Q60)*100 -> 93.75 | S60: ='OOPS LAB'!AE61 -> 29 | T60: ='OOPS LAB'!AF61 -> 30 | U60: =(S60/T60)*100 -> 96.666667 | V60: ='DE LAB'!AE61 -> 20 | W60: ='DE LAB'!AF61 -> 20 | X60: =(V60/W60)*100 -> 100 | Y60: ='DSA LAB'!AE61 -> 28 | Z60: ='DSA LAB'!AF61 -> 41 | AA60: =(Y60/Z60)*100 -> 68.292683 | AB60: ='IT WORKSHOP'!AM61 -> 20 | AC60: ='IT WORKSHOP'!AN61 -> 21 | AD60: =(AB60/AC60)*100 -> 95.238095 | AE60: =D60+G60+J60+M60+P60+S60+V60+Y60+AB60 -> 256 | AF60: =E60+H60+K60+N60+T60+W60+Z60+Q60+AC60 -> 285 | AG60: =AE60/AF60 -> 0.89824561
A61: 58 | B61: leet | C61: Shubham | D61: =DSA!BF62 -> 18 | E61: =DSA!BG62 -> 21 | F61: =(D61/E61)*100 -> 85.714286 | G61: ='M-III'!BF62 -> 31 | H61: ='M-III'!BG62 -> 35 | I61: =(G61/H61)*100 -> 88.571429 | J61: =OOPS!BG62 -> 20 | K61: 25 | L61: =(J61/K61)*100 -> 80 | M61: =DE!BF62 -> 19 | N61: =DE!BG62 -> 26 | O61: =(M61/N61)*100 -> 73.076923 | P61: =DOS!BF62 -> 17 | Q61: =DOS!BG62 -> 23 | R61: =(P61/Q61)*100 -> 73.913043 | S61: ='OOPS LAB'!AE62 -> 21 | T61: ='OOPS LAB'!AF62 -> 22 | U61: =(S61/T61)*100 -> 95.454545 | V61: ='DE LAB'!AE62 -> 10 | W61: ='DE LAB'!AF62 -> 14 | X61: =(V61/W61)*100 -> 71.428571 | Y61: ='DSA LAB'!AE62 -> 20 | Z61: ='DSA LAB'!AF62 -> 41 | AA61: =(Y61/Z61)*100 -> 48.780488 | AB61: ='IT WORKSHOP'!AM62 -> 11 | AC61: ='IT WORKSHOP'!AN62 -> 15 | AD61: =(AB61/AC61)*100 -> 73.333333 | AE61: =D61+G61+J61+M61+P61+S61+V61+Y61+AB61 -> 167 | AF61: =E61+H61+K61+N61+T61+W61+Z61+Q61+AC61 -> 222 | AG61: =AE61/AF61 -> 0.75225225
H62: ='M-III'!BG63 -> 0

Sheet Internal
A1: INTERNAL RECORD JULY-NOVEMBER 2024 (B.Tech CSE 3B)
A2: Subjects | D2: DSA | E2: M-III | F2: OOPS | G2: DE | H2: DOS | I2: OOPS LAB | J2: DE LAB | K2: DSA LAB | L2: IT WORKSHOP
A3: S.No. | B3: Reg No. | C3: Name of Student | D3: 40 | E3: 40 | F3: 40 | G3: 40 | H3: 40 | I3: 30 | J3: 30 | K3: 30 | L3: 30
A4: =OVERALL!A4 -> 1 | B4: =OVERALL!B4 -> 2301236 | C4: =OVERALL!C4 -> Manmohan Singh | D4: =DSA!BX9 -> 17 | E4: ='M-III'!BZ9 -> 13 | F4: =OOPS!CA9 -> 14 | G4: =DE!BY9 -> 16 | H4: =DOS!BX9 -> 10 | I4: ='OOPS LAB'!AS8 -> 13 | J4: ='DE LAB'!AS8 -> 12 | K4: ='DSA LAB'!AS8 -> 13 | L4: ='IT WORKSHOP'!BA8 -> 10
A5: =OVERALL!A5 -> 2 | B5: =OVERALL!B5 -> 2301237 | C5: =OVERALL!C5 -> Manpreet Kaur | D5: =DSA!BX10 -> 33 | E5: ='M-III'!BZ10 -> 29 | F5: =OOPS!CA10 -> 26 | G5: =DE!BY10 -> 33 | H5: =DOS!BX10 -> 32 | I5: ='OOPS LAB'!AS9 -> 22 | J5: ='DE LAB'!AS9 -> 20 | K5: ='DSA LAB'!AS9 -> 16 | L5: ='IT WORKSHOP'!BA9 -> 22
A6: =OVERALL!A6 -> 3 | B6: =OVERALL!B6 -> 2301238 | C6: =OVERALL!C6 -> Md Warish Chesam | D6: =DSA!BX11 -> 23 | E6: ='M-III'!BZ11 -> 24 | F6: =OOPS!CA11 -> 19 | G6: =DE!BY11 -> 24 | H6: =DOS!BX11 -> 17 | I6: ='OOPS LAB'!AS10 -> 17 | J6: ='DE LAB'!AS10 -> 24 | K6: ='DSA LAB'!AS10 -> 20 | L6: ='IT WORKSHOP'!BA10 -> 16
A7: =OVERALL!A7 -> 4 | B7: =OVERALL!B7 -> 2301239 | C7: =OVERALL!C7 -> Mohd Shahid Afridi | D7: =DSA!BX12 -> 0 | E7: ='M-III'!BZ12 -> 0 | F7: =OOPS!CA12 -> 0 | G7: =DE!BY12 -> 2 | H7: =DOS!BX12 -> 0 | I7: ='OOPS LAB'!AS11 -> 0 | J7: ='DE LAB'!AS11 -> 2 | K7: ='DSA LAB'!AS11 -> 0 | L7: ='IT WORKSHOP'!BA11 -> 0
A8: =OVERALL!A8 -> 5 | B8: =OVERALL!B8 -> 2301240 | C8: =OVERALL!C8 -> Munisha | D8: =DSA!BX13 -> 29 | E8: ='M-III'!BZ13 -> 22 | F8: =OOPS!CA13 -> 18 | G8: =DE!BY13 -> 24 | H8: =DOS!BX13 -> 21 | I8: ='OOPS LAB'!AS12 -> 21 | J8: ='DE LAB'!AS12 -> 20 | K8: ='DSA LAB'!AS12 -> 19 | L8: ='IT WORKSHOP'!BA12 -> 24
A9: =OVERALL!A9 -> 6 | B9: =OVERALL!B9 -> 2301241 | C9: =OVERALL!C9 -> Nikhil Kumar Thakur | D9: =DSA!BX14 -> 33 | E9: ='M-III'!BZ14 -> 28 | F9: =OOPS!CA14 -> 24 | G9: =DE!BY14 -> 28 | H9: =DOS!BX14 -> 27 | I9: ='OOPS LAB'!AS13 -> 24 | J9: ='DE LAB'!AS13 -> 23 | K9: ='DSA LAB'!AS13 -> 25 | L9: ='IT WORKSHOP'!BA13 -> 27
A10: =OVERALL!A10 -> 7 | B10: =OVERALL!B10 -> 2301242 | C10: =OVERALL!C10 -> Palak Pathania | D10: =DSA!BX15 -> 32 | E10: ='M-III'!BZ15 -> 27 | F10: =OOPS!CA15 -> 30 | G10: =DE!BY15 -> 24 | H10: =DOS!BX15 -> 22 | I10: ='OOPS LAB'!AS14 -> 25 | J10: ='DE LAB'!AS14 -> 21 | K10: ='DSA LAB'!AS14 -> 23 | L10: ='IT WORKSHOP'!BA14 -> 16
A11: =OVERALL!A11 -> 8 | B11: =OVERALL!B11 -> 2301243 | C11: =OVERALL!C11 -> Pardeep Singh | D11: =DSA!BX16 -> 16 | E11: ='M-III'!BZ16 -> 19 | F11: =OOPS!CA16 -> 19 | G11: =DE!BY16 -> 21 | H11: =DOS!BX16 -> 17 | I11: ='OOPS LAB'!AS15 -> 19 | J11: ='DE LAB'!AS15 -> 14 | K11: ='DSA LAB'!AS15 -> 20 | L11: ='IT WORKSHOP'!BA15 -> 15
A12: =OVERALL!A12 -> 9 | B12: =OVERALL!B12 -> 2301244 | C12: =OVERALL!C12 -> Parveen Mandal | D12: =DSA!BX17 -> 0 | E12: ='M-III'!BZ17 -> 0 | F12: =OOPS!CA17 -> 0 | G12: =DE!BY17 -> 2 | H12: =DOS!BX17 -> 0 | I12: ='OOPS LAB'!AS16 -> 0 | J12: ='DE LAB'!AS16 -> 2 | K12: ='DSA LAB'!AS16 -> 0 | L12: ='IT WORKSHOP'!BA16 -> 0
A13: =OVERALL!A13 -> 10 | B13: =OVERALL!B13 -> 2301245 | C13: =OVERALL!C13 -> Payal | D13: =DSA!BX18 -> 34 | E13: ='M-III'!BZ18 -> 34 | F13: =OOPS!CA18 -> 36 | G13: =DE!BY18 -> 32 | H13: =DOS!BX18 -> 36 | I13: ='OOPS LAB'!AS17 -> 25 | J13: ='DE LAB'!AS17 -> 26 | K13: ='DSA LAB'!AS17 -> 25 | L13: ='IT WORKSHOP'!BA17 -> 27
A14: =OVERALL!A14 -> 11 | B14: =OVERALL!B14 -> 2301247 | C14: =OVERALL!C14 -> Priya | D14: =DSA!BX19 -> 28 | E14: ='M-III'!BZ19 -> 22 | F14: =OOPS!CA19 -> 17 | G14: =DE!BY19 -> 21 | H14: =DOS!BX19 -> 19 | I14: ='OOPS LAB'!AS18 -> 14 | J14: ='DE LAB'!AS18 -> 18 | K14: ='DSA LAB'!AS18 -> 17 | L14: ='IT WORKSHOP'!BA18 -> 20
A15: =OVERALL!A15 -> 12 | B15: =OVERALL!B15 -> 2301248 | C15: =OVERALL!C15 -> Priyam Puri | D15: =DSA!BX20 -> 0 | E15: ='M-III'!BZ20 -> 0 | F15: =OOPS!CA20 -> 0 | G15: =DE!BY20 -> 2 | H15: =DOS!BX20 -> 0 | I15: ='OOPS LAB'!AS19 -> 0 | J15: ='DE LAB'!AS19 -> 2 | K15: ='DSA LAB'!AS19 -> 0 | L15: ='IT WORKSHOP'!BA19 -> 0
... A61: =OVERALL!A61 -> 58 | B61: =OVERALL!B61 -> leet | C61: =OVERALL!C61 -> Shubham | D61: =DSA!BX66 -> 16 | E61: ='M-III'!BZ66 -> 13 | F61: =OOPS!CA66 -> 17 | G61: =DE!BY66 -> 18 | H61: =DOS!BX66 -> 13 | I61: ='OOPS LAB'!AS65 -> 21 | J61: ='DE LAB'!AS65 -> 19 | K61: ='DSA LAB'!AS65 -> 16 | L61: ='IT WORKSHOP'!BA65 -> 21
A62: HIGHEST MARKS | D62: =MAX(D4:D59) -> 35 | E62: =MAX(E4:E59) -> 34 | F62: =MAX(F4:F59) -> 36 | G62: =MAX(G4:G59) -> 33 | H62: =MAX(H4:H59) -> 36 | I62: =MAX(I4:I59) -> 26 | J62: =MAX(J4:J59) -> 26 | K62: =MAX(K4:K59) -> 26 | L62: =MAX(L4:L59) -> 27
A63: LOWEST MARKS | D63: =MIN(D4:D59) -> 0 | E63: =MIN(E4:E59) -> 0 | F63: =MIN(F4:F59) -> 0 | G63: =MIN(G4:G59) -> 2 | H63: =MIN(H4:H59) -> 0 | I63: =MIN(I4:I59) -> 0 | J63: =MIN(J4:J59) -> 0 | K63: =MIN(K4:K59) -> 0 | L63: =MIN(L4:L59) -> 0
A64: AVG INTERNAL | D64: =AVERAGE(D4:D59) -> 17.375 | E64: =AVERAGE(E4:E59) -> 15.053571 | F64: =AVERAGE(F4:F59) -> 16.160714 | G64: =AVERAGE(G4:G59) -> 17.571429 | H64: =AVERAGE(H4:H59) -> 14.946429 | I64: =AVERAGE(I4:I59) -> 13.75 | J64: =AVERAGE(J4:J59) -> 14.642857 | K64: =AVERAGE(K4:K59) -> 13.321429 | L64: =AVERAGE(L4:L59) -> 14
A65: NAME OF SUBJECT INCHARGE | D65: Mr. Manjot | E65: Ms. Simranjit Kaur | F65: Ms. Preet Kaur | G65: Mr. Gurminder Singh | H65: Ms. Ashmeet | I65: Ms. Preet Kaur | J65: Mr. Gurminder Singh | K65: Mr. Manjot | L65: Mr. Sukhdayal
A67: Signature

Sheet OOPS
A1: =OVERALL!A1 -> ATTENDANCE RECORD JULY-NOVEMEBER 2024 (B.Tech CSE 3B)
A2: Ms. Preet Kaur | BK2: CTIEMT
A3: Date | T3: 30/9/24 | U3: 45392 | BD3: 29/11/24 | BE3: PRESENT | BF3: DL (IF ANY) | BG3: Total Attended | BH3: Total Delievered | BI3: PERCENTAGE | BK3: Evaluation Sheet for Internal Awards (Theory)
A4: S.No. | B4: Reg No. | C4: Name of Student | D4: 1 | E4: 2 | F4: 3 | G4: 4 | H4: 5 | I4: 6 | J4: 7 | K4: 8 | L4: 9 | M4: 10 | N4: 11 | O4: 12 | P4: 13 | Q4: 14 | R4: 15 | S4: 16 | T4: 17 | U4: 18 | V4: 19 | W4: 20 | X4: 21 | Y4: 22 | Z4: 23 | AA4: 24 | AB4: 25 | AC4: 26 | AD4: 27 | AE4: 28 | AF4: 29 | AG4: 30 | AH4: 31 | AI4: 32 | AJ4: 33 | AK4: 34 | AL4: 35 | AM4: 36 | AN4: 37 | AO4: 38 | AP4: 39 | AQ4: 40 | AR4: 41 | AS4: 42 | AT4: 43 | AU4: 44 | AV4: 45 | AW4: 46 | AX4: 47 | AY4: 48 | AZ4: 49 | BA4: 50 | BB4: 51 | BC4: 52 | BD4: 17 | BK4: Session: July-November2024
A5: =OVERALL!A4 -> 1 | B5: =OVERALL!B4 -> 2301236 | C5: =OVERALL!C4 -> Manmohan Singh | T5: 15 | U5: 16 | BD5: 19 | BE5: =COUNTIF(D5:BC5,"P")+BD5 -> 19 | BG5: =BE5+BF5 -> 19 | BH5: 48 | BI5: =BG5/BH5 -> 0.39583333 | BK5: Department: CSE | BU5: Semester: 3rd B
A6: =OVERALL!A5 -> 2 | B6: =OVERALL!B5 -> 2301237 | C6: =OVERALL!C5 -> Manpreet Kaur | T6: 24 | U6: 31 | BD6: 36 | BE6: =COUNTIF(D6:BC6,"P")+BD6 -> 36 | BG6: =BE6+BF6 -> 36 | BH6: 48 | BI6: =BG6/BH6 -> 0.75 | BK6: Subject Name:OOPS | BU6: Subject Code: BTCS 302-18
A7: =OVERALL!A6 -> 3 | B7: =OVERALL!B6 -> 2301238 | C7: =OVERALL!C6 -> Md Warish Chesam | T7: 22 | U7: 29 | BD7: 30 | BE7: =COUNTIF(D7:BC7,"P")+BD7 -> 30 | BG7: =BE7+BF7 -> 30 | BH7: 48 | BI7: =BG7/BH7 -> 0.625 | BK7: S.No. | BL7: Reg No. | BM7: Name of Student | BN7: Total Lec Del | BO7: Total Lec Att | BP7: Att %age | BQ7: Att Marks (6) | BR7: MST I | BS7: MST II(Converted) | BT7: MST II(Original) | BU7: MST marks | BV7: Assignment | BY7: Weighted marks in Assignments (10) | BZ7: Grace | CA7: Grand Total (40)
A8: =OVERALL!A7 -> 4 | B8: =OVERALL!B7 -> 2301239 | C8: =OVERALL!C7 -> Mohd Shahid Afridi | T8: 0 | BD8: 0 | BE8: =COUNTIF(D8:BC8,"P")+BD8 -> 0 | BG8: =BE8+BF8 -> 0 | BH8: 48 | BI8: =BG8/BH8 -> 0 | BU8: Average MST I & II (24) | BV8: 1 | BW8: 2 | BX8: 3
A9: =OVERALL!A8 -> 5 | B9: =OVERALL!B8 -> 2301240 | C9: =OVERALL!C8 -> Munisha | T9: 23 | BD9: 33 | BE9: =COUNTIF(D9:BC9,"P")+BD9 -> 33 | BG9: =BE9+BF9 -> 33 | BH9: 48 | BI9: =BG9/BH9 -> 0.6875 | BK9: =OVERALL!A4 -> 1 | BL9: =OVERALL!B4 -> 2301236 | BM9: =OVERALL!C4 -> Manmohan Singh | BN9: =BH5 -> 48 | BO9: =BG5 -> 19 | BP9: =BO9/BN9% -> 39.583333 | BQ9: =IF(BP9>=95.5,"6",IF(BP9>=90.5,"5", IF(BP9>=85.5,"4",IF(BP9>=80.5,"3",IF(BP9>=75.5,"2","0"))))) -> 0 | BR9: 12 | BS9: 10 | BT9: 10 | BU9: =(BR9+BT9)/2 -> 11 | BV9: 0 | BW9: 8 | BX9: 0 | BY9: =AVERAGE(BV9:BX9) -> 2.6666667 | CA9: =ROUND(BQ9+BU9+BY9+BZ9,0) -> 14
A10: =OVERALL!A9 -> 6 | B10: =OVERALL!B9 -> 2301241 | C10: =OVERALL!C9 -> Nikhil Kumar Thakur | T10: 25 | BD10: 42 | BE10: =COUNTIF(D10:BC10,"P")+BD10 -> 42 | BG10: =BE10+BF10 -> 42 | BH10: 48 | BI10: =BG10/BH10 -> 0.875 | BK10: =OVERALL!A5 -> 2 | BL10: =OVERALL!B5 -> 2301237 | BM10: =OVERALL!C5 -> Manpreet Kaur | BN10: =BH6 -> 48 | BO10: =BG6 -> 36 | BP10: =BO10/BN10% -> 75 | BQ10: =IF(BP10>=95.5,"6",IF(BP10>=90.5,"5", IF(BP10>=85.5,"4",IF(BP10>=80.5,"3",IF(BP10>=75.5,"2","0"))))) -> 0 | BR10: 18 | BS10: 17 | BT10: 17 | BU10: =(BR10+BT10)/2 -> 17.5 | BV10: 8 | BW10: 9 | BX10: 8 | BY10: =AVERAGE(BV10:BX10) -> 8.3333333 | CA10: =ROUND(BQ10+BU10+BY10+BZ10,0) -> 26
A11: =OVERALL!A10 -> 7 | B11: =OVERALL!B10 -> 2301242 | C11: =OVERALL!C10 -> Palak Pathania | T11: 25 | BD11: 36 | BE11: =COUNTIF(D11:BC11,"P")+BD11 -> 36 | BG11: =BE11+BF11 -> 36 | BH11: 48 | BI11: =BG11/BH11 -> 0.75 | BK11: =OVERALL!A6 -> 3 | BL11: =OVERALL!B6 -> 2301238 | BM11: =OVERALL!C6 -> Md Warish Chesam | BN11: =BH7 -> 48 | BO11: =BG7 -> 30 | BP11: =BO11/BN11% -> 62.5 | BQ11: =IF(BP11>=95.5,"6",IF(BP11>=90.5,"5", IF(BP11>=85.5,"4",IF(BP11>=80.5,"3",IF(BP11>=75.5,"2","0"))))) -> 0 | BR11: 10 | BS11: 12 | BT11: 12 | BU11: =(BR11+BT11)/2 -> 11 | BV11: 8 | BW11: 9 | BX11: 8 | BY11: =AVERAGE(BV11:BX11) -> 8.3333333 | CA11: =ROUND(BQ11+BU11+BY11+BZ11,0) -> 19
A12: =OVERALL!A11 -> 8 | B12: =OVERALL!B11 -> 2301243 | C12: =OVERALL!C11 -> Pardeep Singh | T12: 20 | BD12: 30 | BE12: =COUNTIF(D12:BC12,"P")+BD12 -> 30 | BG12: =BE12+BF12 -> 30 | BH12: 48 | BI12: =BG12/BH12 -> 0.625 | BK12: =OVERALL!A7 -> 4 | BL12: =OVERALL!B7 -> 2301239 | BM12: =OVERALL!C7 -> Mohd Shahid Afridi | BN12: =BH8 -> 48 | BO12: =BG8 -> 0 | BP12: =BO12/BN12% -> 0 | BQ12: =IF(BP12>=95.5,"6",IF(BP12>=90.5,"5", IF(BP12>=85.5,"4",IF(BP12>=80.5,"3",IF(BP12>=75.5,"2","0"))))) -> 0 | BR12: 0 | BS12: 0 | BT12: 0 | BU12: =(BR12+BT12)/2 -> 0 | BV12: 0 | BW12: 0 | BX12: 0 | BY12: =AVERAGE(BV12:BX12) -> 0 | CA12: =ROUND(BQ12+BU12+BY12+BZ12,0) -> 0
A13: =OVERALL!A12 -> 9 | B13: =OVERALL!B12 -> 2301244 | C13: =OVERALL!C12 -> Parveen Mandal | T13: 0 | BD13: 0 | BE13: 0 | BG13: 0 | BH13: 48 | BI13: =BG13/BH13 -> 0 | BK13: =OVERALL!A8 -> 5 | BL13: =OVERALL!B8 -> 2301240 | BM13: =OVERALL!C8 -> Munisha | BN13: =BH9 -> 48 | BO13: =BG9 -> 33 | BP13: =BO13/BN13% -> 68.75 | BQ13: =IF(BP13>=95.5,"6",IF(BP13>=90.5,"5", IF(BP13>=85.5,"4",IF(BP13>=80.5,"3",IF(BP13>=75.5,"2","0"))))) -> 0 | BR13: 10 | BS13: 9 | BT13: 9 | BU13: =(BR13+BT13)/2 -> 9.5 | BV13: 7 | BW13: 9 | BX13: 8 | BY13: =AVERAGE(BV13:BX13) -> 8 | CA13: =ROUND(BQ13+BU13+BY13+BZ13,0) -> 18
A14: =OVERALL!A13 -> 10 | B14: =OVERALL!B13 -> 2301245 | C14: =OVERALL!C13 -> Payal | T14: 26 | BD14: 40 | BE14: =COUNTIF(D14:BC14,"P")+BD14 -> 40 | BF14: 3 | BG14: =BE14+BF14 -> 43 | BH14: 48 | BI14: =BG14/BH14 -> 0.89583333 | BK14: =OVERALL!A9 -> 6 | BL14: =OVERALL!B9 -> 2301241 | BM14: =OVERALL!C9 -> Nikhil Kumar Thakur | BN14: =BH10 -> 48 | BO14: =BG10 -> 42 | BP14: =BO14/BN14% -> 87.5 | BQ14: =IF(BP14>=95.5,"6",IF(BP14>=90.5,"5", IF(BP14>=85.5,"4",IF(BP14>=80.5,"3",IF(BP14>=75.5,"2","0"))))) -> 4 | BR14: 12 | BS14: =BT21/2.5 -> 3.2 | BT14: 10 | BU14: =(BR14+BT14)/2 -> 11 | BV14: 9 | BW14: 9 | BX14: 8 | BY14: =AVERAGE(BV14:BX14) -> 8.6666667 | CA14: =ROUND(BQ14+BU14+BY14+BZ14,0) -> 24
A15: =OVERALL!A14 -> 11 | B15: =OVERALL!B14 -> 2301247 | C15: =OVERALL!C14 -> Priya | T15: 26 | BD15: 34 | BE15: =COUNTIF(D15:BC15,"P")+BD15 -> 34 | BG15: =BE15+BF15 -> 34 | BH15: 48 | BI15: =BG15/BH15 -> 0.70833333 | BK15: =OVERALL!A10 -> 7 | BL15: =OVERALL!B10 -> 2301242 | BM15: =OVERALL!C10 -> Palak Pathania | BN15: =BH11 -> 48 | BO15: =BG11 -> 36 | BP15: =BO15/BN15% -> 75 | BQ15: =IF(BP15>=95.5,"6",IF(BP15>=90.5,"5", IF(BP15>=85.5,"4",IF(BP15>=80.5,"3",IF(BP15>=75.5,"2","0"))))) -> 0 | BR15: 22 | BS15: =BT22/2.5 -> 4 | BT15: 20 | BU15: =(BR15+BT15)/2 -> 21 | BV15: 9 | BW15: 10 | BX15: 9 | BY15: =AVERAGE(BV15:BX15) -> 9.3333333 | CA15: =ROUND(BQ15+BU15+BY15+BZ15,0) -> 30
A16: =OVERALL!A15 -> 12 | B16: =OVERALL!B15 -> 2301248 | C16: =OVERALL!C15 -> Priyam Puri | T16: 0 | BD16: 0 | BE16: =COUNTIF(D16:BC16,"P")+BD16 -> 0 | BG16: =BE16+BF16 -> 0 | BH16: 48 | BI16: =BG16/BH16 -> 0 | BK16: =OVERALL!A11 -> 8 | BL16: =OVERALL!B11 -> 2301243 | BM16: =OVERALL!C11 -> Pardeep Singh | BN16: =BH12 -> 48 | BO16: =BG12 -> 30 | BP16: =BO16/BN16% -> 62.5 | BQ16: =IF(BP16>=95.5,"6",IF(BP16>=90.5,"5", IF(BP16>=85.5,"4",IF(BP16>=80.5,"3",IF(BP16>=75.5,"2","0"))))) -> 0 | BR16: 16 | BS16: =BT23/2.5 -> 2 | BT16: 7 | BU16: =(BR16+BT16)/2 -> 11.5 | BV16: 8 | BW16: 8 | BX16: 7 | BY16: =AVERAGE(BV16:BX16) -> 7.6666667 | CA16: =ROUND(BQ16+BU16+BY16+BZ16,0) -> 19
A17: =OVERALL!A16 -> 13 | B17: =OVERALL!B16 -> 2301249 | C17: =OVERALL!C16 -> Rahul Sharma | T17: 16 | BD17: 25 | BE17: =COUNTIF(D17:BC17,"P")+BD17 -> 25 | BF17: 5 | BG17: =BE17+BF17 -> 30 | BH17: 48 | BI17: =BG17/BH17 -> 0.625 | BK17: =OVERALL!A12 -> 9 | BL17: =OVERALL!B12 -> 2301244 | BM17: =OVERALL!C12 -> Parveen Mandal | BN17: =BH13 -> 48 | BO17: =BG13 -> 0 | BP17: =BO17/BN17% -> 0 | BQ17: =IF(BP17>=95.5,"6",IF(BP17>=90.5,"5", IF(BP17>=85.5,"4",IF(BP17>=80.5,"3",IF(BP17>=75.5,"2","0"))))) -> 0 | BR17: 0 | BS17: =BT17/2.5 -> 0 | BT17: 0 | BU17: =(BR17+BT17)/2 -> 0 | BV17: 0 | BW17: 0 | BX17: 0 | BY17: =AVERAGE(BV17:BX17) -> 0 | CA17: =ROUND(BQ17+BU17+BY17+BZ17,0) -> 0
A18: =OVERALL!A17 -> 14 | B18: =OVERALL!B17 -> 2301250 | C18: =OVERALL!C17 -> Rahulpreet Singh Khinda | T18: 15 | BD18: 26 | BE18: =COUNTIF(D18:BC18,"P")+BD18 -> 26 | BG18: =BE18+BF18 -> 26 | BH18: 48 | BI18: =BG18/BH18 -> 0.54166667 | BK18: =OVERALL!A13 -> 10 | BL18: =OVERALL!B13 -> 2301245 | BM18: =OVERALL!C13 -> Payal | BN18: =BH14 -> 48 | BO18: =BG14 -> 43 | BP18: =BO18/BN18% -> 89.583333 | BQ18: =IF(BP18>=95.5,"6",IF(BP18>=90.5,"5", IF(BP18>=85.5,"4",IF(BP18>=80.5,"3",IF(BP18>=75.5,"2","0"))))) -> 4 | BR18: 24 | BS18: =BT18/2.5 -> 8.4 | BT18: 21 | BU18: =(BR18+BT18)/2 -> 22.5 | BV18: 9 | BW18: 10 | BX18: 9 | BY18: =AVERAGE(BV18:BX18) -> 9.3333333 | CA18: =ROUND(BQ18+BU18+BY18+BZ18,0) -> 36
A19: =OVERALL!A18 -> 15 | B19: =OVERALL!B18 -> 2301251 | C19: =OVERALL!C18 -> Raj Kumar | T19: 10 | BD19: 20 | BE19: =COUNTIF(D19:BC19,"P")+BD19 -> 20 | BG19: =BE19+BF19 -> 20 | BH19: 48 | BI19: =BG19/BH19 -> 0.41666667 | BK19: =OVERALL!A14 -> 11 | BL19: =OVERALL!B14 -> 2301247 | BM19: =OVERALL!C14 -> Priya | BN19: =BH15 -> 48 | BO19: =BG15 -> 34 | BP19: =BO19/BN19% -> 70.833333 | BQ19: =IF(BP19>=95.5,"6",IF(BP19>=90.5,"5", IF(BP19>=85.5,"4",IF(BP19>=80.5,"3",IF(BP19>=75.5,"2","0"))))) -> 0 | BR19: 18 | BS19: =BT19/2.5 -> 1.6 | BT19: 4 | BU19: =(BR19+BT19)/2 -> 11 | BV19: 9 | BW19: 9 | BX19: 0 | BY19: =AVERAGE(BV19:BX19) -> 6 | CA19: =ROUND(BQ19+BU19+BY19+BZ19,0) -> 17
A20: =OVERALL!A19 -> 16 | B20: =OVERALL!B19 -> 2301252 | C20: =OVERALL!C19 -> Rajan Sharma | T20: 24 | BD20: 40 | BE20: =COUNTIF(D20:BC20,"P")+BD20 -> 40 | BG20: =BE20+BF20 -> 40 | BH20: 48 | BI20: =BG20/BH20 -> 0.83333333 | BK20: =OVERALL!A15 -> 12 | BL20: =OVERALL!B15 -> 2301248 | BM20: =OVERALL!C15 -> Priyam Puri | BN20: =BH16 -> 48 | BO20: =BG16 -> 0 | BP20: =BO20/BN20% -> 0 | BQ20: =IF(BP20>=95.5,"6",IF(BP20>=90.5,"5", IF(BP20>=85.5,"4",IF(BP20>=80.5,"3",IF(BP20>=75.5,"2","0"))))) -> 0 | BR20: 0 | BS20: =BT20/2.5 -> 0 | BT20: 0 | BU20: =(BR20+BT20)/2 -> 0 | BV20: 0 | BW20: 0 | BX20: 0 | BY20: =AVERAGE(BV20:BX20) -> 0 | CA20: =ROUND(BQ20+BU20+BY20+BZ20,0) -> 0
A21: =OVERALL!A20 -> 17 | B21: =OVERALL!B20 -> 2301253 | C21: =OVERALL!C20 -> Rajwinder Kaur | T21: 15 | BD21: 25 | BE21: =COUNTIF(D21:BC21,"P")+BD21 -> 25 | BG21: =BE21+BF21 -> 25 | BH21: 48 | BI21: =BG21/BH21 -> 0.52083333 | BK21: =OVERALL!A16 -> 13 | BL21: =OVERALL!B16 -> 2301249 | BM21: =OVERALL!C16 -> Rahul Sharma | BN21: =BH17 -> 48 | BO21: =BG17 -> 30 | BP21: =BO21/BN21% -> 62.5 | BQ21: =IF(BP21>=95.5,"6",IF(BP21>=90.5,"5", IF(BP21>=85.5,"4",IF(BP21>=80.5,"3",IF(BP21>=75.5,"2","0"))))) -> 0 | BR21: 13 | BS21: =BT21/2.5 -> 3.2 | BT21: 8 | BU21: =(BR21+BT21)/2 -> 10.5 | BV21: 7 | BW21: 0 | BX21: 0 | BY21: =AVERAGE(BV21:BX21) -> 2.3333333 | CA21: =ROUND(BQ21+BU21+BY21+BZ21,0) -> 13
A22: =OVERALL!A21 -> 18 | B22: =OVERALL!B21 -> 2301254 | C22: =OVERALL!C21 -> RANJIT SHAH KANU | T22: 0 | BD22: 0 | BE22: =COUNTIF(D22:BC22,"P")+BD22 -> 0 | BG22: =BE22+BF22 -> 0 | BH22: 48 | BI22: =BG22/BH22 -> 0 | BK22: =OVERALL!A17 -> 14 | BL22: =OVERALL!B17 -> 2301250 | BM22: =OVERALL!C17 -> Rahulpreet Singh Khinda | BN22: =BH18 -> 48 | BO22: =BG18 -> 26 | BP22: =BO22/BN22% -> 54.166667 | BQ22: =IF(BP22>=95.5,"6",IF(BP22>=90.5,"5", IF(BP22>=85.5,"4",IF(BP22>=80.5,"3",IF(BP22>=75.5,"2","0"))))) -> 0 | BR22: 11 | BS22: =BT22/2.5 -> 4 | BT22: 10 | BU22: =(BR22+BT22)/2 -> 10.5 | BV22: 7 | BW22: 9 | BX22: 8 | BY22: =AVERAGE(BV22:BX22) -> 8 | CA22: =ROUND(BQ22+BU22+BY22+BZ22,0) -> 19
A23: =OVERALL!A22 -> 19 | B23: =OVERALL!B22 -> 2301255 | C23: =OVERALL!C22 -> Ravi Bhushan Kumar | T23: 23 | BD23: 38 | BE23: =COUNTIF(D23:BC23,"P")+BD23 -> 38 | BG23: =BE23+BF23 -> 38 | BH23: 48 | BI23: =BG23/BH23 -> 0.79166667 | BK23: =OVERALL!A18 -> 15 | BL23: =OVERALL!B18 -> 2301251 | BM23: =OVERALL!C18 -> Raj Kumar | BN23: =BH19 -> 48 | BO23: =BG19 -> 20 | BP23: =BO23/BN23% -> 41.666667 | BQ23: =IF(BP23>=95.5,"6",IF(BP23>=90.5,"5", IF(BP23>=85.5,"4",IF(BP23>=80.5,"3",IF(BP23>=75.5,"2","0"))))) -> 0 | BR23: 10 | BS23: =BT23/2.5 -> 2 | BT23: 5 | BU23: =(BR23+BT23)/2 -> 7.5 | BV23: 8 | BW23: 8 | BX23: 7 | BY23: =AVERAGE(BV23:BX23) -> 7.6666667 | CA23: =ROUND(BQ23+BU23+BY23+BZ23,0) -> 15
A24: =OVERALL!A23 -> 20 | B24: =OVERALL!B23 -> 2301256 | C24: =OVERALL!C23 -> Reshma | T24: 22 | BD24: 32 | BE24: =COUNTIF(D24:BC24,"P")+BD24 -> 32 | BG24: =BE24+BF24 -> 32 | BH24: 48 | BI24: =BG24/BH24 -> 0.66666667 | BK24: =OVERALL!A19 -> 16 | BL24: =OVERALL!B19 -> 2301252 | BM24: =OVERALL!C19 -> Rajan Sharma | BN24: =BH20 -> 48 | BO24: =BG20 -> 40 | BP24: =BO24/BN24% -> 83.333333 | BQ24: =IF(BP24>=95.5,"6",IF(BP24>=90.5,"5", IF(BP24>=85.5,"4",IF(BP24>=80.5,"3",IF(BP24>=75.5,"2","0"))))) -> 3 | BR24: 15 | BS24: =BT24/2.5 -> 4 | BT24: 10 | BU24: =(BR24+BT24)/2 -> 12.5 | BV24: 9 | BW24: 10 | BX24: 9 | BY24: =AVERAGE(BV24:BX24) -> 9.3333333 | CA24: =ROUND(BQ24+BU24+BY24+BZ24,0) -> 25
A25: =OVERALL!A24 -> 21 | B25: =OVERALL!B24 -> 2301257 | C25: =OVERALL!C24 -> Ritesh Kumar Choudhary | T25: 12 | BD25: 14 | BE25: =COUNTIF(D25:BC25,"P")+BD25 -> 14 | BF25: 13 | BG25: =BE25+BF25 -> 27 | BH25: 48 | BI25: =BG25/BH25 -> 0.5625 | BK25: =OVERALL!A20 -> 17 | BL25: =OVERALL!B20 -> 2301253 | BM25: =OVERALL!C20 -> Rajwinder Kaur | BN25: =BH21 -> 48 | BO25: =BG21 -> 25 | BP25: =BO25/BN25% -> 52.083333 | BQ25: =IF(BP25>=95.5,"6",IF(BP25>=90.5,"5", IF(BP25>=85.5,"4",IF(BP25>=80.5,"3",IF(BP25>=75.5,"2","0"))))) -> 0 | BR25: 20 | BS25: =BT25/2.5 -> 7.2 | BT25: 18 | BU25: =(BR25+BT25)/2 -> 19 | BV25: 8 | BW25: 10 | BX25: 9 | BY25: =AVERAGE(BV25:BX25) -> 9 | CA25: =ROUND(BQ25+BU25+BY25+BZ25,0) -> 28
A26: =OVERALL!A25 -> 22 | B26: =OVERALL!B25 -> 2301258 | C26: =OVERALL!C25 -> Ritesh Thakur | T26: 11 | BD26: 13 | BE26: =COUNTIF(D26:BC26,"P")+BD26 -> 13 | BG26: =BE26+BF26 -> 13 | BH26: 48 | BI26: =BG26/BH26 -> 0.27083333 | BK26: =OVERALL!A21 -> 18 | BL26: =OVERALL!B21 -> 2301254 | BM26: =OVERALL!C21 -> RANJIT SHAH KANU | BN26: =BH22 -> 48 | BO26: =BG22 -> 0 | BP26: =BO26/BN26% -> 0 | BQ26: =IF(BP26>=95.5,"6",IF(BP26>=90.5,"5", IF(BP26>=85.5,"4",IF(BP26>=80.5,"3",IF(BP26>=75.5,"2","0"))))) -> 0 | BR26: 0 | BS26: =BT26/2.5 -> 0 | BT26: 0 | BU26: =(BR26+BT26)/2 -> 0 | BV26: 0 | BW26: 0 | BX26: 0 | BY26: =AVERAGE(BV26:BX26) -> 0 | CA26: =ROUND(BQ26+BU26+BY26+BZ26,0) -> 0
A27: =OVERALL!A26 -> 23 | B27: =OVERALL!B26 -> 2301259 | C27: =OVERALL!C26 -> Riya Thakur | T27: 24 | BD27: 31 | BE27: =COUNTIF(D27:BC27,"P")+BD27 -> 31 | BG27: =BE27+BF27 -> 31 | BH27: 48 | BI27: =BG27/BH27 -> 0.64583333 | BK27: =OVERALL!A22 -> 19 | BL27: =OVERALL!B22 -> 2301255 | BM27: =OVERALL!C22 -> Ravi Bhushan Kumar | BN27: =BH23 -> 48 | BO27: =BG23 -> 38 | BP27: =BO27/BN27% -> 79.166667 | BQ27: =IF(BP27>=95.5,"6",IF(BP27>=90.5,"5", IF(BP27>=85.5,"4",IF(BP27>=80.5,"3",IF(BP27>=75.5,"2","0"))))) -> 2 | BR27: 24 | BS27: =BT27/2.5 -> 6.8 | BT27: 17 | BU27: =(BR27+BT27)/2 -> 20.5 | BV27: 9 | BW27: 10 | BX27: 10 | BY27: =AVERAGE(BV27:BX27) -> 9.6666667 | CA27: =ROUND(BQ27+BU27+BY27+BZ27,0) -> 32
A28: =OVERALL!A27 -> 24 | B28: =OVERALL!B27 -> 2301260 | C28: =OVERALL!C27 -> Rounit Dhiman | T28: 19 | BD28: 32 | BE28: =COUNTIF(D28:BC28,"P")+BD28 -> 32 | BF28: 1 | BG28: =BE28+BF28 -> 33 | BH28: 48 | BI28: =BG28/BH28 -> 0.6875 | BK28: =OVERALL!A23 -> 20 | BL28: =OVERALL!B23 -> 2301256 | BM28: =OVERALL!C23 -> Reshma | BN28: =BH24 -> 48 | BO28: =BG24 -> 32 | BP28: =BO28/BN28% -> 66.666667 | BQ28: =IF(BP28>=95.5,"6",IF(BP28>=90.5,"5", IF(BP28>=85.5,"4",IF(BP28>=80.5,"3",IF(BP28>=75.5,"2","0"))))) -> 0 | BR28: 7 | BS28: =BT28/2.5 -> 4 | BT28: 10 | BU28: =(BR28+BT28)/2 -> 8.5 | BV28: 7 | BW28: 8 | BX28: 9 | BY28: =AVERAGE(BV28:BX28) -> 8 | CA28: =ROUND(BQ28+BU28+BY28+BZ28,0) -> 17
A29: =OVERALL!A28 -> 25 | B29: =OVERALL!B28 -> 2301261 | C29: =OVERALL!C28 -> Rubby Kumari | T29: 7 | BD29: 8 | BE29: =COUNTIF(D29:BC29,"P")+BD29 -> 8 | BG29: =BE29+BF29 -> 8 | BH29: 48 | BI29: =BG29/BH29 -> 0.16666667 | BK29: =OVERALL!A24 -> 21 | BL29: =OVERALL!B24 -> 2301257 | BM29: =OVERALL!C24 -> Ritesh Kumar Choudhary | BN29: =BH25 -> 48 | BO29: =BG25 -> 27 | BP29: =BO29/BN29% -> 56.25 | BQ29: =IF(BP29>=95.5,"6",IF(BP29>=90.5,"5", IF(BP29>=85.5,"4",IF(BP29>=80.5,"3",IF(BP29>=75.5,"2","0"))))) -> 0 | BR29: 10 | BS29: =BT29/2.5 -> 4 | BT29: 10 | BU29: =(BR29+BT29)/2 -> 10 | BV29: 7 | BW29: 8 | BX29: 8 | BY29: =AVERAGE(BV29:BX29) -> 7.6666667 | CA29: =ROUND(BQ29+BU29+BY29+BZ29,0) -> 18
A30: =OVERALL!A29 -> 26 | B30: =OVERALL!B29 -> 2301262 | C30: =OVERALL!C29 -> Sakshi Devi | T30: 23 | BD30: 30 | BE30: =COUNTIF(D30:BC30,"P")+BD30 -> 30 | BG30: =BE30+BF30 -> 30 | BH30: 48 | BI30: =BG30/BH30 -> 0.625 | BK30: =OVERALL!A25 -> 22 | BL30: =OVERALL!B25 -> 2301258 | BM30: =OVERALL!C25 -> Ritesh Thakur | BN30: =BH26 -> 48 | BO30: =BG26 -> 13 | BP30: =BO30/BN30% -> 27.083333 | BQ30: =IF(BP30>=95.5,"6",IF(BP30>=90.5,"5", IF(BP30>=85.5,"4",IF(BP30>=80.5,"3",IF(BP30>=75.5,"2","0"))))) -> 0 | BR30: 0 | BS30: =BT30/2.5 -> 3.2 | BT30: 8 | BU30: =(BR30+BT30)/2 -> 4 | BV30: 0 | BW30: 0 | BX30: 0 | BY30: =AVERAGE(BV30:BX30) -> 0 | CA30: =ROUND(BQ30+BU30+BY30+BZ30,0) -> 4
A31: =OVERALL!A30 -> 27 | B31: =OVERALL!B30 -> 2301263 | C31: =OVERALL!C30 -> Sanchi Sharma | T31: 26 | BD31: 43 | BE31: =COUNTIF(D31:BC31,"P")+BD31 -> 43 | BG31: =BE31+BF31 -> 43 | BH31: 48 | BI31: =BG31/BH31 -> 0.89583333 | BK31: =OVERALL!A26 -> 23 | BL31: =OVERALL!B26 -> 2301259 | BM31: =OVERALL!C26 -> Riya Thakur | BN31: =BH27 -> 48 | BO31: =BG27 -> 31 | BP31: =BO31/BN31% -> 64.583333 | BQ31: =IF(BP31>=95.5,"6",IF(BP31>=90.5,"5", IF(BP31>=85.5,"4",IF(BP31>=80.5,"3",IF(BP31>=75.5,"2","0"))))) -> 0 | BR31: 11 | BS31: =BT31/2.5 -> 5.6 | BT31: 14 | BU31: =(BR31+BT31)/2 -> 12.5 | BV31: 7 | BW31: 9 | BX31: 8 | BY31: =AVERAGE(BV31:BX31) -> 8 | CA31: =ROUND(BQ31+BU31+BY31+BZ31,0) -> 21
A32: =OVERALL!A31 -> 28 | B32: =OVERALL!B31 -> 2301264 | C32: =OVERALL!C31 -> Sarbjit Singh | T32: 10 | BD32: 14 | BE32: =COUNTIF(D32:BC32,"P")+BD32 -> 14 | BG32: =BE32+BF32 -> 14 | BH32: 48 | BI32: =BG32/BH32 -> 0.29166667 | BK32: =OVERALL!A27 -> 24 | BL32: =OVERALL!B27 -> 2301260 | BM32: =OVERALL!C27 -> Rounit Dhiman | BN32: =BH28 -> 48 | BO32: =BG28 -> 33 | BP32: =BO32/BN32% -> 68.75 | BQ32: =IF(BP32>=95.5,"6",IF(BP32>=90.5,"5", IF(BP32>=85.5,"4",IF(BP32>=80.5,"3",IF(BP32>=75.5,"2","0"))))) -> 0 | BR32: 11 | BS32: =BT32/2.5 -> 5.2 | BT32: 13 | BU32: =(BR32+BT32)/2 -> 12 | BV32: 7 | BW32: 9 | BX32: 8 | BY32: =AVERAGE(BV32:BX32) -> 8 | CA32: =ROUND(BQ32+BU32+BY32+BZ32,0) -> 20
A33: =OVERALL!A32 -> 29 | B33: =OVERALL!B32 -> 2301265 | C33: =OVERALL!C32 -> Sarif Mayangmayum | T33: 21 | BD33: 34 | BE33: =COUNTIF(D33:BC33,"P")+BD33 -> 34 | BF33: 6 | BG33: =BE33+BF33 -> 40 | BH33: 48 | BI33: =BG33/BH33 -> 0.83333333 | BK33: =OVERALL!A28 -> 25 | BL33: =OVERALL!B28 -> 2301261 | BM33: =OVERALL!C28 -> Rubby Kumari | BN33: =BH29 -> 48 | BO33: =BG29 -> 8 | BP33: =BO33/BN33% -> 16.666667 | BQ33: =IF(BP33>=95.5,"6",IF(BP33>=90.5,"5", IF(BP33>=85.5,"4",IF(BP33>=80.5,"3",IF(BP33>=75.5,"2","0"))))) -> 0 | BR33: 15 | BS33: =BT33/2.5 -> 5.6 | BT33: 14 | BU33: =(BR33+BT33)/2 -> 14.5 | BV33: 6 | BW33: 8 | BX33: 8 | BY33: =AVERAGE(BV33:BX33) -> 7.3333333 | CA33: =ROUND(BQ33+BU33+BY33+BZ33,0) -> 22
A34: =OVERALL!A33 -> 30 | B34: =OVERALL!B33 -> 2301267 | C34: =OVERALL!C33 -> Shivam Kumar Chaubey | T34: 24 | BD34: 40 | BE34: =COUNTIF(D34:BC34,"P")+BD34 -> 40 | BG34: =BE34+BF34 -> 40 | BH34: 48 | BI34: =BG34/BH34 -> 0.83333333 | BK34: =OVERALL!A29 -> 26 | BL34: =OVERALL!B29 -> 2301262 | BM34: =OVERALL!C29 -> Sakshi Devi | BN34: =BH30 -> 48 | BO34: =BG30 -> 30 | BP34: =BO34/BN34% -> 62.5 | BQ34: =IF(BP34>=95.5,"6",IF(BP34>=90.5,"5", IF(BP34>=85.5,"4",IF(BP34>=80.5,"3",IF(BP34>=75.5,"2","0"))))) -> 0 | BR34: 15 | BS34: =BT34/2.5 -> 4.8 | BT34: 12 | BU34: =(BR34+BT34)/2 -> 13.5 | BV34: 7 | BW34: 9 | BX34: 6 | BY34: =AVERAGE(BV34:BX34) -> 7.3333333 | CA34: =ROUND(BQ34+BU34+BY34+BZ34,0) -> 21
A35: =OVERALL!A34 -> 31 | B35: =OVERALL!B34 -> 2301268 | C35: =OVERALL!C34 -> Simba Godfrey | T35: 16 | BD35: 24 | BE35: =COUNTIF(D35:BC35,"P")+BD35 -> 24 | BG35: =BE35+BF35 -> 24 | BH35: 48 | BI35: =BG35/BH35 -> 0.5 | BK35: =OVERALL!A30 -> 27 | BL35: =OVERALL!B30 -> 2301263 | BM35: =OVERALL!C30 -> Sanchi Sharma | BN35: =BH31 -> 48 | BO35: =BG31 -> 43 | BP35: =BO35/BN35% -> 89.583333 | BQ35: =IF(BP35>=95.5,"6",IF(BP35>=90.5,"5", IF(BP35>=85.5,"4",IF(BP35>=80.5,"3",IF(BP35>=75.5,"2","0"))))) -> 4 | BR35: 18 | BS35: =BT35/2.5 -> 6.4 | BT35: 16 | BU35: =(BR35+BT35)/2 -> 17 | BV35: 9 | BW35: 8 | BX35: 9 | BY35: =AVERAGE(BV35:BX35) -> 8.6666667 | CA35: =ROUND(BQ35+BU35+BY35+BZ35,0) -> 30
A36: =OVERALL!A35 -> 32 | B36: =OVERALL!B35 -> 2301269 | C36: =OVERALL!C35 -> Simran Kaur | T36: 23 | BD36: 35 | BE36: =COUNTIF(D36:BC36,"P")+BD36 -> 35 | BG36: =BE36+BF36 -> 35 | BH36: 48 | BI36: =BG36/BH36 -> 0.72916667 | BK36: =OVERALL!A31 -> 28 | BL36: =OVERALL!B31 -> 2301264 | BM36: =OVERALL!C31 -> Sarbjit Singh | BN36: =BH32 -> 48 | BO36: =BG32 -> 14 | BP36: =BO36/BN36% -> 29.166667 | BQ36: =IF(BP36>=95.5,"6",IF(BP36>=90.5,"5", IF(BP36>=85.5,"4",IF(BP36>=80.5,"3",IF(BP36>=75.5,"2","0"))))) -> 0 | BR36: 0 | BS36: =BT36/2.5 -> 0 | BT36: 0 | BU36: =(BR36+BT36)/2 -> 0 | BV36: 7 | BW36: 0 | BX36: 0 | BY36: =AVERAGE(BV36:BX36) -> 2.3333333 | CA36: =ROUND(BQ36+BU36+BY36+BZ36,0) -> 2
A37: =OVERALL!A36 -> 33 | B37: =OVERALL!B36 -> 2301270 | C37: =OVERALL!C36 -> Simranjit Singh | T37: 20 | BD37: 27 | BE37: =COUNTIF(D37:BC37,"P")+BD37 -> 27 | BF37: 5 | BG37: =BE37+BF37 -> 32 | BH37: 48 | BI37: =BG37/BH37 -> 0.66666667 | BK37: =OVERALL!A32 -> 29 | BL37: =OVERALL!B32 -> 2301265 | BM37: =OVERALL!C32 -> Sarif Mayangmayum | BN37: =BH33 -> 48 | BO37: =BG33 -> 40 | BP37: =BO37/BN37% -> 83.333333 | BQ37: =IF(BP37>=95.5,"6",IF(BP37>=90.5,"5", IF(BP37>=85.5,"4",IF(BP37>=80.5,"3",IF(BP37>=75.5,"2","0"))))) -> 3 | BR37: 19 | BS37: =BT37/2.5 -> 5.6 | BT37: 14 | BU37: =(BR37+BT37)/2 -> 16.5 | BV37: 8 | BW37: 9 | BX37: 8 | BY37: =AVERAGE(BV37:BX37) -> 8.3333333 | CA37: =ROUND(BQ37+BU37+BY37+BZ37,0) -> 28
A38: =OVERALL!A37 -> 34 | B38: =OVERALL!B37 -> 2301271 | C38: =OVERALL!C37 -> Sudip Sunar | T38: 18 | BD38: 33 | BE38: =COUNTIF(D38:BC38,"P")+BD38 -> 33 | BG38: =BE38+BF38 -> 33 | BH38: 48 | BI38: =BG38/BH38 -> 0.6875 | BK38: =OVERALL!A33 -> 30 | BL38: =OVERALL!B33 -> 2301267 | BM38: =OVERALL!C33 -> Shivam Kumar Chaubey | BN38: =BH34 -> 48 | BO38: =BG34 -> 40 | BP38: =BO38/BN38% -> 83.333333 | BQ38: =IF(BP38>=95.5,"6",IF(BP38>=90.5,"5", IF(BP38>=85.5,"4",IF(BP38>=80.5,"3",IF(BP38>=75.5,"2","0"))))) -> 3 | BR38: 13 | BS38: =BT38/2.5 -> 4.4 | BT38: 11 | BU38: =(BR38+BT38)/2 -> 12 | BV38: 8 | BW38: 9 | BX38: 8 | BY38: =AVERAGE(BV38:BX38) -> 8.3333333 | CA38: =ROUND(BQ38+BU38+BY38+BZ38,0) -> 23
A39: =OVERALL!A38 -> 35 | B39: =OVERALL!B38 -> 2301272 | C39: =OVERALL!C38 -> Sujal Sharma | T39: 1 | BD39: 1 | BE39: =COUNTIF(D39:BC39,"P")+BD39 -> 1 | BG39: =BE39+BF39 -> 1 | BH39: 48 | BI39: =BG39/BH39 -> 0.020833333 | BK39: =OVERALL!A34 -> 31 | BL39: =OVERALL!B34 -> 2301268 | BM39: =OVERALL!C34 -> Simba Godfrey | BN39: =BH35 -> 48 | BO39: =BG35 -> 24 | BP39: =BO39/BN39% -> 50 | BQ39: =IF(BP39>=95.5,"6",IF(BP39>=90.5,"5", IF(BP39>=85.5,"4",IF(BP39>=80.5,"3",IF(BP39>=75.5,"2","0"))))) -> 0 | BR39: 11 | BS39: =BT39/2.5 -> 5.6 | BT39: 14 | BU39: =(BR39+BT39)/2 -> 12.5 | BV39: 8 | BW39: 9 | BX39: 9 | BY39: =AVERAGE(BV39:BX39) -> 8.6666667 | CA39: =ROUND(BQ39+BU39+BY39+BZ39,0) -> 21
A40: =OVERALL!A39 -> 36 | B40: =OVERALL!B39 -> 2301273 | C40: =OVERALL!C39 -> Sukhraj Singh | T40: 15 | BD40: 19 | BE40: =COUNTIF(D40:BC40,"P")+BD40 -> 19 | BG40: =BE40+BF40 -> 19 | BH40: 48 | BI40: =BG40/BH40 -> 0.39583333 | BK40: =OVERALL!A35 -> 32 | BL40: =OVERALL!B35 -> 2301269 | BM40: =OVERALL!C35 -> Simran Kaur | BN40: =BH36 -> 48 | BO40: =BG36 -> 35 | BP40: =BO40/BN40% -> 72.916667 | BQ40: =IF(BP40>=95.5,"6",IF(BP40>=90.5,"5", IF(BP40>=85.5,"4",IF(BP40>=80.5,"3",IF(BP40>=75.5,"2","0"))))) -> 0 | BR40: 19 | BS40: =BT40/2.5 -> 6.8 | BT40: 17 | BU40: =(BR40+BT40)/2 -> 18 | BV40: 7 | BW40: 8 | BX40: 9 | BY40: =AVERAGE(BV40:BX40) -> 8 | CA40: =ROUND(BQ40+BU40+BY40+BZ40,0) -> 26
A41: =OVERALL!A40 -> 37 | B41: =OVERALL!B40 -> 2301274 | C41: =OVERALL!C40 -> Sukhreet Kaur | T41: 27 | BD41: 27 | BE41: =COUNTIF(D41:BC41,"P")+BD41 -> 27 | BG41: =BE41+BF41 -> 27 | BH41: 48 | BI41: =BG41/BH41 -> 0.5625 | BK41: =OVERALL!A36 -> 33 | BL41: =OVERALL!B36 -> 2301270 | BM41: =OVERALL!C36 -> Simranjit Singh | BN41: =BH37 -> 48 | BO41: =BG37 -> 32 | BP41: =BO41/BN41% -> 66.666667 | BQ41: =IF(BP41>=95.5,"6",IF(BP41>=90.5,"5", IF(BP41>=85.5,"4",IF(BP41>=80.5,"3",IF(BP41>=75.5,"2","0"))))) -> 0 | BR41: 0 | BS41: =BT41/2.5 -> 0 | BT41: 0 | BU41: =(BR41+BT41)/2 -> 0 | BV41: 8 | BW41: 8 | BX41: 0 | BY41: =AVERAGE(BV41:BX41) -> 5.3333333 | CA41: =ROUND(BQ41+BU41+BY41+BZ41,0) -> 5
A42: =OVERALL!A41 -> 38 | B42: =OVERALL!B41 -> 2301275 | C42: =OVERALL!C41 -> Suman Krishna | T42: 17 | BD42: 33 | BE42: =COUNTIF(D42:BC42,"P")+BD42 -> 33 | BG42: =BE42+BF42 -> 33 | BH42: 48 | BI42: =BG42/BH42 -> 0.6875 | BK42: =OVERALL!A37 -> 34 | BL42: =OVERALL!B37 -> 2301271 | BM42: =OVERALL!C37 -> Sudip Sunar | BN42: =BH38 -> 48 | BO42: =BG38 -> 33 | BP42: =BO42/BN42% -> 68.75 | BQ42: =IF(BP42>=95.5,"6",IF(BP42>=90.5,"5", IF(BP42>=85.5,"4",IF(BP42>=80.5,"3",IF(BP42>=75.5,"2","0"))))) -> 0 | BR42: 14 | BS42: =BT42/2.5 -> 4.8 | BT42: 12 | BU42: =(BR42+BT42)/2 -> 13 | BV42: 8 | BW42: 9 | BX42: 8 | BY42: =AVERAGE(BV42:BX42) -> 8.3333333 | CA42: =ROUND(BQ42+BU42+BY42+BZ42,0) -> 21
A43: =OVERALL!A42 -> 39 | B43: =OVERALL!B42 -> 2301276 | C43: =OVERALL!C42 -> Sumanyu | T43: 0 | BD43: 0 | BE43: =COUNTIF(D43:BC43,"P")+BD43 -> 0 | BG43: =BE43+BF43 -> 0 | BH43: 48 | BI43: =BG43/BH43 -> 0 | BK43: =OVERALL!A38 -> 35 | BL43: =OVERALL!B38 -> 2301272 | BM43: =OVERALL!C38 -> Sujal Sharma | BN43: =BH39 -> 48 | BO43: =BG39 -> 1 | BP43: =BO43/BN43% -> 2.0833333 | BQ43: =IF(BP43>=95.5,"6",IF(BP43>=90.5,"5", IF(BP43>=85.5,"4",IF(BP43>=80.5,"3",IF(BP43>=75.5,"2","0"))))) -> 0 | BR43: 0 | BS43: =BT43/2.5 -> 0 | BT43: 0 | BU43: =(BR43+BT43)/2 -> 0 | BV43: 9 | BW43: 0 | BX43: 0 | BY43: =AVERAGE(BV43:BX43) -> 3 | CA43: =ROUND(BQ43+BU43+BY43+BZ43,0) -> 3
A44: =OVERALL!A43 -> 40 | B44: =OVERALL!B43 -> 2301277 | C44: =OVERALL!C43 -> Tamana | T44: 18 | BD44: 22 | BE44: =COUNTIF(D44:BC44,"P")+BD44 -> 22 | BG44: =BE44+BF44 -> 22 | BH44: 48 | BI44: =BG44/BH44 -> 0.45833333 | BK44: =OVERALL!A39 -> 36 | BL44: =OVERALL!B39 -> 2301273 | BM44: =OVERALL!C39 -> Sukhraj Singh | BN44: =BH40 -> 48 | BO44: =BG40 -> 19 | BP44: =BO44/BN44% -> 39.583333 | BQ44: =IF(BP44>=95.5,"6",IF(BP44>=90.5,"5", IF(BP44>=85.5,"4",IF(BP44>=80.5,"3",IF(BP44>=75.5,"2","0"))))) -> 0 | BR44: 12 | BS44: =BT44/2.5 -> 4 | BT44: 10 | BU44: =(BR44+BT44)/2 -> 11 | BV44: 0 | BW44: 8 | BX44: 0 | BY44: =AVERAGE(BV44:BX44) -> 2.6666667 | CA44: =ROUND(BQ44+BU44+BY44+BZ44,0) -> 14
A45: =OVERALL!A44 -> 41 | B45: =OVERALL!B44 -> 2301278 | C45: =OVERALL!C44 -> Tamana Farooq Khanday | T45: 14 | BD45: 18 | BE45: =COUNTIF(D45:BC45,"P")+BD45 -> 18 | BG45: =BE45+BF45 -> 18 | BH45: 48 | BI45: =BG45/BH45 -> 0.375 | BK45: =OVERALL!A40 -> 37 | BL45: =OVERALL!B40 -> 2301274 | BM45: =OVERALL!C40 -> Sukhreet Kaur | BN45: =BH41 -> 48 | BO45: =BG41 -> 27 | BP45: =BO45/BN45% -> 56.25 | BQ45: =IF(BP45>=95.5,"6",IF(BP45>=90.5,"5", IF(BP45>=85.5,"4",IF(BP45>=80.5,"3",IF(BP45>=75.5,"2","0"))))) -> 0 | BR45: 13 | BS45: 13 | BT45: 13 | BU45: =(BR45+BT45)/2 -> 13 | BV45: 6 | BW45: 8 | BX45: 9 | BY45: =AVERAGE(BV45:BX45) -> 7.6666667 | CA45: =ROUND(BQ45+BU45+BY45+BZ45,0) -> 21
A46: =OVERALL!A45 -> 42 | B46: =OVERALL!B45 -> 2301279 | C46: =OVERALL!C45 -> Tania | T46: 25 | BD46: 36 | BE46: =COUNTIF(D46:BC46,"P")+BD46 -> 36 | BG46: =BE46+BF46 -> 36 | BH46: 48 | BI46: =BG46/BH46 -> 0.75 | BK46: =OVERALL!A41 -> 38 | BL46: =OVERALL!B41 -> 2301275 | BM46: =OVERALL!C41 -> Suman Krishna | BN46: =BH42 -> 48 | BO46: =BG42 -> 33 | BP46: =BO46/BN46% -> 68.75 | BQ46: =IF(BP46>=95.5,"6",IF(BP46>=90.5,"5", IF(BP46>=85.5,"4",IF(BP46>=80.5,"3",IF(BP46>=75.5,"2","0"))))) -> 0 | BR46: 14 | BS46: =BT46/2.5 -> 4.4 | BT46: 11 | BU46: =(BR46+BT46)/2 -> 12.5 | BV46: 8 | BW46: 9 | BX46: 9 | BY46: =AVERAGE(BV46:BX46) -> 8.6666667 | CA46: =ROUND(BQ46+BU46+BY46+BZ46,0) -> 21
A47: =OVERALL!A46 -> 43 | B47: =OVERALL!B46 -> 2301280 | C47: =OVERALL!C46 -> Taniya | T47: 12 | BD47: 16 | BE47: =COUNTIF(D47:BC47,"P")+BD47 -> 16 | BG47: =BE47+BF47 -> 16 | BH47: 48 | BI47: =BG47/BH47 -> 0.33333333 | BK47: =OVERALL!A42 -> 39 | BL47: =OVERALL!B42 -> 2301276 | BM47: =OVERALL!C42 -> Sumanyu | BN47: =BH43 -> 48 | BO47: =BG43 -> 0 | BP47: =BO47/BN47% -> 0 | BQ47: =IF(BP47>=95.5,"6",IF(BP47>=90.5,"5", IF(BP47>=85.5,"4",IF(BP47>=80.5,"3",IF(BP47>=75.5,"2","0"))))) -> 0 | BR47: 0 | BS47: =BT47/2.5 -> 0 | BT47: 0 | BU47: =(BR47+BT47)/2 -> 0 | BV47: 0 | BW47: 0 | BX47: 0 | BY47: =AVERAGE(BV47:BX47) -> 0 | CA47: =ROUND(BQ47+BU47+BY47+BZ47,0) -> 0
A48: =OVERALL!A47 -> 44 | B48: =OVERALL!B47 -> 2301281 | C48: =OVERALL!C47 -> Taziko Trakha | T48: 17 | BD48: 25 | BE48: =COUNTIF(D48:BC48,"P")+BD48 -> 25 | BF48: 6 | BG48: =BE48+BF48 -> 31 | BH48: 48 | BI48: =BG48/BH48 -> 0.64583333 | BK48: =OVERALL!A43 -> 40 | BL48: =OVERALL!B43 -> 2301277 | BM48: =OVERALL!C43 -> Tamana | BN48: =BH44 -> 48 | BO48: =BG44 -> 22 | BP48: =BO48/BN48% -> 45.833333 | BQ48: =IF(BP48>=95.5,"6",IF(BP48>=90.5,"5", IF(BP48>=85.5,"4",IF(BP48>=80.5,"3",IF(BP48>=75.5,"2","0"))))) -> 0 | BR48: 15 | BS48: =BT48/2.5 -> 6 | BT48: 15 | BU48: =(BR48+BT48)/2 -> 15 | BV48: 7 | BW48: 9 | BX48: 8 | BY48: =AVERAGE(BV48:BX48) -> 8 | CA48: =ROUND(BQ48+BU48+BY48+BZ48,0) -> 23
A49: 45 | B49: =OVERALL!B48 -> 2301282 | C49: =OVERALL!C48 -> Uday Kumar | T49: 7 | BD49: 7 | BE49: =COUNTIF(D49:BC49,"P")+BD49 -> 7 | BG49: =BE49+BF49 -> 7 | BH49: 48 | BI49: =BG49/BH49 -> 0.14583333 | BK49: =OVERALL!A44 -> 41 | BL49: =OVERALL!B44 -> 2301278 | BM49: =OVERALL!C44 -> Tamana Farooq Khanday | BN49: =BH45 -> 48 | BO49: =BG45 -> 18 | BP49: =BO49/BN49% -> 37.5 | BQ49: =IF(BP49>=95.5,"6",IF(BP49>=90.5,"5", IF(BP49>=85.5,"4",IF(BP49>=80.5,"3",IF(BP49>=75.5,"2","0"))))) -> 0 | BR49: 12 | BS49: =BT49/2.5 -> 5.6 | BT49: 14 | BU49: =(BR49+BT49)/2 -> 13 | BV49: 9 | BW49: 8 | BX49: 8 | BY49: =AVERAGE(BV49:BX49) -> 8.3333333 | CA49: =ROUND(BQ49+BU49+BY49+BZ49,0) -> 21
A50: 46 | B50: =OVERALL!B49 -> 2301283 | C50: =OVERALL!C49 -> Vaibhav Shahi | T50: 11 | BD50: 13 | BE50: =COUNTIF(D50:BC50,"P")+BD50 -> 13 | BG50: =BE50+BF50 -> 13 | BH50: 48 | BI50: =BG50/BH50 -> 0.27083333 | BK50: =OVERALL!A45 -> 42 | BL50: =OVERALL!B45 -> 2301279 | BM50: =OVERALL!C45 -> Tania | BN50: =BH46 -> 48 | BO50: =BG46 -> 36 | BP50: =BO50/BN50% -> 75 | BQ50: =IF(BP50>=95.5,"6",IF(BP50>=90.5,"5", IF(BP50>=85.5,"4",IF(BP50>=80.5,"3",IF(BP50>=75.5,"2","0"))))) -> 0 | BR50: 15 | BS50: =BT50/2.5 -> 4.4 | BT50: 11 | BU50: =(BR50+BT50)/2 -> 13 | BV50: 8 | BW50: 9 | BX50: 8 | BY50: =AVERAGE(BV50:BX50) -> 8.3333333 | CA50: =ROUND(BQ50+BU50+BY50+BZ50,0) -> 21
A51: 47 | B51: =OVERALL!B50 -> 2301284 | C51: =OVERALL!C50 -> Vansh Kumar | T51: 0 | BD51: 0 | BE51: =COUNTIF(D51:BC51,"P")+BD51 -> 0 | BG51: =BE51+BF51 -> 0 | BH51: 48 | BI51: =BG51/BH51 -> 0 | BK51: =OVERALL!A46 -> 43 | BL51: =OVERALL!B46 -> 2301280 | BM51: =OVERALL!C46 -> Taniya | BN51: =BH47 -> 48 | BO51: =BG47 -> 16 | BP51: =BO51/BN51% -> 33.333333 | BQ51: =IF(BP51>=95.5,"6",IF(BP51>=90.5,"5", IF(BP51>=85.5,"4",IF(BP51>=80.5,"3",IF(BP51>=75.5,"2","0"))))) -> 0 | BR51: 14 | BS51: =BT51/2.5 -> 2.4 | BT51: 6 | BU51: =(BR51+BT51)/2 -> 10 | BV51: 8 | BW51: 9 | BX51: 7 | BY51: =AVERAGE(BV51:BX51) -> 8 | CA51: =ROUND(BQ51+BU51+BY51+BZ51,0) -> 18
A52: 48 | B52: =OVERALL!B51 -> 2301285 | C52: =OVERALL!C51 -> Vansh Sharma | T52: 18 | BD52: 24 | BE52: =COUNTIF(D52:BC52,"P")+BD52 -> 24 | BG52: =BE52+BF52 -> 24 | BH52: 48 | BI52: =BG52/BH52 -> 0.5 | BK52: =OVERALL!A47 -> 44 | BL52: =OVERALL!B47 -> 2301281 | BM52: =OVERALL!C47 -> Taziko Trakha | BN52: =BH48 -> 48 | BO52: =BG48 -> 31 | BP52: =BO52/BN52% -> 64.583333 | BQ52: =IF(BP52>=95.5,"6",IF(BP52>=90.5,"5", IF(BP52>=85.5,"4",IF(BP52>=80.5,"3",IF(BP52>=75.5,"2","0"))))) -> 0 | BR52: 14 | BS52: =BT52/2.5 -> 2.4 | BT52: 6 | BU52: =(BR52+BT52)/2 -> 10 | BV52: 8 | BW52: 9 | BX52: 9 | BY52: =AVERAGE(BV52:BX52) -> 8.6666667 | CA52: =ROUND(BQ52+BU52+BY52+BZ52,0) -> 19
A53: 49 | B53: =OVERALL!B52 -> 2301286 | C53: =OVERALL!C52 -> Vikramjit Singh | T53: 3 | BD53: 3 | BE53: =COUNTIF(D53:BC53,"P")+BD53 -> 3 | BG53: =BE53+BF53 -> 3 | BH53: 48 | BI53: =BG53/BH53 -> 0.0625 | BK53: =OVERALL!A48 -> 45 | BL53: =OVERALL!B48 -> 2301282 | BM53: =OVERALL!C48 -> Uday Kumar | BN53: =BH49 -> 48 | BO53: =BG49 -> 7 | BP53: =BO53/BN53% -> 14.583333 | BQ53: =IF(BP53>=95.5,"6",IF(BP53>=90.5,"5", IF(BP53>=85.5,"4",IF(BP53>=80.5,"3",IF(BP53>=75.5,"2","0"))))) -> 0 | BR53: 10 | BS53: =BT53/2.5 -> 0.4 | BT53: 1 | BU53: =(BR53+BT53)/2 -> 5.5 | BV53: 8 | BW53: 0 | BX53: 0 | BY53: =AVERAGE(BV53:BX53) -> 2.6666667 | CA53: =ROUND(BQ53+BU53+BY53+BZ53,0) -> 8
A54: 50 | B54: =OVERALL!B53 -> 2301287 | C54: =OVERALL!C53 -> Vishavjit Singh | T54: 4 | BD54: 4 | BE54: =COUNTIF(D54:BC54,"P")+BD54 -> 4 | BG54: =BE54+BF54 -> 4 | BH54: 48 | BI54: =BG54/BH54 -> 0.083333333 | BK54: =OVERALL!A49 -> 46 | BL54: =OVERALL!B49 -> 2301283 | BM54: =OVERALL!C49 -> Vaibhav Shahi | BN54: =BH50 -> 48 | BO54: =BG50 -> 13 | BP54: =BO54/BN54% -> 27.083333 | BQ54: =IF(BP54>=95.5,"6",IF(BP54>=90.5,"5", IF(BP54>=85.5,"4",IF(BP54>=80.5,"3",IF(BP54>=75.5,"2","0"))))) -> 0 | BR54: 10 | BS54: =BT54/2.5 -> 5.6 | BT54: 14 | BU54: =(BR54+BT54)/2 -> 12 | BV54: 8 | BW54: 0 | BX54: 6 | BY54: =AVERAGE(BV54:BX54) -> 4.6666667 | CA54: =ROUND(BQ54+BU54+BY54+BZ54,0) -> 17
A55: 51 | B55: =OVERALL!B54 -> 2339508 | C55: =OVERALL!C54 -> TANISHA | T55: 25 | BD55: 38 | BE55: =COUNTIF(D55:BC55,"P")+BD55 -> 38 | BG55: =BE55+BF55 -> 38 | BH55: 48 | BI55: =BG55/BH55 -> 0.79166667 | BK55: =OVERALL!A50 -> 47 | BL55: =OVERALL!B50 -> 2301284 | BM55: =OVERALL!C50 -> Vansh Kumar | BN55: =BH51 -> 48 | BO55: =BG51 -> 0 | BP55: =BO55/BN55% -> 0 | BQ55: =IF(BP55>=95.5,"6",IF(BP55>=90.5,"5", IF(BP55>=85.5,"4",IF(BP55>=80.5,"3",IF(BP55>=75.5,"2","0"))))) -> 0 | BR55: 0 | BS55: =BT55/2.5 -> 0 | BT55: 0 | BU55: =(BR55+BT55)/2 -> 0 | BV55: 0 | BW55: 0 | BX55: 0 | BY55: =AVERAGE(BV55:BX55) -> 0 | CA55: =ROUND(BQ55+BU55+BY55+BZ55,0) -> 0
A56: 52 | B56: =OVERALL!B55 -> 2339509 | C56: =OVERALL!C55 -> TOHIED AHMED | T56: 0 | BD56: 0 | BE56: =COUNTIF(D56:BC56,"P")+BD56 -> 0 | BG56: =BE56+BF56 -> 0 | BH56: 48 | BI56: =BG56/BH56 -> 0 | BK56: =OVERALL!A51 -> 48 | BL56: =OVERALL!B51 -> 2301285 | BM56: =OVERALL!C51 -> Vansh Sharma | BN56: =BH52 -> 48 | BO56: =BG52 -> 24 | BP56: =BO56/BN56% -> 50 | BQ56: =IF(BP56>=95.5,"6",IF(BP56>=90.5,"5", IF(BP56>=85.5,"4",IF(BP56>=80.5,"3",IF(BP56>=75.5,"2","0"))))) -> 0 | BR56: 0 | BS56: =BT56/2.5 -> 0 | BT56: 0 | BU56: =(BR56+BT56)/2 -> 0 | BV56: 7 | BW56: 9 | BX56: 5 | BY56: =AVERAGE(BV56:BX56) -> 7 | CA56: =ROUND(BQ56+BU56+BY56+BZ56,0) -> 7
A57: 53 | B57: =OVERALL!B56 -> 2301207 | C57: =OVERALL!C56 -> Harsh thakur | T57: 0 | BD57: 0 | BE57: =COUNTIF(D57:BC57,"P")+BD57 -> 0 | BG57: =BE57+BF57 -> 0 | BH57: 48 | BI57: =BG57/BH57 -> 0 | BK57: =OVERALL!A52 -> 49 | BL57: =OVERALL!B52 -> 2301286 | BM57: =OVERALL!C52 -> Vikramjit Singh | BN57: =BH53 -> 48 | BO57: =BG53 -> 3 | BP57: =BO57/BN57% -> 6.25 | BQ57: =IF(BP57>=95.5,"6",IF(BP57>=90.5,"5", IF(BP57>=85.5,"4",IF(BP57>=80.5,"3",IF(BP57>=75.5,"2","0"))))) -> 0 | BR57: 0 | BS57: =BT62/2.5 -> 2.8 | BT57: 0 | BU57: =(BR57+BT57)/2 -> 0 | BV57: 0 | BW57: 0 | BX57: 0 | BY57: =AVERAGE(BV57:BX57) -> 0 | CA57: =ROUND(BQ57+BU57+BY57+BZ57,0) -> 0
A58: 54 | B58: =OVERALL!B57 -> Leet | C58: =OVERALL!C57 -> Gagan | T58: 20 | BD58: 38 | BE58: =COUNTIF(D58:BC58,"P")+BD58 -> 38 | BG58: =BE58+BF58 -> 38 | BH58: 48 | BI58: =BG58/BH58 -> 0.79166667 | BK58: =OVERALL!A53 -> 50 | BL58: =OVERALL!B53 -> 2301287 | BM58: =OVERALL!C53 -> Vishavjit Singh | BN58: =BH54 -> 48 | BO58: =BG54 -> 4 | BP58: =BO58/BN58% -> 8.3333333 | BQ58: =IF(BP58>=95.5,"6",IF(BP58>=90.5,"5", IF(BP58>=85.5,"4",IF(BP58>=80.5,"3",IF(BP58>=75.5,"2","0"))))) -> 0 | BR58: 0 | BS58: =BT63/2.5 -> 7.2 | BT58: 0 | BU58: =(BR58+BT58)/2 -> 0 | BV58: 0 | BW58: 0 | BX58: 0 | BY58: =AVERAGE(BV58:BX58) -> 0 | CA58: =ROUND(BQ58+BU58+BY58+BZ58,0) -> 0
A59: 55 | B59: =OVERALL!B58 -> Leet | C59: =OVERALL!C58 -> Manisha | T59: 22 | BD59: 39 | BE59: =COUNTIF(D59:BC59,"P")+BD59 -> 39 | BG59: =BE59+BF59 -> 39 | BH59: 48 | BI59: =BG59/BH59 -> 0.8125 | BK59: =OVERALL!A54 -> 51 | BL59: =OVERALL!B54 -> 2339508 | BM59: =OVERALL!C54 -> TANISHA | BN59: =BH55 -> 48 | BO59: =BG55 -> 38 | BP59: =BO59/BN59% -> 79.166667 | BQ59: =IF(BP59>=95.5,"6",IF(BP59>=90.5,"5", IF(BP59>=85.5,"4",IF(BP59>=80.5,"3",IF(BP59>=75.5,"2","0"))))) -> 2 | BR59: 0 | BS59: =BT64/2.5 -> 8 | BT59: 10 | BU59: =(BR59+BT59)/2 -> 5 | BV59: 8 | BW59: 8 | BX59: 8 | BY59: =AVERAGE(BV59:BX59) -> 8 | CA59: =ROUND(BQ59+BU59+BY59+BZ59,0) -> 15
A60: 56 | B60: =OVERALL!B59 -> Leet | C60: =OVERALL!C59 -> Richa | T60: 24 | BD60: 43 | BE60: =COUNTIF(D60:BC60,"P")+BD60 -> 43 | BG60: =BE60+BF60 -> 43 | BH60: 48 | BI60: =BG60/BH60 -> 0.89583333 | BK60: =OVERALL!A55 -> 52 | BL60: =OVERALL!B55 -> 2339509 | BM60: =OVERALL!C55 -> TOHIED AHMED | BN60: =BH56 -> 48 | BO60: =BG56 -> 0 | BP60: =BO60/BN60% -> 0 | BQ60: =IF(BP60>=95.5,"6",IF(BP60>=90.5,"5", IF(BP60>=85.5,"4",IF(BP60>=80.5,"3",IF(BP60>=75.5,"2","0"))))) -> 0 | BR60: 0 | BS60: =BT60/2.5 -> 0 | BT60: 0 | BU60: =(BR60+BT60)/2 -> 0 | BV60: 0 | BW60: 0 | BX60: 0 | BY60: =AVERAGE(BV60:BX60) -> 0 | CA60: =ROUND(BQ60+BU60+BY60+BZ60,0) -> 0
A61: 57 | B61: =OVERALL!B60 -> Leet | C61: =OVERALL!C60 -> Prakriti | T61: 14 | BD61: 33 | BE61: =COUNTIF(D61:BC61,"P")+BD61 -> 33 | BG61: =BE61+BF61 -> 33 | BH61: 33 | BI61: =BG61/BH61 -> 1 | BK61: =OVERALL!A56 -> 53 | BL61: =OVERALL!B56 -> 2301207 | BM61: =OVERALL!C56 -> Harsh thakur | BN61: =BH57 -> 48 | BO61: =BG57 -> 0 | BP61: =BO61/BN61% -> 0 | BQ61: =IF(BP61>=95.5,"6",IF(BP61>=90.5,"5", IF(BP61>=85.5,"4",IF(BP61>=80.5,"3",IF(BP61>=75.5,"2","0"))))) -> 0 | BR61: 0 | BS61: =BT61/2.5 -> 0 | BT61: 0 | BU61: =(BR61+BT61)/2 -> 0 | BV61: 0 | BW61: 0 | BX61: 0 | BY61: =AVERAGE(BV61:BX61) -> 0 | CA61: =ROUND(BQ61+BU61+BY61+BZ61,0) -> 0
A62: 58 | B62: =OVERALL!B61 -> leet | C62: =OVERALL!C61 -> Shubham | T62: 6 | BD62: 20 | BE62: =COUNTIF(D62:BC62,"P")+BD62 -> 20 | BG62: =BE62+BF62 -> 20 | BH62: 25 | BI62: =BG62/BH62 -> 0.8 | BK62: =OVERALL!A57 -> 54 | BL62: =OVERALL!B57 -> Leet | BM62: =OVERALL!C57 -> Gagan | BN62: =BH58 -> 48 | BO62: =BG58 -> 38 | BP62: =BO62/BN62% -> 79.166667 | BQ62: =IF(BP62>=95.5,"6",IF(BP62>=90.5,"5", IF(BP62>=85.5,"4",IF(BP62>=80.5,"3",IF(BP62>=75.5,"2","0"))))) -> 2 | BR62: 13 | BS62: =BT62/2.5 -> 2.8 | BT62: 7 | BU62: =(BR62+BT62)/2 -> 10 | BV62: 8 | BW62: 9 | BX62: 7 | BY62: =AVERAGE(BV62:BX62) -> 8 | CA62: =ROUND(BQ62+BU62+BY62+BZ62,0) -> 20
BK63: =OVERALL!A58 -> 55 | BL63: =OVERALL!B58 -> Leet | BM63: =OVERALL!C58 -> Manisha | BN63: =BH59 -> 48 | BO63: =BG59 -> 39 | BP63: =BO63/BN63% -> 81.25 | BQ63: =IF(BP63>=95.5,"6",IF(BP63>=90.5,"5", IF(BP63>=85.5,"4",IF(BP63>=80.5,"3",IF(BP63>=75.5,"2","0"))))) -> 3 | BR63: 15 | BS63: =BT63/2.5 -> 7.2 | BT63: 18 | BU63: =(BR63+BT63)/2 -> 16.5 | BV63: 9 | BW63: 9 | BX63: 8 | BY63: =AVERAGE(BV63:BX63) -> 8.6666667 | CA63: =ROUND(BQ63+BU63+BY63+BZ63,0) -> 28
BK64: =OVERALL!A59 -> 56 | BL64: =OVERALL!B59 -> Leet | BM64: =OVERALL!C59 -> Richa | BN64: =BH60 -> 48 | BO64: =BG60 -> 43 | BP64: =BO64/BN64% -> 89.583333 | BQ64: =IF(BP64>=95.5,"6",IF(BP64>=90.5,"5", IF(BP64>=85.5,"4",IF(BP64>=80.5,"3",IF(BP64>=75.5,"2","0"))))) -> 4 | BR64: 24 | BS64: =BT64/2.5 -> 8 | BT64: 20 | BU64: =(BR64+BT64)/2 -> 22 | BV64: 9 | BW64: 10 | BX64: 9 | BY64: =AVERAGE(BV64:BX64) -> 9.3333333 | CA64: =ROUND(BQ64+BU64+BY64+BZ64,0) -> 35
BK65: =OVERALL!A60 -> 57 | BL65: =OVERALL!B60 -> Leet | BM65: =OVERALL!C60 -> Prakriti | BN65: =BH61 -> 33 | BO65: =BG61 -> 33 | BP65: =BO65/BN65% -> 100 | BQ65: =IF(BP65>=95.5,"6",IF(BP65>=90.5,"5", IF(BP65>=85.5,"4",IF(BP65>=80.5,"3",IF(BP65>=75.5,"2","0"))))) -> 6 | BR65: 18 | BS65: =BT65/2.5 -> 6 | BT65: 15 | BU65: =(BR65+BT65)/2 -> 16.5 | BV65: 8 | BW65: 9 | BX65: 9 | BY65: =AVERAGE(BV65:BX65) -> 8.6666667 | CA65: =ROUND(BQ65+BU65+BY65+BZ65,0) -> 31
BK66: =OVERALL!A61 -> 58 | BL66: =OVERALL!B61 -> leet | BM66: =OVERALL!C61 -> Shubham | BN66: =BH62 -> 25 | BO66: =BG62 -> 20 | BP66: =BO66/BN66% -> 80 | BQ66: =IF(BP66>=95.5,"6",IF(BP66>=90.5,"5", IF(BP66>=85.5,"4",IF(BP66>=80.5,"3",IF(BP66>=75.5,"2","0"))))) -> 2 | BR66: 0 | BS66: =BT71/2.5 -> 0 | BT66: 12 | BU66: =(BR66+BT66)/2 -> 6 | BV66: 9 | BW66: 9 | BX66: 8 | BY66: =AVERAGE(BV66:BX66) -> 8.6666667 | CA66: =ROUND(BQ66+BU66+BY66+BZ66,0) -> 17

Sheet DSA
A1: =OVERALL!A1 -> ATTENDANCE RECORD JULY-NOVEMEBER 2024 (B.Tech CSE 3B)
A2: Mr.Manjot Singh | BJ2: CTIEMT
A3: Date | D3: 16/7/2024 | E3: 17/7/2024 | BD3: PRESENT | BE3: DL (IF ANY) | BF3: Total Attended | BG3: Total Delievered | BH3: PERCENTAGE | BJ3: Evaluation Sheet for Internal Awards (Theory)
A4: S.No. | B4: Reg No. | C4: Name of Student | D4: 1 | E4: 2 | F4: 3 | G4: 4 | H4: 5 | I4: 6 | J4: 7 | K4: 8 | L4: 9 | M4: 10 | N4: 11 | O4: 12 | P4: 13 | Q4: 14 | R4: 15 | S4: 16 | T4: 17 | U4: 18 | V4: 19 | W4: 20 | X4: 21 | Y4: 22 | Z4: 23 | AA4: 24 | AB4: 25 | AC4: 26 | AD4: 27 | AE4: 28 | AF4: 29 | AG4: 30 | AH4: 31 | AI4: 32 | AJ4: 33 | AK4: 34 | AL4: 35 | AM4: 36 | AN4: 37 | AO4: 38 | AP4: 39 | AQ4: 40 | AR4: 41 | AS4: 42 | AT4: 43 | AU4: 44 | AV4: 45 | AW4: 46 | AX4: 47 | AY4: 48 | AZ4: 49 | BA4: 50 | BB4: 51 | BC4: 52 | BJ4: Session: July-November2024
A5: =OVERALL!A4 -> 1 | B5: =OVERALL!B4 -> 2301236 | C5: =OVERALL!C4 -> Manmohan Singh | D5: A | E5: P | F5: 3 | BD5: 14 | BE5: 5 | BF5: =BD5+BE5 -> 19 | BG5: 41 | BH5: =BF5/BG5 -> 0.46341463 | BJ5: Department: CSE | BS5: Semester: 3rd B
A6: =OVERALL!A5 -> 2 | B6: =OVERALL!B5 -> 2301237 | C6: =OVERALL!C5 -> Manpreet Kaur | D6: P | E6: P | BD6: 33 | BF6: =BD6+BE6 -> 33 | BG6: 41 | BH6: =BF6/BG6 -> 0.80487805 | BJ6: Subject Name: DSA | BS6: Subject Code: BTCS 301-18
A7: =OVERALL!A6 -> 3 | B7: =OVERALL!B6 -> 2301238 | C7: =OVERALL!C6 -> Md Warish Chesam | D7: P | E7: P | BD7: 33 | BF7: =BD7+BE7 -> 33 | BG7: 41 | BH7: =BF7/BG7 -> 0.80487805 | BJ7: S.No. | BK7: Reg No. | BL7: Name of Student | BM7: Total Lec Del | BN7: Total Lec Att | BO7: Att %age | BP7: Att Marks (6) | BQ7: MST I | BR7: MST II(Original) | BS7: MST marks | BT7: Assignment | BW7: Weighted marks in Assignments (10) | BX7: Grand Total (40)
A8: =OVERALL!A7 -> 4 | B8: =OVERALL!B7 -> 2301239 | C8: =OVERALL!C7 -> Mohd Shahid Afridi | D8: A | E8: A | F8: A | G8: A | H8: A | I8: A | J8: A | K8: A | L8: A | M8: A | N8: A | O8: A | P8: A | Q8: A | R8: A | S8: A | T8: A | U8: A | V8: A | W8: A | X8: A | Y8: A | Z8: A | AA8: A | AB8: A | AC8: A | AD8: A | AE8: A | BD8: 0 | BF8: =BD8+BE8 -> 0 | BG8: 41 | BH8: =BF8/BG8 -> 0 | BS8: Average MST I & II (24) | BT8: 1 | BU8: 2 | BV8: 3
A9: =OVERALL!A8 -> 5 | B9: =OVERALL!B8 -> 2301240 | C9: =OVERALL!C8 -> Munisha | D9: P | E9: P | BD9: 34 | BE9: 5 | BF9: =BD9+BE9 -> 39 | BG9: 41 | BH9: =BF9/BG9 -> 0.95121951 | BJ9: =OVERALL!A4 -> 1 | BK9: =OVERALL!B4 -> 2301236 | BL9: =OVERALL!C4 -> Manmohan Singh | BM9: =BG5 -> 41 | BN9: =BF5 -> 19 | BO9: =BN9/BM9% -> 46.341463 | BP9: =IF(BO9>=95.5,"6",IF(BO9>=90.5,"5", IF(BO9>=85.5,"4",IF(BO9>=80.5,"3",IF(BO9>=75.5,"2","0"))))) -> 0 | BQ9: 13 | BR9: 8 | BS9: =AVERAGE(BQ9:BR9) -> 10.5 | BT9: 9 | BU9: 0 | BV9: 10 | BW9: =AVERAGE(BT9:BV9) -> 6.3333333 | BX9: =ROUND(BP9+BS9+BW9,0) -> 17
A10: =OVERALL!A9 -> 6 | B10: =OVERALL!B9 -> 2301241 | C10: =OVERALL!C9 -> Nikhil Kumar Thakur | D10: P | E10: P | BD10: 38 | BF10: =BD10+BE10 -> 38 | BG10: 41 | BH10: =BF10/BG10 -> 0.92682927 | BJ10: =OVERALL!A5 -> 2 | BK10: =OVERALL!B5 -> 2301237 | BL10: =OVERALL!C5 -> Manpreet Kaur | BM10: =BG6 -> 41 | BN10: =BF6 -> 33 | BO10: =BN10/BM10% -> 80.487805 | BP10: =IF(BO10>=95.5,"6",IF(BO10>=90.5,"5", IF(BO10>=85.5,"4",IF(BO10>=80.5,"3",IF(BO10>=75.5,"2","0"))))) -> 2 | BQ10: 24 | BR10: 20 | BS10: =AVERAGE(BQ10:BR10) -> 22 | BT10: 9 | BU10: 10 | BV10: 9 | BW10: =AVERAGE(BT10:BV10) -> 9.3333333 | BX10: =ROUND(BP10+BS10+BW10,0) -> 33
A11: =OVERALL!A10 -> 7 | B11: =OVERALL!B10 -> 2301242 | C11: =OVERALL!C10 -> Palak Pathania | D11: P | E11: P | BD11: 30 | BE11: 5 | BF11: =BD11+BE11 -> 35 | BG11: 41 | BH11: =BF11/BG11 -> 0.85365854 | BJ11: =OVERALL!A6 -> 3 | BK11: =OVERALL!B6 -> 2301238 | BL11: =OVERALL!C6 -> Md Warish Chesam | BM11: =BG7 -> 41 | BN11: =BF7 -> 33 | BO11: =BN11/BM11% -> 80.487805 | BP11: =IF(BO11>=95.5,"6",IF(BO11>=90.5,"5", IF(BO11>=85.5,"4",IF(BO11>=80.5,"3",IF(BO11>=75.5,"2","0"))))) -> 2 | BQ11: 14 | BR11: 10 | BS11: =AVERAGE(BQ11:BR11) -> 12 | BT11: 8 | BU11: 8 | BV11: 10 | BW11: =AVERAGE(BT11:BV11) -> 8.6666667 | BX11: =ROUND(BP11+BS11+BW11,0) -> 23
A12: =OVERALL!A11 -> 8 | B12: =OVERALL!B11 -> 2301243 | C12: =OVERALL!C11 -> Pardeep Singh | D12: P | E12: P | BD12: 29 | BF12: =BD12+BE12 -> 29 | BG12: 41 | BH12: =BF12/BG12 -> 0.70731707 | BJ12: =OVERALL!A7 -> 4 | BK12: =OVERALL!B7 -> 2301239 | BL12: =OVERALL!C7 -> Mohd Shahid Afridi | BM12: =BG8 -> 41 | BN12: =BF8 -> 0 | BO12: =BN12/BM12% -> 0 | BP12: =IF(BO12>=95.5,"6",IF(BO12>=90.5,"5", IF(BO12>=85.5,"4",IF(BO12>=80.5,"3",IF(BO12>=75.5,"2","0"))))) -> 0 | BQ12: 0 | BR12: 0 | BS12: =AVERAGE(BQ12:BR12) -> 0 | BT12: 0 | BU12: 0 | BV12: 0 | BW12: =AVERAGE(BT12:BV12) -> 0 | BX12: =ROUND(BP12+BS12+BW12,0) -> 0
A13: =OVERALL!A12 -> 9 | B13: =OVERALL!B12 -> 2301244 | C13: =OVERALL!C12 -> Parveen Mandal | D13: A | E13: A | F13: A | G13: A | H13: A | I13: A | J13: A | K13: A | L13: A | M13: A | N13: A | O13: A | P13: A | Q13: A | R13: A | S13: A | T13: A | U13: A | V13: A | W13: A | X13: A | Y13: A | Z13: A | AA13: A | AB13: A | AC13: A | AD13: A | AE13: A | BD13: 0 | BF13: =BD13+BE13 -> 0 | BG13: 41 | BH13: =BF13/BG13 -> 0 | BJ13: =OVERALL!A8 -> 5 | BK13: =OVERALL!B8 -> 2301240 | BL13: =OVERALL!C8 -> Munisha | BM13: =BG9 -> 41 | BN13: =BF9 -> 39 | BO13: =BN13/BM13% -> 95.121951 | BP13: =IF(BO13>=95.5,"6",IF(BO13>=90.5,"5", IF(BO13>=85.5,"4",IF(BO13>=80.5,"3",IF(BO13>=75.5,"2","0"))))) -> 5 | BQ13: 19 | BR13: 12 | BS13: =AVERAGE(BQ13:BR13) -> 15.5 | BT13: 8 | BU13: 9 | BV13: 8 | BW13: =AVERAGE(BT13:BV13) -> 8.3333333 | BX13: =ROUND(BP13+BS13+BW13,0) -> 29
A14: =OVERALL!A13 -> 10 | B14: =OVERALL!B13 -> 2301245 | C14: =OVERALL!C13 -> Payal | D14: P | E14: P | BD14: 38 | BE14: 3 | BF14: =BD14+BE14 -> 41 | BG14: 41 | BH14: =BF14/BG14 -> 1 | BJ14: =OVERALL!A9 -> 6 | BK14: =OVERALL!B9 -> 2301241 | BL14: =OVERALL!C9 -> Nikhil Kumar Thakur | BM14: =BG10 -> 41 | BN14: =BF10 -> 38 | BO14: =BN14/BM14% -> 92.682927 | BP14: =IF(BO14>=95.5,"6",IF(BO14>=90.5,"5", IF(BO14>=85.5,"4",IF(BO14>=80.5,"3",IF(BO14>=75.5,"2","0"))))) -> 5 | BQ14: 20 | BR14: 17 | BS14: =AVERAGE(BQ14:BR14) -> 18.5 | BT14: 8 | BU14: 9 | BV14: 10 | BW14: =AVERAGE(BT14:BV14) -> 9 | BX14: =ROUND(BP14+BS14+BW14,0) -> 33
A15: =OVERALL!A14 -> 11 | B15: =OVERALL!B14 -> 2301247 | C15: =OVERALL!C14 -> Priya | D15: P | E15: P | BD15: 27 | BE15: 6 | BF15: =BD15+BE15 -> 33 | BG15: 41 | BH15: =BF15/BG15 -> 0.80487805 | BJ15: =OVERALL!A10 -> 7 | BK15: =OVERALL!B10 -> 2301242 | BL15: =OVERALL!C10 -> Palak Pathania | BM15: =BG11 -> 41 | BN15: =BF11 -> 35 | BO15: =BN15/BM15% -> 85.365854 | BP15: =IF(BO15>=95.5,"6",IF(BO15>=90.5,"5", IF(BO15>=85.5,"4",IF(BO15>=80.5,"3",IF(BO15>=75.5,"2","0"))))) -> 3 | BQ15: 21 | BR15: 19 | BS15: =AVERAGE(BQ15:BR15) -> 20 | BT15: 9 | BU15: 8 | BV15: 10 | BW15: =AVERAGE(BT15:BV15) -> 9 | BX15: =ROUND(BP15+BS15+BW15,0) -> 32
A16: =OVERALL!A15 -> 12 | B16: =OVERALL!B15 -> 2301248 | C16: =OVERALL!C15 -> Priyam Puri | D16: A | E16: P | BD16: 0 | BF16: =BD16+BE16 -> 0 | BG16: 41 | BH16: =BF16/BG16 -> 0 | BJ16: =OVERALL!A11 -> 8 | BK16: =OVERALL!B11 -> 2301243 | BL16: =OVERALL!C11 -> Pardeep Singh | BM16: =BG12 -> 41 | BN16: =BF12 -> 29 | BO16: =BN16/BM16% -> 70.731707 | BP16: =IF(BO16>=95.5,"6",IF(BO16>=90.5,"5", IF(BO16>=85.5,"4",IF(BO16>=80.5,"3",IF(BO16>=75.5,"2","0"))))) -> 0 | BQ16: 14 | BR16: 1 | BS16: =AVERAGE(BQ16:BR16) -> 7.5 | BT16: 8 | BU16: 8 | BV16: 10 | BW16: =AVERAGE(BT16:BV16) -> 8.6666667 | BX16: =ROUND(BP16+BS16+BW16,0) -> 16
A17: =OVERALL!A16 -> 13 | B17: =OVERALL!B16 -> 2301249 | C17: =OVERALL!C16 -> Rahul Sharma | D17: A | E17: P | BD17: 24 | BE17: 9 | BF17: =BD17+BE17 -> 33 | BG17: 41 | BH17: =BF17/BG17 -> 0.80487805 | BJ17: =OVERALL!A12 -> 9 | BK17: =OVERALL!B12 -> 2301244 | BL17: =OVERALL!C12 -> Parveen Mandal | BM17: =BG13 -> 41 | BN17: =BF13 -> 0 | BO17: =BN17/BM17% -> 0 | BP17: =IF(BO17>=95.5,"6",IF(BO17>=90.5,"5", IF(BO17>=85.5,"4",IF(BO17>=80.5,"3",IF(BO17>=75.5,"2","0"))))) -> 0 | BQ17: 0 | BR17: 0 | BS17: =AVERAGE(BQ17:BR17) -> 0 | BT17: 0 | BU17: 0 | BV17: 0 | BW17: =AVERAGE(BT17:BV17) -> 0 | BX17: =ROUND(BP17+BS17+BW17,0) -> 0
A18: =OVERALL!A17 -> 14 | B18: =OVERALL!B17 -> 2301250 | C18: =OVERALL!C17 -> Rahulpreet Singh Khinda | D18: A | E18: P | BD18: 25 | BF18: =BD18+BE18 -> 25 | BG18: 41 | BH18: =BF18/BG18 -> 0.6097561 | BJ18: =OVERALL!A13 -> 10 | BK18: =OVERALL!B13 -> 2301245 | BL18: =OVERALL!C13 -> Payal | BM18: =BG14 -> 41 | BN18: =BF14 -> 41 | BO18: =BN18/BM18% -> 100 | BP18: =IF(BO18>=95.5,"6",IF(BO18>=90.5,"5", IF(BO18>=85.5,"4",IF(BO18>=80.5,"3",IF(BO18>=75.5,"2","0"))))) -> 6 | BQ18: 24 | BR18: 14 | BS18: =AVERAGE(BQ18:BR18) -> 19 | BT18: 10 | BU18: 10 | BV18: 8 | BW18: =AVERAGE(BT18:BV18) -> 9.3333333 | BX18: =ROUND(BP18+BS18+BW18,0) -> 34
A19: =OVERALL!A18 -> 15 | B19: =OVERALL!B18 -> 2301251 | C19: =OVERALL!C18 -> Raj Kumar | D19: P | E19: P | BD19: 32 | BF19: =BD19+BE19 -> 32 | BG19: 41 | BH19: =BF19/BG19 -> 0.7804878 | BJ19: =OVERALL!A14 -> 11 | BK19: =OVERALL!B14 -> 2301247 | BL19: =OVERALL!C14 -> Priya | BM19: =BG15 -> 41 | BN19: =BF15 -> 33 | BO19: =BN19/BM19% -> 80.487805 | BP19: =IF(BO19>=95.5,"6",IF(BO19>=90.5,"5", IF(BO19>=85.5,"4",IF(BO19>=80.5,"3",IF(BO19>=75.5,"2","0"))))) -> 2 | BQ19: 23 | BR19: 11 | BS19: =AVERAGE(BQ19:BR19) -> 17 | BT19: 9 | BU19: 10 | BV19: 9 | BW19: =AVERAGE(BT19:BV19) -> 9.3333333 | BX19: =ROUND(BP19+BS19+BW19,0) -> 28
A20: =OVERALL!A19 -> 16 | B20: =OVERALL!B19 -> 2301252 | C20: =OVERALL!C19 -> Rajan Sharma | D20: P | E20: P | BD20: 32 | BF20: =BD20+BE20 -> 32 | BG20: 41 | BH20: =BF20/BG20 -> 0.7804878 | BJ20: =OVERALL!A15 -> 12 | BK20: =OVERALL!B15 -> 2301248 | BL20: =OVERALL!C15 -> Priyam Puri | BM20: =BG16 -> 41 | BN20: =BF16 -> 0 | BO20: =BN20/BM20% -> 0 | BP20: =IF(BO20>=95.5,"6",IF(BO20>=90.5,"5", IF(BO20>=85.5,"4",IF(BO20>=80.5,"3",IF(BO20>=75.5,"2","0"))))) -> 0 | BQ20: 0 | BR20: 0 | BS20: =AVERAGE(BQ20:BR20) -> 0 | BT20: 0 | BU20: 0 | BV20: 0 | BW20: =AVERAGE(BT20:BV20) -> 0 | BX20: =ROUND(BP20+BS20+BW20,0) -> 0
A21: =OVERALL!A20 -> 17 | B21: =OVERALL!B20 -> 2301253 | C21: =OVERALL!C20 -> Rajwinder Kaur | D21: P | E21: P | BD21: 31 | BE21: 5 | BF21: =BD21+BE21 -> 36 | BG21: 41 | BH21: =BF21/BG21 -> 0.87804878 | BJ21: =OVERALL!A16 -> 13 | BK21: =OVERALL!B16 -> 2301249 | BL21: =OVERALL!C16 -> Rahul Sharma | BM21: =BG17 -> 41 | BN21: =BF17 -> 33 | BO21: =BN21/BM21% -> 80.487805 | BP21: =IF(BO21>=95.5,"6",IF(BO21>=90.5,"5", IF(BO21>=85.5,"4",IF(BO21>=80.5,"3",IF(BO21>=75.5,"2","0"))))) -> 2 | BQ21: 16 | BR21: 0 | BS21: =AVERAGE(BQ21:BR21) -> 8 | BT21: 8 | BU21: 10 | BV21: 9 | BW21: =AVERAGE(BT21:BV21) -> 9 | BX21: =ROUND(BP21+BS21+BW21,0) -> 19
A22: =OVERALL!A21 -> 18 | B22: =OVERALL!B21 -> 2301254 | C22: =OVERALL!C21 -> RANJIT SHAH KANU | D22: A | E22: P | BD22: 0 | BF22: =BD22+BE22 -> 0 | BG22: 41 | BH22: =BF22/BG22 -> 0 | BJ22: =OVERALL!A17 -> 14 | BK22: =OVERALL!B17 -> 2301250 | BL22: =OVERALL!C17 -> Rahulpreet Singh Khinda | BM22: =BG18 -> 41 | BN22: =BF18 -> 25 | BO22: =BN22/BM22% -> 60.97561 | BP22: =IF(BO22>=95.5,"6",IF(BO22>=90.5,"5", IF(BO22>=85.5,"4",IF(BO22>=80.5,"3",IF(BO22>=75.5,"2","0"))))) -> 0 | BQ22: 12 | BR22: 12 | BS22: =AVERAGE(BQ22:BR22) -> 12 | BT22: 8 | BU22: 9 | BV22: 10 | BW22: =AVERAGE(BT22:BV22) -> 9 | BX22: =ROUND(BP22+BS22+BW22,0) -> 21
A23: =OVERALL!A22 -> 19 | B23: =OVERALL!B22 -> 2301255 | C23: =OVERALL!C22 -> Ravi Bhushan Kumar | D23: P | E23: P | BD23: 34 | BF23: =BD23+BE23 -> 34 | BG23: 41 | BH23: =BF23/BG23 -> 0.82926829 | BJ23: =OVERALL!A18 -> 15 | BK23: =OVERALL!B18 -> 2301251 | BL23: =OVERALL!C18 -> Raj Kumar | BM23: =BG19 -> 41 | BN23: =BF19 -> 32 | BO23: =BN23/BM23% -> 78.04878 | BP23: =IF(BO23>=95.5,"6",IF(BO23>=90.5,"5", IF(BO23>=85.5,"4",IF(BO23>=80.5,"3",IF(BO23>=75.5,"2","0"))))) -> 2 | BQ23: 18 | BR23: 3 | BS23: =AVERAGE(BQ23:BR23) -> 10.5 | BT23: 8 | BU23: 8 | BV23: 10 | BW23: =AVERAGE(BT23:BV23) -> 8.6666667 | BX23: =ROUND(BP23+BS23+BW23,0) -> 21
A24: =OVERALL!A23 -> 20 | B24: =OVERALL!B23 -> 2301256 | C24: =OVERALL!C23 -> Reshma | D24: P | E24: P | BD24: 34 | BE24: 5 | BF24: =BD24+BE24 -> 39 | BG24: 41 | BH24: =BF24/BG24 -> 0.95121951 | BJ24: =OVERALL!A19 -> 16 | BK24: =OVERALL!B19 -> 2301252 | BL24: =OVERALL!C19 -> Rajan Sharma | BM24: =BG20 -> 41 | BN24: =BF20 -> 32 | BO24: =BN24/BM24% -> 78.04878 | BP24: =IF(BO24>=95.5,"6",IF(BO24>=90.5,"5", IF(BO24>=85.5,"4",IF(BO24>=80.5,"3",IF(BO24>=75.5,"2","0"))))) -> 2 | BQ24: 21 | BR24: 7 | BS24: =AVERAGE(BQ24:BR24) -> 14 | BT24: 8 | BU24: 8 | BV24: 10 | BW24: =AVERAGE(BT24:BV24) -> 8.6666667 | BX24: =ROUND(BP24+BS24+BW24,0) -> 25
A25: =OVERALL!A24 -> 21 | B25: =OVERALL!B24 -> 2301257 | C25: =OVERALL!C24 -> Ritesh Kumar Choudhary | D25: P | E25: P | BD25: 22 | BE25: 10 | BF25: =BD25+BE25 -> 32 | BG25: 41 | BH25: =BF25/BG25 -> 0.7804878 | BJ25: =OVERALL!A20 -> 17 | BK25: =OVERALL!B20 -> 2301253 | BL25: =OVERALL!C20 -> Rajwinder Kaur | BM25: =BG21 -> 41 | BN25: =BF21 -> 36 | BO25: =BN25/BM25% -> 87.804878 | BP25: =IF(BO25>=95.5,"6",IF(BO25>=90.5,"5", IF(BO25>=85.5,"4",IF(BO25>=80.5,"3",IF(BO25>=75.5,"2","0"))))) -> 4 | BQ25: 0 | BR25: 20 | BS25: =AVERAGE(BQ25:BR25) -> 10 | BT25: 9 | BU25: 10 | BV25: 10 | BW25: =AVERAGE(BT25:BV25) -> 9.6666667 | BX25: =ROUND(BP25+BS25+BW25,0) -> 24
A26: =OVERALL!A25 -> 22 | B26: =OVERALL!B25 -> 2301258 | C26: =OVERALL!C25 -> Ritesh Thakur | D26: P | E26: P | BD26: 20 | BE26: 1 | BF26: =BD26+BE26 -> 21 | BG26: 41 | BH26: =BF26/BG26 -> 0.51219512 | BJ26: =OVERALL!A21 -> 18 | BK26: =OVERALL!B21 -> 2301254 | BL26: =OVERALL!C21 -> RANJIT SHAH KANU | BM26: =BG22 -> 41 | BN26: =BF22 -> 0 | BO26: =BN26/BM26% -> 0 | BP26: =IF(BO26>=95.5,"6",IF(BO26>=90.5,"5", IF(BO26>=85.5,"4",IF(BO26>=80.5,"3",IF(BO26>=75.5,"2","0"))))) -> 0 | BQ26: 0 | BR26: 0 | BS26: =AVERAGE(BQ26:BR26) -> 0 | BT26: 0 | BU26: 0 | BV26: 0 | BW26: =AVERAGE(BT26:BV26) -> 0 | BX26: =ROUND(BP26+BS26+BW26,0) -> 0
A27: =OVERALL!A26 -> 23 | B27: =OVERALL!B26 -> 2301259 | C27: =OVERALL!C26 -> Riya Thakur | D27: A | E27: P | BD27: 27 | BF27: =BD27+BE27 -> 27 | BG27: 41 | BH27: =BF27/BG27 -> 0.65853659 | BJ27: =OVERALL!A22 -> 19 | BK27: =OVERALL!B22 -> 2301255 | BL27: =OVERALL!C22 -> Ravi Bhushan Kumar | BM27: =BG23 -> 41 | BN27: =BF23 -> 34 | BO27: =BN27/BM27% -> 82.926829 | BP27: =IF(BO27>=95.5,"6",IF(BO27>=90.5,"5", IF(BO27>=85.5,"4",IF(BO27>=80.5,"3",IF(BO27>=75.5,"2","0"))))) -> 3 | BQ27: 12 | BR27: 0 | BS27: =AVERAGE(BQ27:BR27) -> 6 | BT27: 10 | BU27: 10 | BV27: 8 | BW27: =AVERAGE(BT27:BV27) -> 9.3333333 | BX27: =ROUND(BP27+BS27+BW27,0) -> 18
A28: =OVERALL!A27 -> 24 | B28: =OVERALL!B27 -> 2301260 | C28: =OVERALL!C27 -> Rounit Dhiman | D28: P | E28: P | BD28: 32 | BE28: 3 | BF28: =BD28+BE28 -> 35 | BG28: 41 | BH28: =BF28/BG28 -> 0.85365854 | BJ28: =OVERALL!A23 -> 20 | BK28: =OVERALL!B23 -> 2301256 | BL28: =OVERALL!C23 -> Reshma | BM28: =BG24 -> 41 | BN28: =BF24 -> 39 | BO28: =BN28/BM28% -> 95.121951 | BP28: =IF(BO28>=95.5,"6",IF(BO28>=90.5,"5", IF(BO28>=85.5,"4",IF(BO28>=80.5,"3",IF(BO28>=75.5,"2","0"))))) -> 5 | BQ28: 18 | BR28: 8 | BS28: =AVERAGE(BQ28:BR28) -> 13 | BT28: 8 | BU28: 7 | BV28: 10 | BW28: =AVERAGE(BT28:BV28) -> 8.3333333 | BX28: =ROUND(BP28+BS28+BW28,0) -> 26
A29: =OVERALL!A28 -> 25 | B29: =OVERALL!B28 -> 2301261 | C29: =OVERALL!C28 -> Rubby Kumari | D29: A | E29: P | BD29: 22 | BE29: 5 | BF29: =BD29+BE29 -> 27 | BG29: 41 | BH29: =BF29/BG29 -> 0.65853659 | BJ29: =OVERALL!A24 -> 21 | BK29: =OVERALL!B24 -> 2301257 | BL29: =OVERALL!C24 -> Ritesh Kumar Choudhary | BM29: =BG25 -> 41 | BN29: =BF25 -> 32 | BO29: =BN29/BM29% -> 78.04878 | BP29: =IF(BO29>=95.5,"6",IF(BO29>=90.5,"5", IF(BO29>=85.5,"4",IF(BO29>=80.5,"3",IF(BO29>=75.5,"2","0"))))) -> 2 | BQ29: 18 | BR29: 5 | BS29: =AVERAGE(BQ29:BR29) -> 11.5 | BT29: 8 | BU29: 8 | BV29: 0 | BW29: =AVERAGE(BT29:BV29) -> 5.3333333 | BX29: =ROUND(BP29+BS29+BW29,0) -> 19
A30: =OVERALL!A29 -> 26 | B30: =OVERALL!B29 -> 2301262 | C30: =OVERALL!C29 -> Sakshi Devi | D30: P | E30: P | BD30: 33 | BF30: =BD30+BE30 -> 33 | BG30: 41 | BH30: =BF30/BG30 -> 0.80487805 | BJ30: =OVERALL!A25 -> 22 | BK30: =OVERALL!B25 -> 2301258 | BL30: =OVERALL!C25 -> Ritesh Thakur | BM30: =BG26 -> 41 | BN30: =BF26 -> 21 | BO30: =BN30/BM30% -> 51.219512 | BP30: =IF(BO30>=95.5,"6",IF(BO30>=90.5,"5", IF(BO30>=85.5,"4",IF(BO30>=80.5,"3",IF(BO30>=75.5,"2","0"))))) -> 0 | BQ30: 0 | BR30: 0 | BS30: =AVERAGE(BQ30:BR30) -> 0 | BT30: 0 | BU30: 7 | BV30: 0 | BW30: =AVERAGE(BT30:BV30) -> 2.3333333 | BX30: =ROUND(BP30+BS30+BW30,0) -> 2
A31: =OVERALL!A30 -> 27 | B31: =OVERALL!B30 -> 2301263 | C31: =OVERALL!C30 -> Sanchi Sharma | D31: P | E31: P | BD31: 38 | BF31: =BD31+BE31 -> 38 | BG31: 41 | BH31: =BF31/BG31 -> 0.92682927 | BJ31: =OVERALL!A26 -> 23 | BK31: =OVERALL!B26 -> 2301259 | BL31: =OVERALL!C26 -> Riya Thakur | BM31: =BG27 -> 41 | BN31: =BF27 -> 27 | BO31: =BN31/BM31% -> 65.853659 | BP31: =IF(BO31>=95.5,"6",IF(BO31>=90.5,"5", IF(BO31>=85.5,"4",IF(BO31>=80.5,"3",IF(BO31>=75.5,"2","0"))))) -> 0 | BQ31: 21 | BR31: 16 | BS31: =AVERAGE(BQ31:BR31) -> 18.5 | BT31: 8 | BU31: 8 | BV31: 10 | BW31: =AVERAGE(BT31:BV31) -> 8.6666667 | BX31: =ROUND(BP31+BS31+BW31,0) -> 27
A32: =OVERALL!A31 -> 28 | B32: =OVERALL!B31 -> 2301264 | C32: =OVERALL!C31 -> Sarbjit Singh | D32: A | E32: P | BD32: 20 | BF32: =BD32+BE32 -> 20 | BG32: 41 | BH32: =BF32/BG32 -> 0.48780488 | BJ32: =OVERALL!A27 -> 24 | BK32: =OVERALL!B27 -> 2301260 | BL32: =OVERALL!C27 -> Rounit Dhiman | BM32: =BG28 -> 41 | BN32: =BF28 -> 35 | BO32: =BN32/BM32% -> 85.365854 | BP32: =IF(BO32>=95.5,"6",IF(BO32>=90.5,"5", IF(BO32>=85.5,"4",IF(BO32>=80.5,"3",IF(BO32>=75.5,"2","0"))))) -> 3 | BQ32: 10 | BR32: 8 | BS32: =AVERAGE(BQ32:BR32) -> 9 | BT32: 8 | BU32: 7 | BV32: 10 | BW32: =AVERAGE(BT32:BV32) -> 8.3333333 | BX32: =ROUND(BP32+BS32+BW32,0) -> 20
A33: =OVERALL!A32 -> 29 | B33: =OVERALL!B32 -> 2301265 | C33: =OVERALL!C32 -> Sarif Mayangmayum | D33: P | E33: P | BD33: 30 | BE33: 8 | BF33: =BD33+BE33 -> 38 | BG33: 41 | BH33: =BF33/BG33 -> 0.92682927 | BJ33: =OVERALL!A28 -> 25 | BK33: =OVERALL!B28 -> 2301261 | BL33: =OVERALL!C28 -> Rubby Kumari | BM33: =BG29 -> 41 | BN33: =BF29 -> 27 | BO33: =BN33/BM33% -> 65.853659 | BP33: =IF(BO33>=95.5,"6",IF(BO33>=90.5,"5", IF(BO33>=85.5,"4",IF(BO33>=80.5,"3",IF(BO33>=75.5,"2","0"))))) -> 0 | BQ33: 20 | BR33: 8 | BS33: =AVERAGE(BQ33:BR33) -> 14 | BT33: 0 | BU33: 0 | BV33: 0 | BW33: =AVERAGE(BT33:BV33) -> 0 | BX33: =ROUND(BP33+BS33+BW33,0) -> 14
A34: =OVERALL!A33 -> 30 | B34: =OVERALL!B33 -> 2301267 | C34: =OVERALL!C33 -> Shivam Kumar Chaubey | D34: P | E34: P | BD34: 35 | BF34: =BD34+BE34 -> 35 | BG34: 41 | BH34: =BF34/BG34 -> 0.85365854 | BJ34: =OVERALL!A29 -> 26 | BK34: =OVERALL!B29 -> 2301262 | BL34: =OVERALL!C29 -> Sakshi Devi | BM34: =BG30 -> 41 | BN34: =BF30 -> 33 | BO34: =BN34/BM34% -> 80.487805 | BP34: =IF(BO34>=95.5,"6",IF(BO34>=90.5,"5", IF(BO34>=85.5,"4",IF(BO34>=80.5,"3",IF(BO34>=75.5,"2","0"))))) -> 2 | BQ34: 18 | BR34: 15 | BS34: =AVERAGE(BQ34:BR34) -> 16.5 | BT34: 8 | BU34: 8 | BV34: 10 | BW34: =AVERAGE(BT34:BV34) -> 8.6666667 | BX34: =ROUND(BP34+BS34+BW34,0) -> 27
A35: =OVERALL!A34 -> 31 | B35: =OVERALL!B34 -> 2301268 | C35: =OVERALL!C34 -> Simba Godfrey | D35: P | E35: P | BD35: 26 | BF35: =BD35+BE35 -> 26 | BG35: 41 | BH35: =BF35/BG35 -> 0.63414634 | BJ35: =OVERALL!A30 -> 27 | BK35: =OVERALL!B30 -> 2301263 | BL35: =OVERALL!C30 -> Sanchi Sharma | BM35: =BG31 -> 41 | BN35: =BF31 -> 38 | BO35: =BN35/BM35% -> 92.682927 | BP35: =IF(BO35>=95.5,"6",IF(BO35>=90.5,"5", IF(BO35>=85.5,"4",IF(BO35>=80.5,"3",IF(BO35>=75.5,"2","0"))))) -> 5 | BQ35: 23 | BR35: 17 | BS35: =AVERAGE(BQ35:BR35) -> 20 | BT35: 8 | BU35: 9 | BV35: 10 | BW35: =AVERAGE(BT35:BV35) -> 9 | BX35: =ROUND(BP35+BS35+BW35,0) -> 34
A36: =OVERALL!A35 -> 32 | B36: =OVERALL!B35 -> 2301269 | C36: =OVERALL!C35 -> Simran Kaur | D36: P | E36: P | BD36: 29 | BF36: =BD36+BE36 -> 29 | BG36: 41 | BH36: =BF36/BG36 -> 0.70731707 | BJ36: =OVERALL!A31 -> 28 | BK36: =OVERALL!B31 -> 2301264 | BL36: =OVERALL!C31 -> Sarbjit Singh | BM36: =BG32 -> 41 | BN36: =BF32 -> 20 | BO36: =BN36/BM36% -> 48.780488 | BP36: =IF(BO36>=95.5,"6",IF(BO36>=90.5,"5", IF(BO36>=85.5,"4",IF(BO36>=80.5,"3",IF(BO36>=75.5,"2","0"))))) -> 0 | BQ36: 0 | BR36: 0 | BS36: =AVERAGE(BQ36:BR36) -> 0 | BT36: 0 | BU36: 0 | BV36: 0 | BW36: =AVERAGE(BT36:BV36) -> 0 | BX36: =ROUND(BP36+BS36+BW36,0) -> 0
A37: =OVERALL!A36 -> 33 | B37: =OVERALL!B36 -> 2301270 | C37: =OVERALL!C36 -> Simranjit Singh | D37: P | E37: P | BD37: 28 | BE37: 6 | BF37: =BD37+BE37 -> 34 | BG37: 41 | BH37: =BF37/BG37 -> 0.82926829 | BJ37: =OVERALL!A32 -> 29 | BK37: =OVERALL!B32 -> 2301265 | BL37: =OVERALL!C32 -> Sarif Mayangmayum | BM37: =BG33 -> 41 | BN37: =BF33 -> 38 | BO37: =BN37/BM37% -> 92.682927 | BP37: =IF(BO37>=95.5,"6",IF(BO37>=90.5,"5", IF(BO37>=85.5,"4",IF(BO37>=80.5,"3",IF(BO37>=75.5,"2","0"))))) -> 5 | BQ37: 23 | BR37: 6 | BS37: =AVERAGE(BQ37:BR37) -> 14.5 | BT37: 8 | BU37: 8 | BV37: 0 | BW37: =AVERAGE(BT37:BV37) -> 5.3333333 | BX37: =ROUND(BP37+BS37+BW37,0) -> 25
A38: =OVERALL!A37 -> 34 | B38: =OVERALL!B37 -> 2301271 | C38: =OVERALL!C37 -> Sudip Sunar | D38: A | E38: P | BD38: 29 | BF38: =BD38+BE38 -> 29 | BG38: 41 | BH38: =BF38/BG38 -> 0.70731707 | BJ38: =OVERALL!A33 -> 30 | BK38: =OVERALL!B33 -> 2301267 | BL38: =OVERALL!C33 -> Shivam Kumar Chaubey | BM38: =BG34 -> 41 | BN38: =BF34 -> 35 | BO38: =BN38/BM38% -> 85.365854 | BP38: =IF(BO38>=95.5,"6",IF(BO38>=90.5,"5", IF(BO38>=85.5,"4",IF(BO38>=80.5,"3",IF(BO38>=75.5,"2","0"))))) -> 3 | BQ38: 16 | BR38: 10 | BS38: =AVERAGE(BQ38:BR38) -> 13 | BT38: 9 | BU38: 10 | BV38: 9 | BW38: =AVERAGE(BT38:BV38) -> 9.3333333 | BX38: =ROUND(BP38+BS38+BW38,0) -> 25
A39: =OVERALL!A38 -> 35 | B39: =OVERALL!B38 -> 2301272 | C39: =OVERALL!C38 -> Sujal Sharma | D39: A | E39: P | BD39: 0 | BF39: =BD39+BE39 -> 0 | BG39: 41 | BH39: =BF39/BG39 -> 0 | BJ39: =OVERALL!A34 -> 31 | BK39: =OVERALL!B34 -> 2301268 | BL39: =OVERALL!C34 -> Simba Godfrey | BM39: =BG35 -> 41 | BN39: =BF35 -> 26 | BO39: =BN39/BM39% -> 63.414634 | BP39: =IF(BO39>=95.5,"6",IF(BO39>=90.5,"5", IF(BO39>=85.5,"4",IF(BO39>=80.5,"3",IF(BO39>=75.5,"2","0"))))) -> 0 | BQ39: 6 | BR39: 5 | BS39: =AVERAGE(BQ39:BR39) -> 5.5 | BT39: 8 | BU39: 8 | BV39: 0 | BW39: =AVERAGE(BT39:BV39) -> 5.3333333 | BX39: =ROUND(BP39+BS39+BW39,0) -> 11
A40: =OVERALL!A39 -> 36 | B40: =OVERALL!B39 -> 2301273 | C40: =OVERALL!C39 -> Sukhraj Singh | D40: P | E40: P | BD40: 21 | BF40: =BD40+BE40 -> 21 | BG40: 41 | BH40: =BF40/BG40 -> 0.51219512 | BJ40: =OVERALL!A35 -> 32 | BK40: =OVERALL!B35 -> 2301269 | BL40: =OVERALL!C35 -> Simran Kaur | BM40: =BG36 -> 41 | BN40: =BF36 -> 29 | BO40: =BN40/BM40% -> 70.731707 | BP40: =IF(BO40>=95.5,"6",IF(BO40>=90.5,"5", IF(BO40>=85.5,"4",IF(BO40>=80.5,"3",IF(BO40>=75.5,"2","0"))))) -> 0 | BQ40: 24 | BR40: 13 | BS40: =AVERAGE(BQ40:BR40) -> 18.5 | BT40: 9 | BU40: 9 | BV40: 9 | BW40: =AVERAGE(BT40:BV40) -> 9 | BX40: =ROUND(BP40+BS40+BW40,0) -> 28
A41: =OVERALL!A40 -> 37 | B41: =OVERALL!B40 -> 2301274 | C41: =OVERALL!C40 -> Sukhreet Kaur | D41: P | E41: P | BD41: 25 | BF41: =BD41+BE41 -> 25 | BG41: 41 | BH41: =BF41/BG41 -> 0.6097561 | BJ41: =OVERALL!A36 -> 33 | BK41: =OVERALL!B36 -> 2301270 | BL41: =OVERALL!C36 -> Simranjit Singh | BM41: =BG37 -> 41 | BN41: =BF37 -> 34 | BO41: =BN41/BM41% -> 82.926829 | BP41: =IF(BO41>=95.5,"6",IF(BO41>=90.5,"5", IF(BO41>=85.5,"4",IF(BO41>=80.5,"3",IF(BO41>=75.5,"2","0"))))) -> 3 | BQ41: 0 | BR41: 4 | BS41: =AVERAGE(BQ41:BR41) -> 2 | BT41: 8 | BU41: 8 | BV41: 10 | BW41: =AVERAGE(BT41:BV41) -> 8.6666667 | BX41: =ROUND(BP41+BS41+BW41,0) -> 14
A42: =OVERALL!A41 -> 38 | B42: =OVERALL!B41 -> 2301275 | C42: =OVERALL!C41 -> Suman Krishna | D42: A | E42: P | BD42: 30 | BE42: 5 | BF42: =BD42+BE42 -> 35 | BG42: 41 | BH42: =BF42/BG42 -> 0.85365854 | BJ42: =OVERALL!A37 -> 34 | BK42: =OVERALL!B37 -> 2301271 | BL42: =OVERALL!C37 -> Sudip Sunar | BM42: =BG38 -> 41 | BN42: =BF38 -> 29 | BO42: =BN42/BM42% -> 70.731707 | BP42: =IF(BO42>=95.5,"6",IF(BO42>=90.5,"5", IF(BO42>=85.5,"4",IF(BO42>=80.5,"3",IF(BO42>=75.5,"2","0"))))) -> 0 | BQ42: 18 | BR42: 7 | BS42: =AVERAGE(BQ42:BR42) -> 12.5 | BT42: 8 | BU42: 8 | BV42: 10 | BW42: =AVERAGE(BT42:BV42) -> 8.6666667 | BX42: =ROUND(BP42+BS42+BW42,0) -> 21
A43: =OVERALL!A42 -> 39 | B43: =OVERALL!B42 -> 2301276 | C43: =OVERALL!C42 -> Sumanyu | D43: A | E43: P | BD43: 0 | BF43: =BD43+BE43 -> 0 | BG43: 41 | BH43: =BF43/BG43 -> 0 | BJ43: =OVERALL!A38 -> 35 | BK43: =OVERALL!B38 -> 2301272 | BL43: =OVERALL!C38 -> Sujal Sharma | BM43: =BG39 -> 41 | BN43: =BF39 -> 0 | BO43: =BN43/BM43% -> 0 | BP43: =IF(BO43>=95.5,"6",IF(BO43>=90.5,"5", IF(BO43>=85.5,"4",IF(BO43>=80.5,"3",IF(BO43>=75.5,"2","0"))))) -> 0 | BQ43: 0 | BR43: 0 | BS43: =AVERAGE(BQ43:BR43) -> 0 | BT43: 0 | BU43: 0 | BV43: 0 | BW43: =AVERAGE(BT43:BV43) -> 0 | BX43: =ROUND(BP43+BS43+BW43,0) -> 0
A44: =OVERALL!A43 -> 40 | B44: =OVERALL!B43 -> 2301277 | C44: =OVERALL!C43 -> Tamana | D44: P | E44: P | BD44: 21 | BF44: =BD44+BE44 -> 21 | BG44: 41 | BH44: =BF44/BG44 -> 0.51219512 | BJ44: =OVERALL!A39 -> 36 | BK44: =OVERALL!B39 -> 2301273 | BL44: =OVERALL!C39 -> Sukhraj Singh | BM44: =BG40 -> 41 | BN44: =BF40 -> 21 | BO44: =BN44/BM44% -> 51.219512 | BP44: =IF(BO44>=95.5,"6",IF(BO44>=90.5,"5", IF(BO44>=85.5,"4",IF(BO44>=80.5,"3",IF(BO44>=75.5,"2","0"))))) -> 0 | BQ44: 18 | BR44: 8 | BS44: =AVERAGE(BQ44:BR44) -> 13 | BT44: 0 | BU44: 0 | BV44: 0 | BW44: =AVERAGE(BT44:BV44) -> 0 | BX44: =ROUND(BP44+BS44+BW44,0) -> 13
A45: =OVERALL!A44 -> 41 | B45: =OVERALL!B44 -> 2301278 | C45: =OVERALL!C44 -> Tamana Farooq Khanday | D45: P | E45: P | BD45: 13 | BE45: 5 | BF45: =BD45+BE45 -> 18 | BG45: 41 | BH45: =BF45/BG45 -> 0.43902439 | BJ45: =OVERALL!A40 -> 37 | BK45: =OVERALL!B40 -> 2301274 | BL45: =OVERALL!C40 -> Sukhreet Kaur | BM45: =BG41 -> 41 | BN45: =BF41 -> 25 | BO45: =BN45/BM45% -> 60.97561 | BP45: =IF(BO45>=95.5,"6",IF(BO45>=90.5,"5", IF(BO45>=85.5,"4",IF(BO45>=80.5,"3",IF(BO45>=75.5,"2","0"))))) -> 0 | BQ45: 24 | BR45: 24 | BS45: =AVERAGE(BQ45:BR45) -> 24 | BT45: 9 | BU45: 10 | BV45: 8 | BW45: =AVERAGE(BT45:BV45) -> 9 | BX45: =ROUND(BP45+BS45+BW45,0) -> 33
A46: =OVERALL!A45 -> 42 | B46: =OVERALL!B45 -> 2301279 | C46: =OVERALL!C45 -> Tania | D46: P | E46: P | BD46: 31 | BE46: 5 | BF46: =(BE46+BD46) -> 36 | BG46: 41 | BH46: =BF46/BG46 -> 0.87804878 | BJ46: =OVERALL!A41 -> 38 | BK46: =OVERALL!B41 -> 2301275 | BL46: =OVERALL!C41 -> Suman Krishna | BM46: =BG42 -> 41 | BN46: =BF42 -> 35 | BO46: =BN46/BM46% -> 85.365854 | BP46: =IF(BO46>=95.5,"6",IF(BO46>=90.5,"5", IF(BO46>=85.5,"4",IF(BO46>=80.5,"3",IF(BO46>=75.5,"2","0"))))) -> 3 | BQ46: 7 | BR46: 10 | BS46: =AVERAGE(BQ46:BR46) -> 8.5 | BT46: 9 | BU46: 8 | BV46: 8 | BW46: =AVERAGE(BT46:BV46) -> 8.3333333 | BX46: =ROUND(BP46+BS46+BW46,0) -> 20
A47: =OVERALL!A46 -> 43 | B47: =OVERALL!B46 -> 2301280 | C47: =OVERALL!C46 -> Taniya | D47: P | E47: P | BD47: 33 | BF47: =BD47+BE47 -> 33 | BG47: 41 | BH47: =BF47/BG47 -> 0.80487805 | BJ47: =OVERALL!A42 -> 39 | BK47: =OVERALL!B42 -> 2301276 | BL47: =OVERALL!C42 -> Sumanyu | BM47: =BG43 -> 41 | BN47: =BF43 -> 0 | BO47: =BN47/BM47% -> 0 | BP47: =IF(BO47>=95.5,"6",IF(BO47>=90.5,"5", IF(BO47>=85.5,"4",IF(BO47>=80.5,"3",IF(BO47>=75.5,"2","0"))))) -> 0 | BQ47: 0 | BR47: 0 | BS47: =AVERAGE(BQ47:BR47) -> 0 | BT47: 0 | BU47: 0 | BV47: 0 | BW47: =AVERAGE(BT47:BV47) -> 0 | BX47: =ROUND(BP47+BS47+BW47,0) -> 0
A48: =OVERALL!A47 -> 44 | B48: =OVERALL!B47 -> 2301281 | C48: =OVERALL!C47 -> Taziko Trakha | D48: P | E48: P | BD48: 24 | BE48: 11 | BF48: =BD48+BE48 -> 35 | BG48: 41 | BH48: =BF48/BG48 -> 0.85365854 | BJ48: =OVERALL!A43 -> 40 | BK48: =OVERALL!B43 -> 2301277 | BL48: =OVERALL!C43 -> Tamana | BM48: =BG44 -> 41 | BN48: =BF44 -> 21 | BO48: =BN48/BM48% -> 51.219512 | BP48: =IF(BO48>=95.5,"6",IF(BO48>=90.5,"5", IF(BO48>=85.5,"4",IF(BO48>=80.5,"3",IF(BO48>=75.5,"2","0"))))) -> 0 | BQ48: 22 | BR48: 10 | BS48: =AVERAGE(BQ48:BR48) -> 16 | BT48: 9 | BU48: 8 | BV48: 10 | BW48: =AVERAGE(BT48:BV48) -> 9 | BX48: =ROUND(BP48+BS48+BW48,0) -> 25
A49: 45 | B49: =OVERALL!B48 -> 2301282 | C49: =OVERALL!C48 -> Uday Kumar | D49: P | E49: P | BD49: 17 | BF49: =BD49+BE49 -> 17 | BG49: 41 | BH49: =BF49/BG49 -> 0.41463415 | BJ49: =OVERALL!A44 -> 41 | BK49: =OVERALL!B44 -> 2301278 | BL49: =OVERALL!C44 -> Tamana Farooq Khanday | BM49: =BG45 -> 41 | BN49: =BF45 -> 18 | BO49: =BN49/BM49% -> 43.902439 | BP49: =IF(BO49>=95.5,"6",IF(BO49>=90.5,"5", IF(BO49>=85.5,"4",IF(BO49>=80.5,"3",IF(BO49>=75.5,"2","0"))))) -> 0 | BQ49: 0 | BR49: 14 | BS49: =AVERAGE(BQ49:BR49) -> 7 | BT49: 8 | BU49: 8 | BV49: 10 | BW49: =AVERAGE(BT49:BV49) -> 8.6666667 | BX49: =ROUND(BP49+BS49+BW49,0) -> 16
A50: 46 | B50: =OVERALL!B49 -> 2301283 | C50: =OVERALL!C49 -> Vaibhav Shahi | D50: P | E50: P | BD50: 26 | BF50: =BD50+BE50 -> 26 | BG50: 41 | BH50: =BF50/BG50 -> 0.63414634 | BJ50: =OVERALL!A45 -> 42 | BK50: =OVERALL!B45 -> 2301279 | BL50: =OVERALL!C45 -> Tania | BM50: =BG46 -> 41 | BN50: =BF46 -> 36 | BO50: =BN50/BM50% -> 87.804878 | BP50: =IF(BO50>=95.5,"6",IF(BO50>=90.5,"5", IF(BO50>=85.5,"4",IF(BO50>=80.5,"3",IF(BO50>=75.5,"2","0"))))) -> 4 | BQ50: 15 | BR50: 16 | BS50: =AVERAGE(BQ50:BR50) -> 15.5 | BT50: 8 | BU50: 9 | BV50: 10 | BW50: =AVERAGE(BT50:BV50) -> 9 | BX50: =ROUND(BP50+BS50+BW50,0) -> 29
A51: 47 | B51: =OVERALL!B50 -> 2301284 | C51: =OVERALL!C50 -> Vansh Kumar | D51: P | E51: P | BD51: 0 | BF51: =BD51+BE51 -> 0 | BG51: 41 | BH51: =BF51/BG51 -> 0 | BJ51: =OVERALL!A46 -> 43 | BK51: =OVERALL!B46 -> 2301280 | BL51: =OVERALL!C46 -> Taniya | BM51: =BG47 -> 41 | BN51: =BF47 -> 33 | BO51: =BN51/BM51% -> 80.487805 | BP51: =IF(BO51>=95.5,"6",IF(BO51>=90.5,"5", IF(BO51>=85.5,"4",IF(BO51>=80.5,"3",IF(BO51>=75.5,"2","0"))))) -> 2 | BQ51: 17 | BR51: 12 | BS51: =AVERAGE(BQ51:BR51) -> 14.5 | BT51: 9 | BU51: 9 | BV51: 0 | BW51: =AVERAGE(BT51:BV51) -> 6 | BX51: =ROUND(BP51+BS51+BW51,0) -> 23
A52: 48 | B52: =OVERALL!B51 -> 2301285 | C52: =OVERALL!C51 -> Vansh Sharma | D52: P | E52: P | BD52: 25 | BF52: =BD52+BE52 -> 25 | BG52: 41 | BH52: =BF52/BG52 -> 0.6097561 | BJ52: =OVERALL!A47 -> 44 | BK52: =OVERALL!B47 -> 2301281 | BL52: =OVERALL!C47 -> Taziko Trakha | BM52: =BG48 -> 41 | BN52: =BF48 -> 35 | BO52: =BN52/BM52% -> 85.365854 | BP52: =IF(BO52>=95.5,"6",IF(BO52>=90.5,"5", IF(BO52>=85.5,"4",IF(BO52>=80.5,"3",IF(BO52>=75.5,"2","0"))))) -> 3 | BQ52: 24 | BR52: 6 | BS52: =AVERAGE(BQ52:BR52) -> 15 | BT52: 8 | BU52: 8 | BV52: 10 | BW52: =AVERAGE(BT52:BV52) -> 8.6666667 | BX52: =ROUND(BP52+BS52+BW52,0) -> 27
A53: 49 | B53: =OVERALL!B52 -> 2301286 | C53: =OVERALL!C52 -> Vikramjit Singh | D53: P | E53: P | BD53: 0 | BF53: =BD53+BE53 -> 0 | BG53: 41 | BH53: =BF53/BG53 -> 0 | BJ53: 45 | BK53: =OVERALL!B48 -> 2301282 | BL53: =OVERALL!C48 -> Uday Kumar | BM53: =BG49 -> 41 | BN53: =BF49 -> 17 | BO53: =BN53/BM53% -> 41.463415 | BP53: =IF(BO53>=95.5,"6",IF(BO53>=90.5,"5", IF(BO53>=85.5,"4",IF(BO53>=80.5,"3",IF(BO53>=75.5,"2","0"))))) -> 0 | BQ53: 0 | BR53: 0 | BS53: =AVERAGE(BQ53:BR53) -> 0 | BT53: 8 | BU53: 10 | BV53: 0 | BW53: =AVERAGE(BT53:BV53) -> 6 | BX53: =ROUND(BP53+BS53+BW53,0) -> 6
A54: 50 | B54: =OVERALL!B53 -> 2301287 | C54: =OVERALL!C53 -> Vishavjit Singh | D54: P | E54: P | BD54: 0 | BF54: =BD54+BE54 -> 0 | BG54: 41 | BH54: =BF54/BG54 -> 0 | BJ54: 46 | BK54: =OVERALL!B49 -> 2301283 | BL54: =OVERALL!C49 -> Vaibhav Shahi | BM54: =BG50 -> 41 | BN54: =BF50 -> 26 | BO54: =BN54/BM54% -> 63.414634 | BP54: =IF(BO54>=95.5,"6",IF(BO54>=90.5,"5", IF(BO54>=85.5,"4",IF(BO54>=80.5,"3",IF(BO54>=75.5,"2","0"))))) -> 0 | BQ54: 0 | BR54: 0 | BS54: =AVERAGE(BQ54:BR54) -> 0 | BT54: 8 | BU54: 8 | BV54: 0 | BW54: =AVERAGE(BT54:BV54) -> 5.3333333 | BX54: =ROUND(BP54+BS54+BW54,0) -> 5
A55: 51 | B55: =OVERALL!B54 -> 2339508 | C55: =OVERALL!C54 -> TANISHA | D55: P | E55: P | BD55: 27 | BE55: 5 | BF55: =BD55+BE55 -> 32 | BG55: 41 | BH55: =BF55/BG55 -> 0.7804878 | BJ55: 47 | BK55: =OVERALL!B50 -> 2301284 | BL55: =OVERALL!C50 -> Vansh Kumar | BM55: =BG51 -> 41 | BN55: =BF51 -> 0 | BO55: =BN55/BM55% -> 0 | BP55: =IF(BO55>=95.5,"6",IF(BO55>=90.5,"5", IF(BO55>=85.5,"4",IF(BO55>=80.5,"3",IF(BO55>=75.5,"2","0"))))) -> 0 | BQ55: 0 | BR55: 0 | BS55: =AVERAGE(BQ55:BR55) -> 0 | BT55: 0 | BU55: 0 | BV55: 0 | BW55: =AVERAGE(BT55:BV55) -> 0 | BX55: =ROUND(BP55+BS55+BW55,0) -> 0
A56: 52 | B56: =OVERALL!B55 -> 2339509 | C56: =OVERALL!C55 -> TOHIED AHMED | D56: A | E56: P | BD56: 0 | BF56: =BD56+BE56 -> 0 | BG56: 41 | BH56: =BF56/BG56 -> 0 | BJ56: 48 | BK56: =OVERALL!B51 -> 2301285 | BL56: =OVERALL!C51 -> Vansh Sharma | BM56: =BG52 -> 41 | BN56: =BF52 -> 25 | BO56: =BN56/BM56% -> 60.97561 | BP56: =IF(BO56>=95.5,"6",IF(BO56>=90.5,"5", IF(BO56>=85.5,"4",IF(BO56>=80.5,"3",IF(BO56>=75.5,"2","0"))))) -> 0 | BQ56: 0 | BR56: 0 | BS56: =AVERAGE(BQ56:BR56) -> 0 | BT56: 8 | BU56: 8 | BV56: 0 | BW56: =AVERAGE(BT56:BV56) -> 5.3333333 | BX56: =ROUND(BP56+BS56+BW56,0) -> 5
A57: 53 | B57: =OVERALL!B56 -> 2301207 | C57: =OVERALL!C56 -> Harsh thakur | D57: P | E57: P | BD57: 0 | BF57: =BD57+BE57 -> 0 | BG57: 41 | BH57: =BF57/BG57 -> 0 | BJ57: 49 | BK57: =OVERALL!B52 -> 2301286 | BL57: =OVERALL!C52 -> Vikramjit Singh | BM57: =BG53 -> 41 | BN57: =BF53 -> 0 | BO57: =BN57/BM57% -> 0 | BP57: =IF(BO57>=95.5,"6",IF(BO57>=90.5,"5", IF(BO57>=85.5,"4",IF(BO57>=80.5,"3",IF(BO57>=75.5,"2","0"))))) -> 0 | BQ57: 0 | BR57: 0 | BS57: =AVERAGE(BQ57:BR57) -> 0 | BT57: 0 | BU57: 0 | BV57: 0 | BW57: =AVERAGE(BT57:BV57) -> 0 | BX57: =ROUND(BP57+BS57+BW57,0) -> 0
A58: 54 | B58: =OVERALL!B57 -> Leet | C58: =OVERALL!C57 -> Gagan | D58: P | E58: P | BD58: 33 | BF58: =BD58+BE58 -> 33 | BG58: 41 | BH58: =BF58/BG58 -> 0.80487805 | BJ58: 50 | BK58: =OVERALL!B53 -> 2301287 | BL58: =OVERALL!C53 -> Vishavjit Singh | BM58: =BG54 -> 41 | BN58: =BF54 -> 0 | BO58: =BN58/BM58% -> 0 | BP58: =IF(BO58>=95.5,"6",IF(BO58>=90.5,"5", IF(BO58>=85.5,"4",IF(BO58>=80.5,"3",IF(BO58>=75.5,"2","0"))))) -> 0 | BQ58: 0 | BR58: 0 | BS58: =AVERAGE(BQ58:BR58) -> 0 | BT58: 0 | BU58: 0 | BV58: 0 | BW58: =AVERAGE(BT58:BV58) -> 0 | BX58: =ROUND(BP58+BS58+BW58,0) -> 0
A59: 55 | B59: =OVERALL!B58 -> Leet | C59: =OVERALL!C58 -> Manisha | D59: P | E59: P | BD59: 37 | BF59: =BD59+BE59 -> 37 | BG59: 41 | BH59: =BF59/BG59 -> 0.90243902 | BJ59: 51 | BK59: =OVERALL!B54 -> 2339508 | BL59: =OVERALL!C54 -> TANISHA | BM59: =BG55 -> 41 | BN59: =BF55 -> 32 | BO59: =BN59/BM59% -> 78.04878 | BP59: =IF(BO59>=95.5,"6",IF(BO59>=90.5,"5", IF(BO59>=85.5,"4",IF(BO59>=80.5,"3",IF(BO59>=75.5,"2","0"))))) -> 2 | BQ59: 16 | BR59: 0 | BS59: =AVERAGE(BQ59:BR59) -> 8 | BT59: 7 | BU59: 8 | BV59: 10 | BW59: =AVERAGE(BT59:BV59) -> 8.3333333 | BX59: =ROUND(BP59+BS59+BW59,0) -> 18
A60: 56 | B60: =OVERALL!B59 -> Leet | C60: =OVERALL!C59 -> Richa | D60: P | E60: P | BD60: 37 | BE60: 0 | BF60: =BD60+BE60 -> 37 | BG60: 41 | BH60: =BF60/BG60 -> 0.90243902 | BJ60: 52 | BK60: =OVERALL!B55 -> 2339509 | BL60: =OVERALL!C55 -> TOHIED AHMED | BM60: =BG56 -> 41 | BN60: =BF56 -> 0 | BO60: =BN60/BM60% -> 0 | BP60: =IF(BO60>=95.5,"6",IF(BO60>=90.5,"5", IF(BO60>=85.5,"4",IF(BO60>=80.5,"3",IF(BO60>=75.5,"2","0"))))) -> 0 | BQ60: 0 | BR60: 0 | BS60: =AVERAGE(BQ60:BR60) -> 0 | BT60: 0 | BU60: 0 | BV60: 0 | BW60: =AVERAGE(BT60:BV60) -> 0 | BX60: =ROUND(BP60+BS60+BW60,0) -> 0
A61: 57 | B61: Leet | C61: =OVERALL!C60 -> Prakriti | D61: A | E61: P | BD61: 26 | BF61: =BD61+BE61 -> 26 | BG61: 27 | BH61: =BF61/BG61 -> 0.96296296 | BJ61: 53 | BK61: =OVERALL!B56 -> 2301207 | BL61: =OVERALL!C56 -> Harsh thakur | BM61: =BG57 -> 41 | BN61: =BF57 -> 0 | BO61: =BN61/BM61% -> 0 | BP61: =IF(BO61>=95.5,"6",IF(BO61>=90.5,"5", IF(BO61>=85.5,"4",IF(BO61>=80.5,"3",IF(BO61>=75.5,"2","0"))))) -> 0 | BQ61: 0 | BR61: 0 | BS61: =AVERAGE(BQ61:BR61) -> 0 | BT61: 0 | BU61: 0 | BV61: 0 | BW61: =AVERAGE(BT61:BV61) -> 0 | BX61: =ROUND(BP61+BS61+BW61,0) -> 0
A62: 58 | B62: Leet | C62: =OVERALL!C61 -> Shubham | D62: A | E62: P | BD62: 18 | BF62: =BD62+BE62 -> 18 | BG62: 21 | BH62: =BF62/BG62 -> 0.85714286 | BJ62: 54 | BK62: =OVERALL!B57 -> Leet | BL62: =OVERALL!C57 -> Gagan | BM62: =BG58 -> 41 | BN62: =BF58 -> 33 | BO62: =BN62/BM62% -> 80.487805 | BP62: =IF(BO62>=95.5,"6",IF(BO62>=90.5,"5", IF(BO62>=85.5,"4",IF(BO62>=80.5,"3",IF(BO62>=75.5,"2","0"))))) -> 2 | BQ62: 18 | BR62: 6 | BS62: =AVERAGE(BQ62:BR62) -> 12 | BT62: 8 | BU62: 8 | BV62: 10 | BW62: =AVERAGE(BT62:BV62) -> 8.6666667 | BX62: =ROUND(BP62+BS62+BW62,0) -> 23
BJ63: 55 | BK63: =OVERALL!B58 -> Leet | BL63: =OVERALL!C58 -> Manisha | BM63: =BG59 -> 41 | BN63: =BF59 -> 37 | BO63: =BN63/BM63% -> 90.243902 | BP63: =IF(BO63>=95.5,"6",IF(BO63>=90.5,"5", IF(BO63>=85.5,"4",IF(BO63>=80.5,"3",IF(BO63>=75.5,"2","0"))))) -> 4 | BQ63: 24 | BR63: 8 | BS63: =AVERAGE(BQ63:BR63) -> 16 | BT63: 8 | BU63: 10 | BV63: 9 | BW63: =AVERAGE(BT63:BV63) -> 9 | BX63: =ROUND(BP63+BS63+BW63,0) -> 29
BJ64: 56 | BK64: =OVERALL!B59 -> Leet | BL64: =OVERALL!C59 -> Richa | BM64: =BG60 -> 41 | BN64: =BF60 -> 37 | BO64: =BN64/BM64% -> 90.243902 | BP64: =IF(BO64>=95.5,"6",IF(BO64>=90.5,"5", IF(BO64>=85.5,"4",IF(BO64>=80.5,"3",IF(BO64>=75.5,"2","0"))))) -> 4 | BQ64: 24 | BR64: 19 | BS64: =AVERAGE(BQ64:BR64) -> 21.5 | BT64: 8 | BU64: 10 | BV64: 9 | BW64: =AVERAGE(BT64:BV64) -> 9 | BX64: =ROUND(BP64+BS64+BW64,0) -> 35
BJ65: 57 | BK65: Leet | BL65: Prakriti | BM65: =BG61 -> 27 | BN65: =BF61 -> 26 | BO65: =BN65/BM65% -> 96.296296 | BP65: =IF(BO65>=95.5,"6",IF(BO65>=90.5,"5", IF(BO65>=85.5,"4",IF(BO65>=80.5,"3",IF(BO65>=75.5,"2","0"))))) -> 6 | BQ65: 24 | BR65: 13 | BS65: =AVERAGE(BQ65:BR65) -> 18.5 | BT65: 9 | BU65: 10 | BV65: 8 | BW65: =AVERAGE(BT65:BV65) -> 9 | BX65: =ROUND(BP65+BS65+BW65,0) -> 34
BJ66: 58 | BK66: Leet | BL66: Shubam | BM66: =BG62 -> 21 | BN66: =BF62 -> 18 | BO66: =BN66/BM66% -> 85.714286 | BP66: =IF(BO66>=95.5,"6",IF(BO66>=90.5,"5", IF(BO66>=85.5,"4",IF(BO66>=80.5,"3",IF(BO66>=75.5,"2","0"))))) -> 4 | BQ66: 0 | BR66: 7 | BS66: =AVERAGE(BQ66:BR66) -> 3.5 | BT66: 8 | BU66: 8 | BV66: 10 | BW66: =AVERAGE(BT66:BV66) -> 8.6666667 | BX66: =ROUND(BP66+BS66+BW66,0) -> 16

Sheet DOS
A1: =OVERALL!A1 -> ATTENDANCE RECORD JULY-NOVEMEBER 2024 (B.Tech CSE 3B)
A2: Ms. Ashmeet | BI2: CTIEMT
A3: Date | BD3: PRESENT | BE3: DL (IF ANY) | BF3: Total Attended | BG3: Total Delievered | BH3: PERCENTAGE | BI3: Evaluation Sheet for Internal Awards (Theory)
A4: S.No. | B4: Reg No. | C4: Name of Student | D4: 1 | E4: 2 | F4: 3 | G4: 4 | H4: 5 | I4: 6 | J4: 7 | K4: 8 | L4: 9 | M4: 10 | N4: 11 | O4: 12 | P4: 13 | Q4: 14 | R4: 15 | S4: 16 | T4: 17 | U4: 18 | V4: 19 | W4: 20 | X4: 21 | Y4: 22 | Z4: 23 | AA4: 24 | AB4: 25 | AC4: 26 | AD4: 27 | AE4: 28 | AF4: 29 | AG4: 30 | AH4: 31 | AI4: 32 | AJ4: 33 | AK4: 34 | AL4: 35 | AM4: 36 | AN4: 37 | AO4: 38 | AP4: 39 | AQ4: 40 | AR4: 41 | AS4: 42 | AT4: 43 | AU4: 44 | AV4: 45 | AW4: 46 | AX4: 47 | AY4: 48 | AZ4: 49 | BA4: 50 | BB4: 51 | BC4: 52 | BI4: Session: July-November2024
A5: =OVERALL!A4 -> 1 | B5: =OVERALL!B4 -> 2301236 | C5: =OVERALL!C4 -> Manmohan Singh | BD5: 10 | BE5: 4 | BF5: =BD5+BE5 -> 14 | BG5: 48 | BH5: =BF5/BG5 -> 0.29166667 | BI5: Department: CSE | BR5: Semester: 3rd B
A6: =OVERALL!A5 -> 2 | B6: =OVERALL!B5 -> 2301237 | C6: =OVERALL!C5 -> Manpreet Kaur | BD6: 39 | BF6: =BD6+BE6 -> 39 | BG6: 48 | BH6: =BF6/BG6 -> 0.8125 | BI6: Subject Name: DOS | BR6: Subject Code: HSMC 101-18
A7: =OVERALL!A6 -> 3 | B7: =OVERALL!B6 -> 2301238 | C7: =OVERALL!C6 -> Md Warish Chesam | BD7: 37 | BF7: =BD7+BE7 -> 37 | BG7: 48 | BH7: =BF7/BG7 -> 0.77083333 | BI7: S.No. | BJ7: Reg No. | BK7: Name of Student | BL7: Total Lec Del | BM7: Total Lec Att | BN7: Att %age | BO7: Att Marks (6) | BP7: MST I | BQ7: MST II(Original) | BR7: MST marks | BS7: Assignment | BV7: Weighted marks in Assignments (10) | BW7: Grace | BX7: Grand Total (40)
A8: =OVERALL!A7 -> 4 | B8: =OVERALL!B7 -> 2301239 | C8: =OVERALL!C7 -> Mohd Shahid Afridi | BD8: 0 | BF8: =BD8+BE8 -> 0 | BG8: 48 | BH8: =BF8/BG8 -> 0 | BR8: Average MST I & II (24) | BS8: 1 | BT8: 2 | BU8: 3
A9: =OVERALL!A8 -> 5 | B9: =OVERALL!B8 -> 2301240 | C9: =OVERALL!C8 -> Munisha | BD9: 37 | BF9: =BD9+BE9 -> 37 | BG9: 48 | BH9: =BF9/BG9 -> 0.77083333 | BI9: =OVERALL!A4 -> 1 | BJ9: =OVERALL!B4 -> 2301236 | BK9: =OVERALL!C4 -> Manmohan Singh | BL9: =BG5 -> 48 | BM9: =BF5 -> 14 | BN9: =BM9/BL9% -> 29.166667 | BO9: =IF(BN9>=95.5,"6",IF(BN9>=90.5,"5", IF(BN9>=85.5,"4",IF(BN9>=80.5,"3",IF(BN9>=75.5,"2","0"))))) -> 0 | BP9: 10 | BQ9: 10 | BR9: =AVERAGE(BP9:BQ9) -> 10 | BS9: 0 | BT9: 0 | BU9: 0 | BV9: =AVERAGE(BS9:BU9) -> 0 | BX9: =ROUND(BO9+BR9+BV9+BW9,0) -> 10
A10: =OVERALL!A9 -> 6 | B10: =OVERALL!B9 -> 2301241 | C10: =OVERALL!C9 -> Nikhil Kumar Thakur | BD10: 44 | BF10: =BD10+BE10 -> 44 | BG10: 48 | BH10: =BF10/BG10 -> 0.91666667 | BI10: =OVERALL!A5 -> 2 | BJ10: =OVERALL!B5 -> 2301237 | BK10: =OVERALL!C5 -> Manpreet Kaur | BL10: =BG6 -> 48 | BM10: =BF6 -> 39 | BN10: =BM10/BL10% -> 81.25 | BO10: =IF(BN10>=95.5,"6",IF(BN10>=90.5,"5", IF(BN10>=85.5,"4",IF(BN10>=80.5,"3",IF(BN10>=75.5,"2","0"))))) -> 3 | BP10: 21 | BQ10: 20 | BR10: =AVERAGE(BP10:BQ10) -> 20.5 | BS10: 9 | BT10: 8 | BU10: 8 | BV10: =AVERAGE(BS10:BU10) -> 8.3333333 | BX10: =ROUND(BO10+BR10+BV10+BW10,0) -> 32
A11: =OVERALL!A10 -> 7 | B11: =OVERALL!B10 -> 2301242 | C11: =OVERALL!C10 -> Palak Pathania | BD11: 32 | BF11: =BD11+BE11 -> 32 | BG11: 48 | BH11: =BF11/BG11 -> 0.66666667 | BI11: =OVERALL!A6 -> 3 | BJ11: =OVERALL!B6 -> 2301238 | BK11: =OVERALL!C6 -> Md Warish Chesam | BL11: =BG7 -> 48 | BM11: =BF7 -> 37 | BN11: =BM11/BL11% -> 77.083333 | BO11: =IF(BN11>=95.5,"6",IF(BN11>=90.5,"5", IF(BN11>=85.5,"4",IF(BN11>=80.5,"3",IF(BN11>=75.5,"2","0"))))) -> 2 | BP11: 5 | BQ11: 9 | BR11: =AVERAGE(BP11:BQ11) -> 7 | BS11: 8 | BT11: 8 | BU11: 7 | BV11: =AVERAGE(BS11:BU11) -> 7.6666667 | BX11: =ROUND(BO11+BR11+BV11+BW11,0) -> 17
A12: =OVERALL!A11 -> 8 | B12: =OVERALL!B11 -> 2301243 | C12: =OVERALL!C11 -> Pardeep Singh | BD12: 27 | BF12: =BD12+BE12 -> 27 | BG12: 48 | BH12: =BF12/BG12 -> 0.5625 | BI12: =OVERALL!A7 -> 4 | BJ12: =OVERALL!B7 -> 2301239 | BK12: =OVERALL!C7 -> Mohd Shahid Afridi | BL12: =BG8 -> 48 | BM12: =BF8 -> 0 | BN12: =BM12/BL12% -> 0 | BO12: =IF(BN12>=95.5,"6",IF(BN12>=90.5,"5", IF(BN12>=85.5,"4",IF(BN12>=80.5,"3",IF(BN12>=75.5,"2","0"))))) -> 0 | BP12: 0 | BQ12: 0 | BR12: =AVERAGE(BP12:BQ12) -> 0 | BS12: 0 | BT12: 0 | BU12: 0 | BV12: =AVERAGE(BS12:BU12) -> 0 | BX12: =ROUND(BO12+BR12+BV12+BW12,0) -> 0
A13: =OVERALL!A12 -> 9 | B13: =OVERALL!B12 -> 2301244 | C13: =OVERALL!C12 -> Parveen Mandal | BD13: 0 | BF13: =BD13+BE13 -> 0 | BG13: 48 | BH13: =BF13/BG13 -> 0 | BI13: =OVERALL!A8 -> 5 | BJ13: =OVERALL!B8 -> 2301240 | BK13: =OVERALL!C8 -> Munisha | BL13: =BG9 -> 48 | BM13: =BF9 -> 37 | BN13: =BM13/BL13% -> 77.083333 | BO13: =IF(BN13>=95.5,"6",IF(BN13>=90.5,"5", IF(BN13>=85.5,"4",IF(BN13>=80.5,"3",IF(BN13>=75.5,"2","0"))))) -> 2 | BP13: 13 | BQ13: 13 | BR13: =AVERAGE(BP13:BQ13) -> 13 | BS13: 6 | BT13: 7 | BU13: 6 | BV13: =AVERAGE(BS13:BU13) -> 6.3333333 | BX13: =ROUND(BO13+BR13+BV13+BW13,0) -> 21
A14: =OVERALL!A13 -> 10 | B14: =OVERALL!B13 -> 2301245 | C14: =OVERALL!C13 -> Payal | BD14: 43 | BE14: 3 | BF14: =BD14+BE14 -> 46 | BG14: 48 | BH14: =BF14/BG14 -> 0.95833333 | BI14: =OVERALL!A9 -> 6 | BJ14: =OVERALL!B9 -> 2301241 | BK14: =OVERALL!C9 -> Nikhil Kumar Thakur | BL14: =BG10 -> 48 | BM14: =BF10 -> 44 | BN14: =BM14/BL14% -> 91.666667 | BO14: =IF(BN14>=95.5,"6",IF(BN14>=90.5,"5", IF(BN14>=85.5,"4",IF(BN14>=80.5,"3",IF(BN14>=75.5,"2","0"))))) -> 5 | BP14: 15 | BQ14: 15 | BR14: =AVERAGE(BP14:BQ14) -> 15 | BS14: 6 | BT14: 7 | BU14: 7 | BV14: =AVERAGE(BS14:BU14) -> 6.6666667 | BX14: =ROUND(BO14+BR14+BV14+BW14,0) -> 27
A15: =OVERALL!A14 -> 11 | B15: =OVERALL!B14 -> 2301247 | C15: =OVERALL!C14 -> Priya | BD15: 25 | BF15: =BD15+BE15 -> 25 | BG15: 48 | BH15: =BF15/BG15 -> 0.52083333 | BI15: =OVERALL!A10 -> 7 | BJ15: =OVERALL!B10 -> 2301242 | BK15: =OVERALL!C10 -> Palak Pathania | BL15: =BG11 -> 48 | BM15: =BF11 -> 32 | BN15: =BM15/BL15% -> 66.666667 | BO15: =IF(BN15>=95.5,"6",IF(BN15>=90.5,"5", IF(BN15>=85.5,"4",IF(BN15>=80.5,"3",IF(BN15>=75.5,"2","0"))))) -> 0 | BP15: 16 | BQ15: 14 | BR15: =AVERAGE(BP15:BQ15) -> 15 | BS15: 6 | BT15: 7 | BU15: 7 | BV15: =AVERAGE(BS15:BU15) -> 6.6666667 | BX15: =ROUND(BO15+BR15+BV15+BW15,0) -> 22
A16: =OVERALL!A15 -> 12 | B16: =OVERALL!B15 -> 2301248 | C16: =OVERALL!C15 -> Priyam Puri | BD16: 0 | BF16: =BD16+BE16 -> 0 | BG16: 48 | BH16: =BF16/BG16 -> 0 | BI16: =OVERALL!A11 -> 8 | BJ16: =OVERALL!B11 -> 2301243 | BK16: =OVERALL!C11 -> Pardeep Singh | BL16: =BG12 -> 48 | BM16: =BF12 -> 27 | BN16: =BM16/BL16% -> 56.25 | BO16: =IF(BN16>=95.5,"6",IF(BN16>=90.5,"5", IF(BN16>=85.5,"4",IF(BN16>=80.5,"3",IF(BN16>=75.5,"2","0"))))) -> 0 | BP16: 9 | BQ16: 13 | BR16: =AVERAGE(BP16:BQ16) -> 11 | BS16: 6 | BT16: 5 | BU16: 6 | BV16: =AVERAGE(BS16:BU16) -> 5.6666667 | BX16: =ROUND(BO16+BR16+BV16+BW16,0) -> 17
A17: =OVERALL!A16 -> 13 | B17: =OVERALL!B16 -> 2301249 | C17: =OVERALL!C16 -> Rahul Sharma | BD17: 21 | BE17: 3 | BF17: =BD17+BE17 -> 24 | BG17: 48 | BH17: =BF17/BG17 -> 0.5 | BI17: =OVERALL!A12 -> 9 | BJ17: =OVERALL!B12 -> 2301244 | BK17: =OVERALL!C12 -> Parveen Mandal | BL17: =BG13 -> 48 | BM17: =BF13 -> 0 | BN17: =BM17/BL17% -> 0 | BO17: =IF(BN17>=95.5,"6",IF(BN17>=90.5,"5", IF(BN17>=85.5,"4",IF(BN17>=80.5,"3",IF(BN17>=75.5,"2","0"))))) -> 0 | BP17: 0 | BQ17: 0 | BR17: =AVERAGE(BP17:BQ17) -> 0 | BS17: 0 | BT17: 0 | BU17: 0 | BV17: =AVERAGE(BS17:BU17) -> 0 | BX17: =ROUND(BO17+BR17+BV17+BW17,0) -> 0
A18: =OVERALL!A17 -> 14 | B18: =OVERALL!B17 -> 2301250 | C18: =OVERALL!C17 -> Rahulpreet Singh Khinda | BD18: 29 | BF18: =BD18+BE18 -> 29 | BG18: 48 | BH18: =BF18/BG18 -> 0.60416667 | BI18: =OVERALL!A13 -> 10 | BJ18: =OVERALL!B13 -> 2301245 | BK18: =OVERALL!C13 -> Payal | BL18: =BG14 -> 48 | BM18: =BF14 -> 46 | BN18: =BM18/BL18% -> 95.833333 | BO18: =IF(BN18>=95.5,"6",IF(BN18>=90.5,"5", IF(BN18>=85.5,"4",IF(BN18>=80.5,"3",IF(BN18>=75.5,"2","0"))))) -> 6 | BP18: 22 | BQ18: 22 | BR18: =AVERAGE(BP18:BQ18) -> 22 | BS18: 8 | BT18: 7 | BU18: 8 | BV18: =AVERAGE(BS18:BU18) -> 7.6666667 | BX18: =ROUND(BO18+BR18+BV18+BW18,0) -> 36
A19: =OVERALL!A18 -> 15 | B19: =OVERALL!B18 -> 2301251 | C19: =OVERALL!C18 -> Raj Kumar | BD19: 20 | BF19: =BD19+BE19 -> 20 | BG19: 48 | BH19: =BF19/BG19 -> 0.41666667 | BI19: =OVERALL!A14 -> 11 | BJ19: =OVERALL!B14 -> 2301247 | BK19: =OVERALL!C14 -> Priya | BL19: =BG15 -> 48 | BM19: =BF15 -> 25 | BN19: =BM19/BL19% -> 52.083333 | BO19: =IF(BN19>=95.5,"6",IF(BN19>=90.5,"5", IF(BN19>=85.5,"4",IF(BN19>=80.5,"3",IF(BN19>=75.5,"2","0"))))) -> 0 | BP19: 13 | BQ19: 13 | BR19: =AVERAGE(BP19:BQ19) -> 13 | BS19: 7 | BT19: 5 | BU19: 6 | BV19: =AVERAGE(BS19:BU19) -> 6 | BX19: =ROUND(BO19+BR19+BV19+BW19,0) -> 19
A20: =OVERALL!A19 -> 16 | B20: =OVERALL!B19 -> 2301252 | C20: =OVERALL!C19 -> Rajan Sharma | BD20: 34 | BF20: =BD20+BE20 -> 34 | BG20: 48 | BH20: =BF20/BG20 -> 0.70833333 | BI20: =OVERALL!A15 -> 12 | BJ20: =OVERALL!B15 -> 2301248 | BK20: =OVERALL!C15 -> Priyam Puri | BL20: =BG16 -> 48 | BM20: =BF16 -> 0 | BN20: =BM20/BL20% -> 0 | BO20: =IF(BN20>=95.5,"6",IF(BN20>=90.5,"5", IF(BN20>=85.5,"4",IF(BN20>=80.5,"3",IF(BN20>=75.5,"2","0"))))) -> 0 | BP20: 0 | BQ20: 0 | BR20: =AVERAGE(BP20:BQ20) -> 0 | BS20: 0 | BT20: 0 | BU20: 0 | BV20: =AVERAGE(BS20:BU20) -> 0 | BX20: =ROUND(BO20+BR20+BV20+BW20,0) -> 0
A21: =OVERALL!A20 -> 17 | B21: =OVERALL!B20 -> 2301253 | C21: =OVERALL!C20 -> Rajwinder Kaur | BD21: 37 | BF21: =BD21+BE21 -> 37 | BG21: 48 | BH21: =BF21/BG21 -> 0.77083333 | BI21: =OVERALL!A16 -> 13 | BJ21: =OVERALL!B16 -> 2301249 | BK21: =OVERALL!C16 -> Rahul Sharma | BL21: =BG17 -> 48 | BM21: =BF17 -> 24 | BN21: =BM21/BL21% -> 50 | BO21: =IF(BN21>=95.5,"6",IF(BN21>=90.5,"5", IF(BN21>=85.5,"4",IF(BN21>=80.5,"3",IF(BN21>=75.5,"2","0"))))) -> 0 | BP21: 12 | BQ21: 15 | BR21: =AVERAGE(BP21:BQ21) -> 13.5 | BS21: 5 | BT21: 7 | BU21: 5 | BV21: =AVERAGE(BS21:BU21) -> 5.6666667 | BX21: =ROUND(BO21+BR21+BV21+BW21,0) -> 19
A22: =OVERALL!A21 -> 18 | B22: =OVERALL!B21 -> 2301254 | C22: =OVERALL!C21 -> RANJIT SHAH KANU | BD22: 0 | BF22: =BD22+BE22 -> 0 | BG22: 48 | BH22: =BF22/BG22 -> 0 | BI22: =OVERALL!A17 -> 14 | BJ22: =OVERALL!B17 -> 2301250 | BK22: =OVERALL!C17 -> Rahulpreet Singh Khinda | BL22: =BG18 -> 48 | BM22: =BF18 -> 29 | BN22: =BM22/BL22% -> 60.416667 | BO22: =IF(BN22>=95.5,"6",IF(BN22>=90.5,"5", IF(BN22>=85.5,"4",IF(BN22>=80.5,"3",IF(BN22>=75.5,"2","0"))))) -> 0 | BP22: 10 | BQ22: 7 | BR22: =AVERAGE(BP22:BQ22) -> 8.5 | BS22: 6 | BT22: 6 | BU22: 8 | BV22: =AVERAGE(BS22:BU22) -> 6.6666667 | BX22: =ROUND(BO22+BR22+BV22+BW22,0) -> 15
A23: =OVERALL!A22 -> 19 | B23: =OVERALL!B22 -> 2301255 | C23: =OVERALL!C22 -> Ravi Bhushan Kumar | BD23: 38 | BF23: =BD23+BE23 -> 38 | BG23: 48 | BH23: =BF23/BG23 -> 0.79166667 | BI23: =OVERALL!A18 -> 15 | BJ23: =OVERALL!B18 -> 2301251 | BK23: =OVERALL!C18 -> Raj Kumar | BL23: =BG19 -> 48 | BM23: =BF19 -> 20 | BN23: =BM23/BL23% -> 41.666667 | BO23: =IF(BN23>=95.5,"6",IF(BN23>=90.5,"5", IF(BN23>=85.5,"4",IF(BN23>=80.5,"3",IF(BN23>=75.5,"2","0"))))) -> 0 | BP23: 7 | BQ23: 10 | BR23: =AVERAGE(BP23:BQ23) -> 8.5 | BS23: 5 | BT23: 6 | BU23: 7 | BV23: =AVERAGE(BS23:BU23) -> 6 | BX23: =ROUND(BO23+BR23+BV23+BW23,0) -> 15
A24: =OVERALL!A23 -> 20 | B24: =OVERALL!B23 -> 2301256 | C24: =OVERALL!C23 -> Reshma | BD24: 36 | BF24: =BD24+BE24 -> 36 | BG24: 48 | BH24: =BF24/BG24 -> 0.75 | BI24: =OVERALL!A19 -> 16 | BJ24: =OVERALL!B19 -> 2301252 | BK24: =OVERALL!C19 -> Rajan Sharma | BL24: =BG20 -> 48 | BM24: =BF20 -> 34 | BN24: =BM24/BL24% -> 70.833333 | BO24: =IF(BN24>=95.5,"6",IF(BN24>=90.5,"5", IF(BN24>=85.5,"4",IF(BN24>=80.5,"3",IF(BN24>=75.5,"2","0"))))) -> 0 | BP24: 9 | BQ24: 13 | BR24: =AVERAGE(BP24:BQ24) -> 11 | BS24: 4 | BT24: 6 | BU24: 5 | BV24: =AVERAGE(BS24:BU24) -> 5 | BX24: =ROUND(BO24+BR24+BV24+BW24,0) -> 16
A25: =OVERALL!A24 -> 21 | B25: =OVERALL!B24 -> 2301257 | C25: =OVERALL!C24 -> Ritesh Kumar Choudhary | BD25: 22 | BE25: 8 | BF25: =BD25+BE25 -> 30 | BG25: 48 | BH25: =BF25/BG25 -> 0.625 | BI25: =OVERALL!A20 -> 17 | BJ25: =OVERALL!B20 -> 2301253 | BK25: =OVERALL!C20 -> Rajwinder Kaur | BL25: =BG21 -> 48 | BM25: =BF21 -> 37 | BN25: =BM25/BL25% -> 77.083333 | BO25: =IF(BN25>=95.5,"6",IF(BN25>=90.5,"5", IF(BN25>=85.5,"4",IF(BN25>=80.5,"3",IF(BN25>=75.5,"2","0"))))) -> 2 | BP25: 22 | BQ25: 18 | BR25: =AVERAGE(BP25:BQ25) -> 20 | BS25: 7 | BT25: 7 | BU25: 7 | BV25: =AVERAGE(BS25:BU25) -> 7 | BX25: =ROUND(BO25+BR25+BV25+BW25,0) -> 29
A26: =OVERALL!A25 -> 22 | B26: =OVERALL!B25 -> 2301258 | C26: =OVERALL!C25 -> Ritesh Thakur | BD26: 9 | BF26: =BD26+BE26 -> 9 | BG26: 48 | BH26: =BF26/BG26 -> 0.1875 | BI26: =OVERALL!A21 -> 18 | BJ26: =OVERALL!B21 -> 2301254 | BK26: =OVERALL!C21 -> RANJIT SHAH KANU | BL26: =BG22 -> 48 | BM26: =BF22 -> 0 | BN26: =BM26/BL26% -> 0 | BO26: =IF(BN26>=95.5,"6",IF(BN26>=90.5,"5", IF(BN26>=85.5,"4",IF(BN26>=80.5,"3",IF(BN26>=75.5,"2","0"))))) -> 0 | BP26: 0 | BQ26: 0 | BR26: =AVERAGE(BP26:BQ26) -> 0 | BS26: 0 | BT26: 0 | BU26: 0 | BV26: =AVERAGE(BS26:BU26) -> 0 | BX26: =ROUND(BO26+BR26+BV26+BW26,0) -> 0
A27: =OVERALL!A26 -> 23 | B27: =OVERALL!B26 -> 2301259 | C27: =OVERALL!C26 -> Riya Thakur | BD27: 29 | BF27: =BD27+BE27 -> 29 | BG27: 48 | BH27: =BF27/BG27 -> 0.60416667 | BI27: =OVERALL!A22 -> 19 | BJ27: =OVERALL!B22 -> 2301255 | BK27: =OVERALL!C22 -> Ravi Bhushan Kumar | BL27: =BG23 -> 48 | BM27: =BF23 -> 38 | BN27: =BM27/BL27% -> 79.166667 | BO27: =IF(BN27>=95.5,"6",IF(BN27>=90.5,"5", IF(BN27>=85.5,"4",IF(BN27>=80.5,"3",IF(BN27>=75.5,"2","0"))))) -> 2 | BP27: 13 | BQ27: 13 | BR27: =AVERAGE(BP27:BQ27) -> 13 | BS27: 5 | BT27: 8 | BU27: 6 | BV27: =AVERAGE(BS27:BU27) -> 6.3333333 | BX27: =ROUND(BO27+BR27+BV27+BW27,0) -> 21
A28: =OVERALL!A27 -> 24 | B28: =OVERALL!B27 -> 2301260 | C28: =OVERALL!C27 -> Rounit Dhiman | BD28: 29 | BE28: 3 | BF28: =BD28+BE28 -> 32 | BG28: 48 | BH28: =BF28/BG28 -> 0.66666667 | BI28: =OVERALL!A23 -> 20 | BJ28: =OVERALL!B23 -> 2301256 | BK28: =OVERALL!C23 -> Reshma | BL28: =BG24 -> 48 | BM28: =BF24 -> 36 | BN28: =BM28/BL28% -> 75 | BO28: =IF(BN28>=95.5,"6",IF(BN28>=90.5,"5", IF(BN28>=85.5,"4",IF(BN28>=80.5,"3",IF(BN28>=75.5,"2","0"))))) -> 0 | BP28: 14 | BQ28: 15 | BR28: =AVERAGE(BP28:BQ28) -> 14.5 | BS28: 5 | BT28: 7 | BU28: 6 | BV28: =AVERAGE(BS28:BU28) -> 6 | BX28: =ROUND(BO28+BR28+BV28+BW28,0) -> 21
A29: =OVERALL!A28 -> 25 | B29: =OVERALL!B28 -> 2301261 | C29: =OVERALL!C28 -> Rubby Kumari | BD29: 13 | BE29: 7 | BF29: =BD29+BE29 -> 20 | BG29: 48 | BH29: =BF29/BG29 -> 0.41666667 | BI29: =OVERALL!A24 -> 21 | BJ29: =OVERALL!B24 -> 2301257 | BK29: =OVERALL!C24 -> Ritesh Kumar Choudhary | BL29: =BG25 -> 48 | BM29: =BF25 -> 30 | BN29: =BM29/BL29% -> 62.5 | BO29: =IF(BN29>=95.5,"6",IF(BN29>=90.5,"5", IF(BN29>=85.5,"4",IF(BN29>=80.5,"3",IF(BN29>=75.5,"2","0"))))) -> 0 | BP29: 20 | BQ29: 13 | BR29: =AVERAGE(BP29:BQ29) -> 16.5 | BS29: 0 | BT29: 0 | BU29: 0 | BV29: =AVERAGE(BS29:BU29) -> 0 | BX29: =ROUND(BO29+BR29+BV29+BW29,0) -> 17
A30: =OVERALL!A29 -> 26 | B30: =OVERALL!B29 -> 2301262 | C30: =OVERALL!C29 -> Sakshi Devi | BD30: 30 | BF30: =BD30+BE30 -> 30 | BG30: 48 | BH30: =BF30/BG30 -> 0.625 | BI30: =OVERALL!A25 -> 22 | BJ30: =OVERALL!B25 -> 2301258 | BK30: =OVERALL!C25 -> Ritesh Thakur | BL30: =BG26 -> 48 | BM30: =BF26 -> 9 | BN30: =BM30/BL30% -> 18.75 | BO30: =IF(BN30>=95.5,"6",IF(BN30>=90.5,"5", IF(BN30>=85.5,"4",IF(BN30>=80.5,"3",IF(BN30>=75.5,"2","0"))))) -> 0 | BP30: 0 | BQ30: 11 | BR30: =AVERAGE(BP30:BQ30) -> 5.5 | BS30: 0 | BT30: 0 | BU30: 0 | BV30: =AVERAGE(BS30:BU30) -> 0 | BX30: =ROUND(BO30+BR30+BV30+BW30,0) -> 6
A31: =OVERALL!A30 -> 27 | B31: =OVERALL!B30 -> 2301263 | C31: =OVERALL!C30 -> Sanchi Sharma | BD31: 47 | BF31: =BD31+BE31 -> 47 | BG31: 48 | BH31: =BF31/BG31 -> 0.97916667 | BI31: =OVERALL!A26 -> 23 | BJ31: =OVERALL!B26 -> 2301259 | BK31: =OVERALL!C26 -> Riya Thakur | BL31: =BG27 -> 48 | BM31: =BF27 -> 29 | BN31: =BM31/BL31% -> 60.416667 | BO31: =IF(BN31>=95.5,"6",IF(BN31>=90.5,"5", IF(BN31>=85.5,"4",IF(BN31>=80.5,"3",IF(BN31>=75.5,"2","0"))))) -> 0 | BP31: 16 | BQ31: 15 | BR31: =AVERAGE(BP31:BQ31) -> 15.5 | BS31: 6 | BT31: 8 | BU31: 7 | BV31: =AVERAGE(BS31:BU31) -> 7 | BX31: =ROUND(BO31+BR31+BV31+BW31,0) -> 23
A32: =OVERALL!A31 -> 28 | B32: =OVERALL!B31 -> 2301264 | C32: =OVERALL!C31 -> Sarbjit Singh | BD32: 8 | BF32: =BD32+BE32 -> 8 | BG32: 48 | BH32: =BF32/BG32 -> 0.16666667 | BI32: =OVERALL!A27 -> 24 | BJ32: =OVERALL!B27 -> 2301260 | BK32: =OVERALL!C27 -> Rounit Dhiman | BL32: =BG28 -> 48 | BM32: =BF28 -> 32 | BN32: =BM32/BL32% -> 66.666667 | BO32: =IF(BN32>=95.5,"6",IF(BN32>=90.5,"5", IF(BN32>=85.5,"4",IF(BN32>=80.5,"3",IF(BN32>=75.5,"2","0"))))) -> 0 | BP32: 11 | BQ32: 14 | BR32: =AVERAGE(BP32:BQ32) -> 12.5 | BS32: 5 | BT32: 6 | BU32: 6 | BV32: =AVERAGE(BS32:BU32) -> 5.6666667 | BX32: =ROUND(BO32+BR32+BV32+BW32,0) -> 18
A33: =OVERALL!A32 -> 29 | B33: =OVERALL!B32 -> 2301265 | C33: =OVERALL!C32 -> Sarif Mayangmayum | BD33: 30 | BE33: 7 | BF33: =BD33+BE33 -> 37 | BG33: 48 | BH33: =BF33/BG33 -> 0.77083333 | BI33: =OVERALL!A28 -> 25 | BJ33: =OVERALL!B28 -> 2301261 | BK33: =OVERALL!C28 -> Rubby Kumari | BL33: =BG29 -> 48 | BM33: =BF29 -> 20 | BN33: =BM33/BL33% -> 41.666667 | BO33: =IF(BN33>=95.5,"6",IF(BN33>=90.5,"5", IF(BN33>=85.5,"4",IF(BN33>=80.5,"3",IF(BN33>=75.5,"2","0"))))) -> 0 | BP33: 13 | BQ33: 16 | BR33: =AVERAGE(BP33:BQ33) -> 14.5 | BS33: 0 | BT33: 0 | BU33: 0 | BV33: =AVERAGE(BS33:BU33) -> 0 | BX33: =ROUND(BO33+BR33+BV33+BW33,0) -> 15
A34: =OVERALL!A33 -> 30 | B34: =OVERALL!B33 -> 2301267 | C34: =OVERALL!C33 -> Shivam Kumar Chaubey | BD34: 37 | BF34: =BD34+BE34 -> 37 | BG34: 48 | BH34: =BF34/BG34 -> 0.77083333 | BI34: =OVERALL!A29 -> 26 | BJ34: =OVERALL!B29 -> 2301262 | BK34: =OVERALL!C29 -> Sakshi Devi | BL34: =BG30 -> 48 | BM34: =BF30 -> 30 | BN34: =BM34/BL34% -> 62.5 | BO34: =IF(BN34>=95.5,"6",IF(BN34>=90.5,"5", IF(BN34>=85.5,"4",IF(BN34>=80.5,"3",IF(BN34>=75.5,"2","0"))))) -> 0 | BP34: 11 | BQ34: 13 | BR34: =AVERAGE(BP34:BQ34) -> 12 | BS34: 6 | BT34: 6 | BU34: 6 | BV34: =AVERAGE(BS34:BU34) -> 6 | BX34: =ROUND(BO34+BR34+BV34+BW34,0) -> 18
A35: =OVERALL!A34 -> 31 | B35: =OVERALL!B34 -> 2301268 | C35: =OVERALL!C34 -> Simba Godfrey | BD35: 29 | BF35: =BD35+BE35 -> 29 | BG35: 48 | BH35: =BF35/BG35 -> 0.60416667 | BI35: =OVERALL!A30 -> 27 | BJ35: =OVERALL!B30 -> 2301263 | BK35: =OVERALL!C30 -> Sanchi Sharma | BL35: =BG31 -> 48 | BM35: =BF31 -> 47 | BN35: =BM35/BL35% -> 97.916667 | BO35: =IF(BN35>=95.5,"6",IF(BN35>=90.5,"5", IF(BN35>=85.5,"4",IF(BN35>=80.5,"3",IF(BN35>=75.5,"2","0"))))) -> 6 | BP35: 19 | BQ35: 12 | BR35: =AVERAGE(BP35:BQ35) -> 15.5 | BS35: 7 | BT35: 7 | BU35: 8 | BV35: =AVERAGE(BS35:BU35) -> 7.3333333 | BX35: =ROUND(BO35+BR35+BV35+BW35,0) -> 29
A36: =OVERALL!A35 -> 32 | B36: =OVERALL!B35 -> 2301269 | C36: =OVERALL!C35 -> Simran Kaur | BD36: 41 | BF36: =BD36+BE36 -> 41 | BG36: 48 | BH36: =BF36/BG36 -> 0.85416667 | BI36: =OVERALL!A31 -> 28 | BJ36: =OVERALL!B31 -> 2301264 | BK36: =OVERALL!C31 -> Sarbjit Singh | BL36: =BG32 -> 48 | BM36: =BF32 -> 8 | BN36: =BM36/BL36% -> 16.666667 | BO36: =IF(BN36>=95.5,"6",IF(BN36>=90.5,"5", IF(BN36>=85.5,"4",IF(BN36>=80.5,"3",IF(BN36>=75.5,"2","0"))))) -> 0 | BP36: 5 | BQ36: 4 | BR36: =AVERAGE(BP36:BQ36) -> 4.5 | BS36: 0 | BT36: 0 | BU36: 0 | BV36: =AVERAGE(BS36:BU36) -> 0 | BX36: =ROUND(BO36+BR36+BV36+BW36,0) -> 5
A37: =OVERALL!A36 -> 33 | B37: =OVERALL!B36 -> 2301270 | C37: =OVERALL!C36 -> Simranjit Singh | BD37: 22 | BE37: 3 | BF37: =BD37+BE37 -> 25 | BG37: 48 | BH37: =BF37/BG37 -> 0.52083333 | BI37: =OVERALL!A32 -> 29 | BJ37: =OVERALL!B32 -> 2301265 | BK37: =OVERALL!C32 -> Sarif Mayangmayum | BL37: =BG33 -> 48 | BM37: =BF33 -> 37 | BN37: =BM37/BL37% -> 77.083333 | BO37: =IF(BN37>=95.5,"6",IF(BN37>=90.5,"5", IF(BN37>=85.5,"4",IF(BN37>=80.5,"3",IF(BN37>=75.5,"2","0"))))) -> 2 | BP37: 10 | BQ37: 10 | BR37: =AVERAGE(BP37:BQ37) -> 10 | BS37: 8 | BT37: 8 | BU37: 8 | BV37: =AVERAGE(BS37:BU37) -> 8 | BX37: =ROUND(BO37+BR37+BV37+BW37,0) -> 20
A38: =OVERALL!A37 -> 34 | B38: =OVERALL!B37 -> 2301271 | C38: =OVERALL!C37 -> Sudip Sunar | BD38: 35 | BF38: =BD38+BE38 -> 35 | BG38: 48 | BH38: =BF38/BG38 -> 0.72916667 | BI38: =OVERALL!A33 -> 30 | BJ38: =OVERALL!B33 -> 2301267 | BK38: =OVERALL!C33 -> Shivam Kumar Chaubey | BL38: =BG34 -> 48 | BM38: =BF34 -> 37 | BN38: =BM38/BL38% -> 77.083333 | BO38: =IF(BN38>=95.5,"6",IF(BN38>=90.5,"5", IF(BN38>=85.5,"4",IF(BN38>=80.5,"3",IF(BN38>=75.5,"2","0"))))) -> 2 | BP38: 11 | BQ38: 14 | BR38: =AVERAGE(BP38:BQ38) -> 12.5 | BS38: 6 | BT38: 8 | BU38: 7 | BV38: =AVERAGE(BS38:BU38) -> 7 | BX38: =ROUND(BO38+BR38+BV38+BW38,0) -> 22
A39: =OVERALL!A38 -> 35 | B39: =OVERALL!B38 -> 2301272 | C39: =OVERALL!C38 -> Sujal Sharma | BD39: 0 | BF39: =BD39+BE39 -> 0 | BG39: 48 | BH39: =BF39/BG39 -> 0 | BI39: =OVERALL!A34 -> 31 | BJ39: =OVERALL!B34 -> 2301268 | BK39: =OVERALL!C34 -> Simba Godfrey | BL39: =BG35 -> 48 | BM39: =BF35 -> 29 | BN39: =BM39/BL39% -> 60.416667 | BO39: =IF(BN39>=95.5,"6",IF(BN39>=90.5,"5", IF(BN39>=85.5,"4",IF(BN39>=80.5,"3",IF(BN39>=75.5,"2","0"))))) -> 0 | BP39: 7 | BQ39: 8 | BR39: =AVERAGE(BP39:BQ39) -> 7.5 | BS39: 6 | BT39: 6 | BU39: 5 | BV39: =AVERAGE(BS39:BU39) -> 5.6666667 | BX39: =ROUND(BO39+BR39+BV39+BW39,0) -> 13
A40: =OVERALL!A39 -> 36 | B40: =OVERALL!B39 -> 2301273 | C40: =OVERALL!C39 -> Sukhraj Singh | BD40: 11 | BF40: =BD40+BE40 -> 11 | BG40: 48 | BH40: =BF40/BG40 -> 0.22916667 | BI40: =OVERALL!A35 -> 32 | BJ40: =OVERALL!B35 -> 2301269 | BK40: =OVERALL!C35 -> Simran Kaur | BL40: =BG36 -> 48 | BM40: =BF36 -> 41 | BN40: =BM40/BL40% -> 85.416667 | BO40: =IF(BN40>=95.5,"6",IF(BN40>=90.5,"5", IF(BN40>=85.5,"4",IF(BN40>=80.5,"3",IF(BN40>=75.5,"2","0"))))) -> 3 | BP40: 19 | BQ40: 15 | BR40: =AVERAGE(BP40:BQ40) -> 17 | BS40: 8 | BT40: 9 | BU40: 8 | BV40: =AVERAGE(BS40:BU40) -> 8.3333333 | BX40: =ROUND(BO40+BR40+BV40+BW40,0) -> 28
A41: =OVERALL!A40 -> 37 | B41: =OVERALL!B40 -> 2301274 | C41: =OVERALL!C40 -> Sukhreet Kaur | BD41: 28 | BF41: =BD41+BE41 -> 28 | BG41: 48 | BH41: =BF41/BG41 -> 0.58333333 | BI41: =OVERALL!A36 -> 33 | BJ41: =OVERALL!B36 -> 2301270 | BK41: =OVERALL!C36 -> Simranjit Singh | BL41: =BG37 -> 48 | BM41: =BF37 -> 25 | BN41: =BM41/BL41% -> 52.083333 | BO41: =IF(BN41>=95.5,"6",IF(BN41>=90.5,"5", IF(BN41>=85.5,"4",IF(BN41>=80.5,"3",IF(BN41>=75.5,"2","0"))))) -> 0 | BP41: 0 | BQ41: 1 | BR41: =AVERAGE(BP41:BQ41) -> 0.5 | BS41: 6 | BT41: 5 | BU41: 6 | BV41: =AVERAGE(BS41:BU41) -> 5.6666667 | BX41: =ROUND(BO41+BR41+BV41+BW41,0) -> 6
A42: =OVERALL!A41 -> 38 | B42: =OVERALL!B41 -> 2301275 | C42: =OVERALL!C41 -> Suman Krishna | BD42: 31 | BF42: =BD42+BE42 -> 31 | BG42: 48 | BH42: =BF42/BG42 -> 0.64583333 | BI42: =OVERALL!A37 -> 34 | BJ42: =OVERALL!B37 -> 2301271 | BK42: =OVERALL!C37 -> Sudip Sunar | BL42: =BG38 -> 48 | BM42: =BF38 -> 35 | BN42: =BM42/BL42% -> 72.916667 | BO42: =IF(BN42>=95.5,"6",IF(BN42>=90.5,"5", IF(BN42>=85.5,"4",IF(BN42>=80.5,"3",IF(BN42>=75.5,"2","0"))))) -> 0 | BP42: 12 | BQ42: 9 | BR42: =AVERAGE(BP42:BQ42) -> 10.5 | BS42: 5 | BT42: 5 | BU42: 5 | BV42: =AVERAGE(BS42:BU42) -> 5 | BX42: =ROUND(BO42+BR42+BV42+BW42,0) -> 16
A43: =OVERALL!A42 -> 39 | B43: =OVERALL!B42 -> 2301276 | C43: =OVERALL!C42 -> Sumanyu | BD43: 0 | BF43: =BD43+BE43 -> 0 | BG43: 48 | BH43: =BF43/BG43 -> 0 | BI43: =OVERALL!A38 -> 35 | BJ43: =OVERALL!B38 -> 2301272 | BK43: =OVERALL!C38 -> Sujal Sharma | BL43: =BG39 -> 48 | BM43: =BF39 -> 0 | BN43: =BM43/BL43% -> 0 | BO43: =IF(BN43>=95.5,"6",IF(BN43>=90.5,"5", IF(BN43>=85.5,"4",IF(BN43>=80.5,"3",IF(BN43>=75.5,"2","0"))))) -> 0 | BP43: 0 | BQ43: 0 | BR43: =AVERAGE(BP43:BQ43) -> 0 | BS43: 0 | BT43: 0 | BU43: 0 | BV43: =AVERAGE(BS43:BU43) -> 0 | BX43: =ROUND(BO43+BR43+BV43+BW43,0) -> 0
A44: =OVERALL!A43 -> 40 | B44: =OVERALL!B43 -> 2301277 | C44: =OVERALL!C43 -> Tamana | BD44: 20 | BF44: =BD44+BE44 -> 20 | BG44: 48 | BH44: =BF44/BG44 -> 0.41666667 | BI44: =OVERALL!A39 -> 36 | BJ44: =OVERALL!B39 -> 2301273 | BK44: =OVERALL!C39 -> Sukhraj Singh | BL44: =BG40 -> 48 | BM44: =BF40 -> 11 | BN44: =BM44/BL44% -> 22.916667 | BO44: =IF(BN44>=95.5,"6",IF(BN44>=90.5,"5", IF(BN44>=85.5,"4",IF(BN44>=80.5,"3",IF(BN44>=75.5,"2","0"))))) -> 0 | BP44: 16 | BQ44: 15 | BR44: =AVERAGE(BP44:BQ44) -> 15.5 | BS44: 6 | BT44: 6 | BU44: 5 | BV44: =AVERAGE(BS44:BU44) -> 5.6666667 | BX44: =ROUND(BO44+BR44+BV44+BW44,0) -> 21
A45: =OVERALL!A44 -> 41 | B45: =OVERALL!B44 -> 2301278 | C45: =OVERALL!C44 -> Tamana Farooq Khanday | BD45: 19 | BF45: =BD45+BE45 -> 19 | BG45: 48 | BH45: =BF45/BG45 -> 0.39583333 | BI45: =OVERALL!A40 -> 37 | BJ45: =OVERALL!B40 -> 2301274 | BK45: =OVERALL!C40 -> Sukhreet Kaur | BL45: =BG41 -> 48 | BM45: =BF41 -> 28 | BN45: =BM45/BL45% -> 58.333333 | BO45: =IF(BN45>=95.5,"6",IF(BN45>=90.5,"5", IF(BN45>=85.5,"4",IF(BN45>=80.5,"3",IF(BN45>=75.5,"2","0"))))) -> 0 | BP45: 14 | BQ45: 14 | BR45: =AVERAGE(BP45:BQ45) -> 14 | BS45: 6 | BT45: 8 | BU45: 7 | BV45: =AVERAGE(BS45:BU45) -> 7 | BX45: =ROUND(BO45+BR45+BV45+BW45,0) -> 21
A46: =OVERALL!A45 -> 42 | B46: =OVERALL!B45 -> 2301279 | C46: =OVERALL!C45 -> Tania | BD46: 37 | BF46: =BD46+BE46 -> 37 | BG46: 48 | BH46: =BF46/BG46 -> 0.77083333 | BI46: =OVERALL!A41 -> 38 | BJ46: =OVERALL!B41 -> 2301275 | BK46: =OVERALL!C41 -> Suman Krishna | BL46: =BG42 -> 48 | BM46: =BF42 -> 31 | BN46: =BM46/BL46% -> 64.583333 | BO46: =IF(BN46>=95.5,"6",IF(BN46>=90.5,"5", IF(BN46>=85.5,"4",IF(BN46>=80.5,"3",IF(BN46>=75.5,"2","0"))))) -> 0 | BP46: 8 | BQ46: 6 | BR46: =AVERAGE(BP46:BQ46) -> 7 | BS46: 6 | BT46: 7 | BU46: 7 | BV46: =AVERAGE(BS46:BU46) -> 6.6666667 | BX46: =ROUND(BO46+BR46+BV46+BW46,0) -> 14
A47: =OVERALL!A46 -> 43 | B47: =OVERALL!B46 -> 2301280 | C47: =OVERALL!C46 -> Taniya | BD47: 23 | BF47: =BD47+BE47 -> 23 | BG47: 48 | BH47: =BF47/BG47 -> 0.47916667 | BI47: =OVERALL!A42 -> 39 | BJ47: =OVERALL!B42 -> 2301276 | BK47: =OVERALL!C42 -> Sumanyu | BL47: =BG43 -> 48 | BM47: =BF43 -> 0 | BN47: =BM47/BL47% -> 0 | BO47: =IF(BN47>=95.5,"6",IF(BN47>=90.5,"5", IF(BN47>=85.5,"4",IF(BN47>=80.5,"3",IF(BN47>=75.5,"2","0"))))) -> 0 | BP47: 0 | BQ47: 0 | BR47: =AVERAGE(BP47:BQ47) -> 0 | BS47: 0 | BT47: 0 | BU47: 0 | BV47: =AVERAGE(BS47:BU47) -> 0 | BX47: =ROUND(BO47+BR47+BV47+BW47,0) -> 0
A48: =OVERALL!A47 -> 44 | B48: =OVERALL!B47 -> 2301281 | C48: =OVERALL!C47 -> Taziko Trakha | BD48: 29 | BE48: 7 | BF48: =BD48+BE48 -> 36 | BG48: 48 | BH48: =BF48/BG48 -> 0.75 | BI48: =OVERALL!A43 -> 40 | BJ48: =OVERALL!B43 -> 2301277 | BK48: =OVERALL!C43 -> Tamana | BL48: =BG44 -> 48 | BM48: =BF44 -> 20 | BN48: =BM48/BL48% -> 41.666667 | BO48: =IF(BN48>=95.5,"6",IF(BN48>=90.5,"5", IF(BN48>=85.5,"4",IF(BN48>=80.5,"3",IF(BN48>=75.5,"2","0"))))) -> 0 | BP48: 10 | BQ48: 11 | BR48: =AVERAGE(BP48:BQ48) -> 10.5 | BS48: 8 | BT48: 7 | BU48: 6 | BV48: =AVERAGE(BS48:BU48) -> 7 | BX48: =ROUND(BO48+BR48+BV48+BW48,0) -> 18
A49: 45 | B49: =OVERALL!B48 -> 2301282 | C49: =OVERALL!C48 -> Uday Kumar | BD49: 9 | BF49: =BD49+BE49 -> 9 | BG49: 48 | BH49: =BF49/BG49 -> 0.1875 | BI49: =OVERALL!A44 -> 41 | BJ49: =OVERALL!B44 -> 2301278 | BK49: =OVERALL!C44 -> Tamana Farooq Khanday | BL49: =BG45 -> 48 | BM49: =BF45 -> 19 | BN49: =BM49/BL49% -> 39.583333 | BO49: =IF(BN49>=95.5,"6",IF(BN49>=90.5,"5", IF(BN49>=85.5,"4",IF(BN49>=80.5,"3",IF(BN49>=75.5,"2","0"))))) -> 0 | BP49: 20 | BQ49: 12 | BR49: =AVERAGE(BP49:BQ49) -> 16 | BS49: 2 | BT49: 0 | BU49: 0 | BV49: =AVERAGE(BS49:BU49) -> 0.66666667 | BX49: =ROUND(BO49+BR49+BV49+BW49,0) -> 17
A50: 46 | B50: =OVERALL!B49 -> 2301283 | C50: =OVERALL!C49 -> Vaibhav Shahi | BD50: 21 | BF50: =BD50+BE50 -> 21 | BG50: 48 | BH50: =BF50/BG50 -> 0.4375 | BI50: =OVERALL!A45 -> 42 | BJ50: =OVERALL!B45 -> 2301279 | BK50: =OVERALL!C45 -> Tania | BL50: =BG46 -> 48 | BM50: =BF46 -> 37 | BN50: =BM50/BL50% -> 77.083333 | BO50: =IF(BN50>=95.5,"6",IF(BN50>=90.5,"5", IF(BN50>=85.5,"4",IF(BN50>=80.5,"3",IF(BN50>=75.5,"2","0"))))) -> 2 | BP50: 14 | BQ50: 11 | BR50: =AVERAGE(BP50:BQ50) -> 12.5 | BS50: 5 | BT50: 7 | BU50: 5 | BV50: =AVERAGE(BS50:BU50) -> 5.6666667 | BX50: =ROUND(BO50+BR50+BV50+BW50,0) -> 20
A51: 47 | B51: =OVERALL!B50 -> 2301284 | C51: =OVERALL!C50 -> Vansh Kumar | BD51: 0 | BF51: =BD51+BE51 -> 0 | BG51: 48 | BH51: =BF51/BG51 -> 0 | BI51: =OVERALL!A46 -> 43 | BJ51: =OVERALL!B46 -> 2301280 | BK51: =OVERALL!C46 -> Taniya | BL51: =BG47 -> 48 | BM51: =BF47 -> 23 | BN51: =BM51/BL51% -> 47.916667 | BO51: =IF(BN51>=95.5,"6",IF(BN51>=90.5,"5", IF(BN51>=85.5,"4",IF(BN51>=80.5,"3",IF(BN51>=75.5,"2","0"))))) -> 0 | BP51: 17 | BQ51: 15 | BR51: =AVERAGE(BP51:BQ51) -> 16 | BS51: 7 | BT51: 8 | BU51: 6 | BV51: =AVERAGE(BS51:BU51) -> 7 | BX51: =ROUND(BO51+BR51+BV51+BW51,0) -> 23
A52: 48 | B52: =OVERALL!B51 -> 2301285 | C52: =OVERALL!C51 -> Vansh Sharma | BD52: 25 | BF52: =BD52+BE52 -> 25 | BG52: 48 | BH52: =BF52/BG52 -> 0.52083333 | BI52: =OVERALL!A47 -> 44 | BJ52: =OVERALL!B47 -> 2301281 | BK52: =OVERALL!C47 -> Taziko Trakha | BL52: =BG48 -> 48 | BM52: =BF48 -> 36 | BN52: =BM52/BL52% -> 75 | BO52: =IF(BN52>=95.5,"6",IF(BN52>=90.5,"5", IF(BN52>=85.5,"4",IF(BN52>=80.5,"3",IF(BN52>=75.5,"2","0"))))) -> 0 | BP52: 16 | BQ52: 15 | BR52: =AVERAGE(BP52:BQ52) -> 15.5 | BS52: 5 | BT52: 6 | BU52: 7 | BV52: =AVERAGE(BS52:BU52) -> 6 | BX52: =ROUND(BO52+BR52+BV52+BW52,0) -> 22
A53: 49 | B53: =OVERALL!B52 -> 2301286 | C53: =OVERALL!C52 -> Vikramjit Singh | BD53: 2 | BF53: =BD53+BE53 -> 2 | BG53: 48 | BH53: =BF53/BG53 -> 0.041666667 | BI53: =OVERALL!A48 -> 45 | BJ53: =OVERALL!B48 -> 2301282 | BK53: =OVERALL!C48 -> Uday Kumar | BL53: =BG49 -> 48 | BM53: =BF49 -> 9 | BN53: =BM53/BL53% -> 18.75 | BO53: =IF(BN53>=95.5,"6",IF(BN53>=90.5,"5", IF(BN53>=85.5,"4",IF(BN53>=80.5,"3",IF(BN53>=75.5,"2","0"))))) -> 0 | BP53: 5 | BQ53: 0 | BR53: =AVERAGE(BP53:BQ53) -> 2.5 | BS53: 6 | BT53: 0 | BU53: 0 | BV53: =AVERAGE(BS53:BU53) -> 2 | BX53: =ROUND(BO53+BR53+BV53+BW53,0) -> 5
A54: 50 | B54: =OVERALL!B53 -> 2301287 | C54: =OVERALL!C53 -> Vishavjit Singh | BD54: 1 | BF54: =BD54+BE54 -> 1 | BG54: 48 | BH54: =BF54/BG54 -> 0.020833333 | BI54: =OVERALL!A49 -> 46 | BJ54: =OVERALL!B49 -> 2301283 | BK54: =OVERALL!C49 -> Vaibhav Shahi | BL54: =BG50 -> 48 | BM54: =BF50 -> 21 | BN54: =BM54/BL54% -> 43.75 | BO54: =IF(BN54>=95.5,"6",IF(BN54>=90.5,"5", IF(BN54>=85.5,"4",IF(BN54>=80.5,"3",IF(BN54>=75.5,"2","0"))))) -> 0 | BP54: 3 | BQ54: 3 | BR54: =AVERAGE(BP54:BQ54) -> 3 | BS54: 6 | BT54: 5 | BU54: 5 | BV54: =AVERAGE(BS54:BU54) -> 5.3333333 | BX54: =ROUND(BO54+BR54+BV54+BW54,0) -> 8
A55: 51 | B55: =OVERALL!B54 -> 2339508 | C55: =OVERALL!C54 -> TANISHA | BD55: 33 | BF55: =BD55+BE55 -> 33 | BG55: 48 | BH55: =BF55/BG55 -> 0.6875 | BI55: =OVERALL!A50 -> 47 | BJ55: =OVERALL!B50 -> 2301284 | BK55: =OVERALL!C50 -> Vansh Kumar | BL55: =BG51 -> 48 | BM55: =BF51 -> 0 | BN55: =BM55/BL55% -> 0 | BO55: =IF(BN55>=95.5,"6",IF(BN55>=90.5,"5", IF(BN55>=85.5,"4",IF(BN55>=80.5,"3",IF(BN55>=75.5,"2","0"))))) -> 0 | BP55: 0 | BQ55: 0 | BR55: =AVERAGE(BP55:BQ55) -> 0 | BS55: 0 | BT55: 0 | BU55: 0 | BV55: =AVERAGE(BS55:BU55) -> 0 | BX55: =ROUND(BO55+BR55+BV55+BW55,0) -> 0
A56: 52 | B56: =OVERALL!B55 -> 2339509 | C56: =OVERALL!C55 -> TOHIED AHMED | BD56: 0 | BF56: =BD56+BE56 -> 0 | BG56: 48 | BH56: =BF56/BG56 -> 0 | BI56: =OVERALL!A51 -> 48 | BJ56: =OVERALL!B51 -> 2301285 | BK56: =OVERALL!C51 -> Vansh Sharma | BL56: =BG52 -> 48 | BM56: =BF52 -> 25 | BN56: =BM56/BL56% -> 52.083333 | BO56: =IF(BN56>=95.5,"6",IF(BN56>=90.5,"5", IF(BN56>=85.5,"4",IF(BN56>=80.5,"3",IF(BN56>=75.5,"2","0"))))) -> 0 | BP56: 0 | BQ56: 10 | BR56: =AVERAGE(BP56:BQ56) -> 5 | BS56: 4 | BT56: 7 | BU56: 0 | BV56: =AVERAGE(BS56:BU56) -> 3.6666667 | BX56: =ROUND(BO56+BR56+BV56+BW56,0) -> 9
A57: 53 | B57: =OVERALL!B56 -> 2301207 | C57: =OVERALL!C56 -> Harsh thakur | BD57: 0 | BF57: =BD57+BE57 -> 0 | BG57: 48 | BH57: =BF57/BG57 -> 0 | BI57: =OVERALL!A52 -> 49 | BJ57: =OVERALL!B52 -> 2301286 | BK57: =OVERALL!C52 -> Vikramjit Singh | BL57: =BG53 -> 48 | BM57: =BF53 -> 2 | BN57: =BM57/BL57% -> 4.1666667 | BO57: =IF(BN57>=95.5,"6",IF(BN57>=90.5,"5", IF(BN57>=85.5,"4",IF(BN57>=80.5,"3",IF(BN57>=75.5,"2","0"))))) -> 0 | BP57: 0 | BQ57: 0 | BR57: =AVERAGE(BP57:BQ57) -> 0 | BS57: 0 | BT57: 0 | BU57: 0 | BV57: =AVERAGE(BS57:BU57) -> 0 | BX57: =ROUND(BO57+BR57+BV57+BW57,0) -> 0
A58: 54 | B58: =OVERALL!B57 -> Leet | C58: =OVERALL!C57 -> Gagan | BD58: 33 | BF58: =BD58+BE58 -> 33 | BG58: 48 | BH58: =BF58/BG58 -> 0.6875 | BI58: =OVERALL!A53 -> 50 | BJ58: =OVERALL!B53 -> 2301287 | BK58: =OVERALL!C53 -> Vishavjit Singh | BL58: =BG54 -> 48 | BM58: =BF54 -> 1 | BN58: =BM58/BL58% -> 2.0833333 | BO58: =IF(BN58>=95.5,"6",IF(BN58>=90.5,"5", IF(BN58>=85.5,"4",IF(BN58>=80.5,"3",IF(BN58>=75.5,"2","0"))))) -> 0 | BP58: 0 | BQ58: 0 | BR58: =AVERAGE(BP58:BQ58) -> 0 | BS58: 0 | BT58: 0 | BU58: 0 | BV58: =AVERAGE(BS58:BU58) -> 0 | BX58: =ROUND(BO58+BR58+BV58+BW58,0) -> 0
A59: 55 | B59: =OVERALL!B58 -> Leet | C59: =OVERALL!C58 -> Manisha | BD59: 35 | BF59: =BD59+BE59 -> 35 | BG59: 48 | BH59: =BF59/BG59 -> 0.72916667 | BI59: =OVERALL!A54 -> 51 | BJ59: =OVERALL!B54 -> 2339508 | BK59: =OVERALL!C54 -> TANISHA | BL59: =BG55 -> 48 | BM59: =BF55 -> 33 | BN59: =BM59/BL59% -> 68.75 | BO59: =IF(BN59>=95.5,"6",IF(BN59>=90.5,"5", IF(BN59>=85.5,"4",IF(BN59>=80.5,"3",IF(BN59>=75.5,"2","0"))))) -> 0 | BP59: 0 | BQ59: 14 | BR59: =AVERAGE(BP59:BQ59) -> 7 | BS59: 6 | BT59: 8 | BU59: 6 | BV59: =AVERAGE(BS59:BU59) -> 6.6666667 | BX59: =ROUND(BO59+BR59+BV59+BW59,0) -> 14
A60: 56 | B60: =OVERALL!B59 -> Leet | C60: =OVERALL!C59 -> Richa | BD60: 36 | BF60: =BD60+BE60 -> 36 | BG60: 48 | BH60: =BF60/BG60 -> 0.75 | BI60: =OVERALL!A55 -> 52 | BJ60: =OVERALL!B55 -> 2339509 | BK60: =OVERALL!C55 -> TOHIED AHMED | BL60: =BG56 -> 48 | BM60: =BF56 -> 0 | BN60: =BM60/BL60% -> 0 | BO60: =IF(BN60>=95.5,"6",IF(BN60>=90.5,"5", IF(BN60>=85.5,"4",IF(BN60>=80.5,"3",IF(BN60>=75.5,"2","0"))))) -> 0 | BP60: 0 | BQ60: 0 | BR60: =AVERAGE(BP60:BQ60) -> 0 | BS60: 0 | BT60: 0 | BU60: 0 | BV60: =AVERAGE(BS60:BU60) -> 0 | BX60: =ROUND(BO60+BR60+BV60+BW60,0) -> 0
A61: 57 | B61: =OVERALL!B60 -> Leet | C61: =OVERALL!C60 -> Prakriti | BD61: 30 | BF61: 30 | BG61: 32 | BH61: =BF61/BG61 -> 0.9375 | BI61: =OVERALL!A56 -> 53 | BJ61: =OVERALL!B56 -> 2301207 | BK61: =OVERALL!C56 -> Harsh thakur | BL61: =BG57 -> 48 | BM61: =BF57 -> 0 | BN61: =BM61/BL61% -> 0 | BO61: =IF(BN61>=95.5,"6",IF(BN61>=90.5,"5", IF(BN61>=85.5,"4",IF(BN61>=80.5,"3",IF(BN61>=75.5,"2","0"))))) -> 0 | BP61: 0 | BQ61: 0 | BR61: =AVERAGE(BP61:BQ61) -> 0 | BS61: 0 | BT61: 0 | BU61: 0 | BV61: =AVERAGE(BS61:BU61) -> 0 | BX61: =ROUND(BO61+BR61+BV61+BW61,0) -> 0
A62: 58 | B62: =OVERALL!B61 -> leet | C62: =OVERALL!C61 -> Shubham | BD62: 17 | BF62: 17 | BG62: 23 | BH62: =BF62/BG62 -> 0.73913043 | BI62: =OVERALL!A57 -> 54 | BJ62: =OVERALL!B57 -> Leet | BK62: =OVERALL!C57 -> Gagan | BL62: =BG58 -> 48 | BM62: =BF58 -> 33 | BN62: =BM62/BL62% -> 68.75 | BO62: =IF(BN62>=95.5,"6",IF(BN62>=90.5,"5", IF(BN62>=85.5,"4",IF(BN62>=80.5,"3",IF(BN62>=75.5,"2","0"))))) -> 0 | BP62: 9 | BQ62: 6 | BR62: =AVERAGE(BP62:BQ62) -> 7.5 | BS62: 7 | BT62: 7 | BU62: 8 | BV62: =AVERAGE(BS62:BU62) -> 7.3333333 | BX62: =ROUND(BO62+BR62+BV62+BW62,0) -> 15
BI63: =OVERALL!A58 -> 55 | BJ63: =OVERALL!B58 -> Leet | BK63: =OVERALL!C58 -> Manisha | BL63: =BG59 -> 48 | BM63: =BF59 -> 35 | BN63: =BM63/BL63% -> 72.916667 | BO63: =IF(BN63>=95.5,"6",IF(BN63>=90.5,"5", IF(BN63>=85.5,"4",IF(BN63>=80.5,"3",IF(BN63>=75.5,"2","0"))))) -> 0 | BP63: 21 | BQ63: 19 | BR63: =AVERAGE(BP63:BQ63) -> 20 | BS63: 8 | BT63: 9 | BU63: 8 | BV63: =AVERAGE(BS63:BU63) -> 8.3333333 | BX63: =ROUND(BO63+BR63+BV63+BW63,0) -> 28
BI64: =OVERALL!A59 -> 56 | BJ64: =OVERALL!B59 -> Leet | BK64: =OVERALL!C59 -> Richa | BL64: =BG60 -> 48 | BM64: =BF60 -> 36 | BN64: =BM64/BL64% -> 75 | BO64: =IF(BN64>=95.5,"6",IF(BN64>=90.5,"5", IF(BN64>=85.5,"4",IF(BN64>=80.5,"3",IF(BN64>=75.5,"2","0"))))) -> 0 | BP64: 22 | BQ64: 19 | BR64: =AVERAGE(BP64:BQ64) -> 20.5 | BS64: 8 | BT64: 9 | BU64: 9 | BV64: =AVERAGE(BS64:BU64) -> 8.6666667 | BX64: =ROUND(BO64+BR64+BV64+BW64,0) -> 29
BI65: =OVERALL!A60 -> 57 | BJ65: =OVERALL!B60 -> Leet | BK65: =OVERALL!C60 -> Prakriti | BL65: =BG61 -> 32 | BM65: =BF61 -> 30 | BN65: =BM65/BL65% -> 93.75 | BO65: =IF(BN65>=95.5,"6",IF(BN65>=90.5,"5", IF(BN65>=85.5,"4",IF(BN65>=80.5,"3",IF(BN65>=75.5,"2","0"))))) -> 5 | BP65: 16 | BQ65: 18 | BR65: =AVERAGE(BP65:BQ65) -> 17 | BS65: 7 | BT65: 9 | BU65: 9 | BV65: =AVERAGE(BS65:BU65) -> 8.3333333 | BX65: =ROUND(BO65+BR65+BV65+BW65,0) -> 30
BI66: =OVERALL!A61 -> 58 | BJ66: =OVERALL!B61 -> leet | BK66: =OVERALL!C61 -> Shubham | BL66: 23 | BM66: =BF62 -> 17 | BN66: =BM66/BL66% -> 73.913043 | BO66: =IF(BN66>=95.5,"6",IF(BN66>=90.5,"5", IF(BN66>=85.5,"4",IF(BN66>=80.5,"3",IF(BN66>=75.5,"2","0"))))) -> 0 | BP66: 0 | BQ66: 13 | BR66: =AVERAGE(BP66:BQ66) -> 6.5 | BS66: 6 | BT66: 8 | BU66: 6 | BV66: =AVERAGE(BS66:BU66) -> 6.6666667 | BX66: =ROUND(BO66+BR66+BV66+BW66,0) -> 13

Sheet M-III
A1: =OVERALL!A1 -> ATTENDANCE RECORD JULY-NOVEMEBER 2024 (B.Tech CSE 3B)
A2: Ms. Simranjit Kaur | BJ2: CTIEMT
A3: Date | D3: 30/07/2024 | E3: 31/07/2024 | F3: 45299 | G3: 45330 | H3: 45420 | I3: 45451 | J3: 45481 | K3: 45512 | L3: 45543 | M3: 45634 | N3: 13/8/2024 | O3: 14/8/2024 | P3: 16/8/2024 | Q3: 20/8/2024 | R3: 21/8/2024 | S3: 22/8/2024 | T3: 23/8/2024 | U3: 27/8/2024 | V3: 28/8/2024 | W3: 29/8/2024 | X3: 30/8/2024 | Y3: 45421 | Z3: 45452 | AA3: 45544 | AB3: 45574 | AC3: 45605 | AD3: 45635 | AE3: 13/9/2024 | AF3: 16/9/2024 | AG3: 18/9/2024 | AH3: 19/9/2024 | AI3: 20/9/2024 | AJ3: 20/9/2024 | AK3: 23/9/2024 | AL3: 25/9/2024 | AM3: 26/9/2024 | AN3: 27/9/2024 | AO3: 27/9/2024 | AP3: 30/9/2024 | AQ3: 45361 | AR3: 45392 | AS3: 45392 | AT3: 45483 | AU3: 45545 | AV3: 45575 | AW3: 45606 | AX3: 45606 | AY3: 14/10/2024 | AZ3: 18/10/2024 | BA3: 18/10/2024 | BB3: 24/10/2024 | BD3: PRESENT | BE3: DL (IF ANY) | BF3: Total Attended | BG3: Total Delievered | BH3: PERCENTAGE | BJ3: Evaluation Sheet for Internal Awards (Theory)
A4: S.No. | B4: Reg No. | C4: Name of Student | D4: 1 | E4: 2 | F4: 3 | G4: 4 | H4: 5 | I4: 6 | J4: 7 | K4: 8 | L4: 9 | M4: 10 | N4: 11 | O4: 12 | P4: 13 | Q4: 14 | R4: 15 | S4: 16 | T4: 17 | U4: 18 | V4: 19 | W4: 20 | X4: 21 | Y4: 22 | Z4: 23 | AA4: 24 | AB4: 25 | AC4: 26 | AD4: 27 | AE4: 28 | AF4: 29 | AG4: 30 | AH4: 31 | AI4: 32 | AJ4: 33 | AK4: 34 | AL4: 35 | AM4: 36 | AN4: 37 | AO4: 38 | AP4: 39 | AQ4: 40 | AR4: 41 | AS4: 42 | AT4: 43 | AU4: 44 | AV4: 45 | AW4: 46 | AX4: 47 | AY4: 48 | AZ4: 49 | BA4: 50 | BB4: 51 | BC4: 52 | BJ4: Session: July-November2024
A5: =OVERALL!A4 -> 1 | B5: =OVERALL!B4 -> 2301236 | C5: =OVERALL!C4 -> Manmohan Singh | D5: A | E5: A | F5: P | G5: A | H5: P | I5: A | J5: A | K5: A | L5: A | M5: A | N5: P | O5: A | P5: A | Q5: A | R5: A | S5: P | T5: A | U5: A | V5: A | W5: A | X5: P | Y5: A | Z5: P | AA5: P | AB5: P | AC5: P | AD5: A | AE5: P | AF5: P | AG5: A | AH5: A | AI5: A | AJ5: A | AK5: A | AL5: P | AM5: A | AN5: A | AO5: A | AP5: A | AQ5: A | AR5: A | AS5: A | AT5: P | AU5: A | AV5: A | AW5: A | AX5: A | AY5: A | AZ5: A | BA5: A | BB5: A | BD5: 17 | BE5: 2 | BF5: =BD5+BE5 -> 19 | BG5: 65 | BH5: =BF5/BG5 -> 0.29230769 | BJ5: Department: CSE | BT5: Semester: 3rd A
A6: =OVERALL!A5 -> 2 | B6: =OVERALL!B5 -> 2301237 | C6: =OVERALL!C5 -> Manpreet Kaur | D6: P | E6: P | F6: P | G6: A | H6: P | I6: P | J6: P | K6: A | L6: P | M6: P | N6: P | O6: P | P6: P | Q6: P | R6: P | S6: P | T6: P | U6: P | V6: P | W6: P | X6: A | Y6: A | Z6: A | AA6: P | AB6: P | AC6: P | AD6: P | AE6: A | AF6: P | AG6: P | AH6: P | AI6: A | AJ6: A | AK6: P | AL6: A | AM6: P | AN6: P | AO6: P | AP6: P | AQ6: P | AR6: P | AS6: P | AT6: P | AU6: P | AV6: P | AW6: A | AX6: A | AY6: P | AZ6: P | BA6: A | BB6: A | BD6: 45 | BF6: =BD6+BE6 -> 45 | BG6: 65 | BH6: =BF6/BG6 -> 0.69230769 | BJ6: Subject Name:M-III | BT6: Subject Code: BTAM 304-18
A7: =OVERALL!A6 -> 3 | B7: =OVERALL!B6 -> 2301238 | C7: =OVERALL!C6 -> Md Warish Chesam | D7: A | E7: P | F7: P | G7: P | H7: P | I7: P | J7: P | K7: P | L7: P | M7: P | N7: P | O7: P | P7: P | Q7: A | R7: P | S7: P | T7: P | U7: P | V7: P | W7: P | X7: P | Y7: P | Z7: P | AA7: P | AB7: A | AC7: A | AD7: P | AE7: A | AF7: P | AG7: P | AH7: P | AI7: P | AJ7: P | AK7: P | AL7: P | AM7: P | AN7: P | AO7: P | AP7: P | AQ7: P | AR7: P | AS7: P | AT7: P | AU7: P | AV7: P | AW7: P | AX7: P | AY7: P | AZ7: P | BA7: P | BB7: P | BD7: 56 | BF7: =BD7+BE7 -> 56 | BG7: 65 | BH7: =BF7/BG7 -> 0.86153846 | BJ7: S.No. | BK7: Reg No. | BL7: Name of Student | BM7: Total Lec Del | BN7: Total Lec Att | BO7: Att %age | BP7: Att Marks (6) | BQ7: MST I | BR7: MST II(Converted) | BS7: MST II(Original) | BT7: MST marks | BU7: Assignment | BX7: Weighted marks in Assignments (10) | BY7: GRACE | BZ7: Grand Total (40)
A8: =OVERALL!A7 -> 4 | B8: =OVERALL!B7 -> 2301239 | C8: =OVERALL!C7 -> Mohd Shahid Afridi | D8: A | E8: A | F8: A | G8: A | H8: A | I8: A | J8: A | K8: A | L8: A | M8: A | N8: A | O8: A | P8: A | Q8: A | R8: A | S8: A | T8: A | U8: A | V8: A | W8: A | X8: A | Y8: A | Z8: A | AA8: A | AB8: A | AC8: A | AD8: A | AE8: A | AF8: A | AG8: A | AH8: A | AI8: A | AJ8: A | AK8: A | AL8: A | AM8: A | AN8: A | AO8: A | AP8: A | AQ8: A | AR8: A | AS8: A | AT8: A | AU8: A | AV8: A | AW8: A | AX8: A | AY8: A | AZ8: A | BA8: A | BB8: A | BD8: =COUNTIF(D8:BC8,"P") -> 0 | BF8: =BD8+BE8 -> 0 | BG8: 65 | BH8: =BF8/BG8 -> 0 | BT8: Average MST I & II (24) | BU8: 1 | BV8: 2 | BW8: 3
A9: =OVERALL!A8 -> 5 | B9: =OVERALL!B8 -> 2301240 | C9: =OVERALL!C8 -> Munisha | D9: A | E9: P | F9: P | G9: P | H9: P | I9: P | J9: P | K9: P | L9: P | M9: P | N9: P | O9: P | P9: P | Q9: A | R9: P | S9: P | T9: A | U9: A | V9: P | W9: P | X9: P | Y9: A | Z9: P | AA9: P | AB9: P | AC9: P | AD9: A | AE9: P | AF9: P | AG9: P | AH9: P | AI9: P | AJ9: P | AK9: A | AL9: A | AM9: P | AN9: P | AO9: A | AP9: P | AQ9: P | AR9: P | AS9: P | AT9: P | AU9: P | AV9: P | AW9: P | AX9: A | AY9: P | AZ9: A | BA9: A | BB9: P | BD9: 50 | BE9: 3 | BF9: =BD9+BE9 -> 53 | BG9: 65 | BH9: =BF9/BG9 -> 0.81538462 | BJ9: =OVERALL!A4 -> 1 | BK9: =OVERALL!B4 -> 2301236 | BL9: =OVERALL!C4 -> Manmohan Singh | BM9: =BG5 -> 65 | BN9: =BF5 -> 19 | BO9: =BN9/BM9% -> 29.230769 | BP9: =IF(BO9>=95.5,"6",IF(BO9>=90.5,"5", IF(BO9>=85.5,"4",IF(BO9>=80.5,"3",IF(BO9>=75.5,"2","0"))))) -> 0 | BQ9: 2 | BS9: 6 | BT9: =(BQ9 +BS9)/2 -> 4 | BU9: 9 | BV9: 8 | BW9: 9 | BX9: =AVERAGE(BU9:BW9) -> 8.6666667 | BZ9: =ROUND(BP9+BT9+BX9+BY9,0) -> 13
A10: =OVERALL!A9 -> 6 | B10: =OVERALL!B9 -> 2301241 | C10: =OVERALL!C9 -> Nikhil Kumar Thakur | D10: P | E10: P | F10: P | G10: P | H10: P | I10: P | J10: P | K10: P | L10: P | M10: P | N10: P | O10: P | P10: P | Q10: P | R10: A | S10: P | T10: P | U10: P | V10: P | W10: P | X10: P | Y10: P | Z10: P | AA10: P | AB10: P | AC10: P | AD10: P | AE10: P | AF10: P | AG10: P | AH10: P | AI10: P | AJ10: P | AK10: P | AL10: A | AM10: P | AN10: P | AO10: P | AP10: P | AQ10: A | AR10: P | AS10: P | AT10: P | AU10: P | AV10: P | AW10: P | AX10: P | AY10: P | AZ10: P | BA10: P | BB10: P | BD10: 59 | BF10: =BD10+BE10 -> 59 | BG10: 65 | BH10: =BF10/BG10 -> 0.90769231 | BJ10: =OVERALL!A5 -> 2 | BK10: =OVERALL!B5 -> 2301237 | BL10: =OVERALL!C5 -> Manpreet Kaur | BM10: =BG6 -> 65 | BN10: =BF6 -> 45 | BO10: =BN10/BM10% -> 69.230769 | BP10: =IF(BO10>=95.5,"6",IF(BO10>=90.5,"5", IF(BO10>=85.5,"4",IF(BO10>=80.5,"3",IF(BO10>=75.5,"2","0"))))) -> 0 | BQ10: 20 | BS10: 20 | BT10: =(BQ10 +BS10)/2 -> 20 | BU10: 8 | BV10: 9 | BW10: 9 | BX10: =AVERAGE(BU10:BW10) -> 8.6666667 | BZ10: =ROUND(BP10+BT10+BX10+BY10,0) -> 29
A11: =OVERALL!A10 -> 7 | B11: =OVERALL!B10 -> 2301242 | C11: =OVERALL!C10 -> Palak Pathania | D11: A | E11: P | F11: P | G11: P | H11: P | I11: P | J11: P | K11: P | L11: A | M11: P | N11: A | O11: P | P11: P | Q11: A | R11: P | S11: P | T11: P | U11: A | V11: P | W11: A | X11: P | Y11: A | Z11: P | AA11: P | AB11: A | AC11: P | AD11: A | AE11: P | AF11: A | AG11: A | AH11: A | AI11: A | AJ11: A | AK11: P | AL11: P | AM11: P | AN11: P | AO11: P | AP11: P | AQ11: P | AR11: P | AS11: P | AT11: P | AU11: P | AV11: P | AW11: P | AX11: P | AY11: P | AZ11: A | BA11: A | BB11: A | BD11: 45 | BF11: =BD11+BE11 -> 45 | BG11: 65 | BH11: =BF11/BG11 -> 0.69230769 | BJ11: =OVERALL!A6 -> 3 | BK11: =OVERALL!B6 -> 2301238 | BL11: =OVERALL!C6 -> Md Warish Chesam | BM11: =BG7 -> 65 | BN11: =BF7 -> 56 | BO11: =BN11/BM11% -> 86.153846 | BP11: =IF(BO11>=95.5,"6",IF(BO11>=90.5,"5", IF(BO11>=85.5,"4",IF(BO11>=80.5,"3",IF(BO11>=75.5,"2","0"))))) -> 4 | BQ11: 10 | BS11: 12 | BT11: =(BQ11 +BS11)/2 -> 11 | BU11: 9 | BV11: 8 | BW11: 9 | BX11: =AVERAGE(BU11:BW11) -> 8.6666667 | BZ11: =ROUND(BP11+BT11+BX11+BY11,0) -> 24
A12: =OVERALL!A11 -> 8 | B12: =OVERALL!B11 -> 2301243 | C12: =OVERALL!C11 -> Pardeep Singh | D12: P | E12: P | F12: P | G12: P | H12: P | I12: A | J12: A | K12: P | L12: P | M12: P | N12: P | O12: P | P12: P | Q12: P | R12: P | S12: P | T12: A | U12: A | V12: P | W12: A | X12: P | Y12: P | Z12: A | AA12: P | AB12: P | AC12: P | AD12: P | AE12: A | AF12: P | AG12: P | AH12: A | AI12: P | AJ12: P | AK12: P | AL12: P | AM12: A | AN12: P | AO12: P | AP12: P | AQ12: A | AR12: P | AS12: P | AT12: P | AU12: P | AV12: P | AW12: P | AX12: P | AY12: P | AZ12: P | BA12: P | BB12: A | BD12: 46 | BF12: =BD12+BE12 -> 46 | BG12: 65 | BH12: =BF12/BG12 -> 0.70769231 | BJ12: =OVERALL!A7 -> 4 | BK12: =OVERALL!B7 -> 2301239 | BL12: =OVERALL!C7 -> Mohd Shahid Afridi | BM12: =BG8 -> 65 | BN12: =BF8 -> 0 | BO12: =BN12/BM12% -> 0 | BP12: =IF(BO12>=95.5,"6",IF(BO12>=90.5,"5", IF(BO12>=85.5,"4",IF(BO12>=80.5,"3",IF(BO12>=75.5,"2","0"))))) -> 0 | BQ12: 0 | BS12: 0 | BT12: =(BQ12 +BS12)/2 -> 0 | BU12: 0 | BV12: 0 | BW12: 0 | BX12: =AVERAGE(BU12:BW12) -> 0 | BZ12: =ROUND(BP12+BT12+BX12+BY12,0) -> 0
A13: =OVERALL!A12 -> 9 | B13: =OVERALL!B12 -> 2301244 | C13: =OVERALL!C12 -> Parveen Mandal | D13: A | E13: A | F13: A | G13: A | H13: A | I13: A | J13: A | K13: A | L13: A | M13: A | N13: A | O13: A | P13: A | Q13: A | R13: A | S13: A | T13: A | U13: A | V13: A | W13: A | X13: A | Y13: A | Z13: A | AA13: A | AB13: A | AC13: A | AD13: A | AE13: A | AF13: A | AG13: A | AH13: A | AI13: A | AJ13: A | AK13: A | AL13: A | AM13: A | AN13: A | AO13: A | AP13: A | AQ13: A | AR13: A | AS13: A | AT13: A | AU13: A | AV13: A | AW13: A | AX13: A | AY13: A | AZ13: A | BA13: A | BB13: A | BD13: =COUNTIF(D13:BC13,"P") -> 0 | BF13: =BD13+BE13 -> 0 | BG13: 65 | BH13: =BF13/BG13 -> 0 | BJ13: =OVERALL!A8 -> 5 | BK13: =OVERALL!B8 -> 2301240 | BL13: =OVERALL!C8 -> Munisha | BM13: =BG9 -> 65 | BN13: =BF9 -> 53 | BO13: =BN13/BM13% -> 81.538462 | BP13: =IF(BO13>=95.5,"6",IF(BO13>=90.5,"5", IF(BO13>=85.5,"4",IF(BO13>=80.5,"3",IF(BO13>=75.5,"2","0"))))) -> 3 | BQ13: 12 | BS13: 8 | BT13: =(BQ13 +BS13)/2 -> 10 | BU13: 8 | BV13: 9 | BW13: 9 | BX13: =AVERAGE(BU13:BW13) -> 8.6666667 | BZ13: =ROUND(BP13+BT13+BX13+BY13,0) -> 22
A14: =OVERALL!A13 -> 10 | B14: =OVERALL!B13 -> 2301245 | C14: =OVERALL!C13 -> Payal | D14: P | E14: P | F14: P | G14: P | H14: P | I14: P | J14: P | K14: P | L14: P | M14: P | N14: P | O14: P | P14: P | Q14: P | R14: P | S14: P | T14: P | U14: P | V14: P | W14: P | X14: P | Y14: P | Z14: P | AA14: P | AB14: P | AC14: P | AD14: P | AE14: P | AF14: P | AG14: P | AH14: A | AI14: P | AJ14: P | AK14: P | AL14: P | AM14: A | AN14: P | AO14: P | AP14: P | AQ14: P | AR14: P | AS14: P | AT14: P | AU14: P | AV14: P | AW14: P | AX14: P | AY14: P | AZ14: P | BA14: A | BB14: A | BD14: 58 | BE14: 4 | BF14: =BD14+BE14 -> 62 | BG14: 65 | BH14: =BF14/BG14 -> 0.95384615 | BJ14: =OVERALL!A9 -> 6 | BK14: =OVERALL!B9 -> 2301241 | BL14: =OVERALL!C9 -> Nikhil Kumar Thakur | BM14: =BG10 -> 65 | BN14: =BF10 -> 59 | BO14: =BN14/BM14% -> 90.769231 | BP14: =IF(BO14>=95.5,"6",IF(BO14>=90.5,"5", IF(BO14>=85.5,"4",IF(BO14>=80.5,"3",IF(BO14>=75.5,"2","0"))))) -> 5 | BQ14: 14 | BS14: 14 | BT14: =(BQ14 +BS14)/2 -> 14 | BU14: 9 | BV14: 8 | BW14: 9 | BX14: =AVERAGE(BU14:BW14) -> 8.6666667 | BZ14: =ROUND(BP14+BT14+BX14+BY14,0) -> 28
A15: =OVERALL!A14 -> 11 | B15: =OVERALL!B14 -> 2301247 | C15: =OVERALL!C14 -> Priya | D15: P | E15: P | F15: A | G15: P | H15: A | I15: P | J15: P | K15: P | L15: P | M15: A | N15: P | O15: P | P15: P | Q15: P | R15: P | S15: P | T15: P | U15: P | V15: P | W15: A | X15: P | Y15: A | Z15: A | AA15: P | AB15: P | AC15: P | AD15: A | AE15: A | AF15: A | AG15: P | AH15: A | AI15: P | AJ15: P | AK15: P | AL15: A | AM15: P | AN15: A | AO15: A | AP15: P | AQ15: A | AR15: A | AS15: A | AT15: P | AU15: A | AV15: A | AW15: A | AX15: A | AY15: A | AZ15: A | BA15: A | BB15: A | BD15: 30 | BE15: 6 | BF15: =BD15+BE15 -> 36 | BG15: 65 | BH15: =BF15/BG15 -> 0.55384615 | BJ15: =OVERALL!A10 -> 7 | BK15: =OVERALL!B10 -> 2301242 | BL15: =OVERALL!C10 -> Palak Pathania | BM15: =BG11 -> 65 | BN15: =BF11 -> 45 | BO15: =BN15/BM15% -> 69.230769 | BP15: =IF(BO15>=95.5,"6",IF(BO15>=90.5,"5", IF(BO15>=85.5,"4",IF(BO15>=80.5,"3",IF(BO15>=75.5,"2","0"))))) -> 0 | BQ15: 23 | BS15: 13 | BT15: =(BQ15 +BS15)/2 -> 18 | BU15: 9 | BV15: 8 | BW15: 10 | BX15: =AVERAGE(BU15:BW15) -> 9 | BZ15: =ROUND(BP15+BT15+BX15+BY15,0) -> 27
A16: =OVERALL!A15 -> 12 | B16: =OVERALL!B15 -> 2301248 | C16: =OVERALL!C15 -> Priyam Puri | D16: A | E16: A | F16: A | G16: A | H16: A | I16: A | J16: A | K16: A | L16: A | M16: A | N16: A | O16: A | P16: A | Q16: A | R16: A | S16: A | T16: A | U16: A | V16: A | W16: A | X16: A | Y16: A | Z16: A | AA16: A | AB16: A | AC16: A | AD16: A | AE16: A | AF16: A | AG16: A | AH16: A | AI16: A | AJ16: A | AK16: A | AL16: A | AM16: A | AN16: A | AO16: A | AP16: A | AQ16: A | AR16: A | AS16: A | AT16: A | AU16: A | AV16: A | AW16: A | AX16: A | AY16: A | AZ16: A | BA16: A | BB16: A | BD16: =COUNTIF(D16:BC16,"P") -> 0 | BF16: =BD16+BE16 -> 0 | BG16: 65 | BH16: =BF16/BG16 -> 0 | BJ16: =OVERALL!A11 -> 8 | BK16: =OVERALL!B11 -> 2301243 | BL16: =OVERALL!C11 -> Pardeep Singh | BM16: =BG12 -> 65 | BN16: =BF12 -> 46 | BO16: =BN16/BM16% -> 70.769231 | BP16: =IF(BO16>=95.5,"6",IF(BO16>=90.5,"5", IF(BO16>=85.5,"4",IF(BO16>=80.5,"3",IF(BO16>=75.5,"2","0"))))) -> 0 | BQ16: 10 | BS16: 10 | BT16: =(BQ16 +BS16)/2 -> 10 | BU16: 8 | BV16: 8 | BW16: 10 | BX16: =AVERAGE(BU16:BW16) -> 8.6666667 | BZ16: =ROUND(BP16+BT16+BX16+BY16,0) -> 19
A17: =OVERALL!A16 -> 13 | B17: =OVERALL!B16 -> 2301249 | C17: =OVERALL!C16 -> Rahul Sharma | D17: A | E17: A | F17: P | G17: A | H17: P | I17: A | J17: A | K17: P | L17: P | M17: A | N17: P | O17: P | P17: P | Q17: A | R17: A | S17: P | T17: A | U17: A | V17: P | W17: A | X17: P | Y17: P | Z17: P | AA17: P | AB17: P | AC17: P | AD17: P | AE17: A | AF17: P | AG17: P | AH17: P | AI17: P | AJ17: P | AK17: P | AL17: P | AM17: P | AN17: A | AO17: A | AP17: A | AQ17: P | AR17: A | AS17: A | AT17: P | AU17: A | AV17: A | AW17: A | AX17: A | AY17: A | AZ17: A | BA17: A | BB17: A | BD17: 28 | BE17: 6 | BF17: =BD17+BE17 -> 34 | BG17: 65 | BH17: =BF17/BG17 -> 0.52307692 | BJ17: =OVERALL!A12 -> 9 | BK17: =OVERALL!B12 -> 2301244 | BL17: =OVERALL!C12 -> Parveen Mandal | BM17: =BG13 -> 65 | BN17: =BF13 -> 0 | BO17: =BN17/BM17% -> 0 | BP17: =IF(BO17>=95.5,"6",IF(BO17>=90.5,"5", IF(BO17>=85.5,"4",IF(BO17>=80.5,"3",IF(BO17>=75.5,"2","0"))))) -> 0 | BQ17: 0 | BS17: 0 | BT17: =(BQ17 +BS17)/2 -> 0 | BU17: 0 | BV17: 0 | BW17: 0 | BX17: =AVERAGE(BU17:BW17) -> 0 | BZ17: =ROUND(BP17+BT17+BX17+BY17,0) -> 0
A18: =OVERALL!A17 -> 14 | B18: =OVERALL!B17 -> 2301250 | C18: =OVERALL!C17 -> Rahulpreet Singh Khinda | D18: A | E18: A | F18: A | G18: A | H18: A | I18: P | J18: A | K18: P | L18: P | M18: P | N18: P | O18: P | P18: P | Q18: A | R18: P | S18: P | T18: P | U18: A | V18: P | W18: A | X18: P | Y18: A | Z18: P | AA18: A | AB18: P | AC18: P | AD18: P | AE18: P | AF18: P | AG18: P | AH18: A | AI18: P | AJ18: P | AK18: P | AL18: A | AM18: A | AN18: P | AO18: P | AP18: P | AQ18: P | AR18: P | AS18: P | AT18: P | AU18: P | AV18: P | AW18: P | AX18: P | AY18: P | AZ18: P | BA18: A | BB18: A | BD18: 42 | BF18: =BD18+BE18 -> 42 | BG18: 65 | BH18: =BF18/BG18 -> 0.64615385 | BJ18: =OVERALL!A13 -> 10 | BK18: =OVERALL!B13 -> 2301245 | BL18: =OVERALL!C13 -> Payal | BM18: =BG14 -> 65 | BN18: =BF14 -> 62 | BO18: =BN18/BM18% -> 95.384615 | BP18: =IF(BO18>=95.5,"6",IF(BO18>=90.5,"5", IF(BO18>=85.5,"4",IF(BO18>=80.5,"3",IF(BO18>=75.5,"2","0"))))) -> 5 | BQ18: 16 | BS18: 23 | BT18: =(BQ18 +BS18)/2 -> 19.5 | BU18: 10 | BV18: 10 | BW18: 8 | BX18: =AVERAGE(BU18:BW18) -> 9.3333333 | BZ18: =ROUND(BP18+BT18+BX18+BY18,0) -> 34
A19: =OVERALL!A18 -> 15 | B19: =OVERALL!B18 -> 2301251 | C19: =OVERALL!C18 -> Raj Kumar | D19: A | E19: A | F19: A | G19: A | H19: A | I19: P | J19: P | K19: P | L19: P | M19: P | N19: P | O19: P | P19: P | Q19: A | R19: A | S19: P | T19: A | U19: P | V19: P | W19: A | X19: P | Y19: A | Z19: A | AA19: P | AB19: A | AC19: P | AD19: A | AE19: P | AF19: A | AG19: A | AH19: A | AI19: P | AJ19: P | AK19: P | AL19: P | AM19: P | AN19: P | AO19: P | AP19: P | AQ19: P | AR19: A | AS19: A | AT19: P | AU19: P | AV19: P | AW19: P | AX19: P | AY19: P | AZ19: P | BA19: P | BB19: P | BD19: 43 | BF19: 46 | BG19: 65 | BH19: =BF19/BG19 -> 0.70769231 | BJ19: =OVERALL!A14 -> 11 | BK19: =OVERALL!B14 -> 2301247 | BL19: =OVERALL!C14 -> Priya | BM19: =BG15 -> 65 | BN19: =BF15 -> 36 | BO19: =BN19/BM19% -> 55.384615 | BP19: =IF(BO19>=95.5,"6",IF(BO19>=90.5,"5", IF(BO19>=85.5,"4",IF(BO19>=80.5,"3",IF(BO19>=75.5,"2","0"))))) -> 0 | BQ19: 15 | BS19: 10 | BT19: =(BQ19 +BS19)/2 -> 12.5 | BU19: 9 | BV19: 10 | BW19: 9 | BX19: =AVERAGE(BU19:BW19) -> 9.3333333 | BZ19: =ROUND(BP19+BT19+BX19+BY19,0) -> 22
A20: =OVERALL!A19 -> 16 | B20: =OVERALL!B19 -> 2301252 | C20: =OVERALL!C19 -> Rajan Sharma | D20: P | E20: P | F20: P | G20: A | H20: P | I20: A | J20: P | K20: P | L20: P | M20: A | N20: A | O20: P | P20: P | Q20: P | R20: P | S20: P | T20: P | U20: P | V20: P | W20: P | X20: A | Y20: A | Z20: P | AA20: P | AB20: P | AC20: P | AD20: P | AE20: P | AF20: P | AG20: P | AH20: P | AI20: A | AJ20: A | AK20: P | AL20: P | AM20: P | AN20: P | AO20: P | AP20: A | AQ20: P | AR20: P | AS20: P | AT20: P | AU20: P | AV20: P | AW20: P | AX20: A | AY20: A | AZ20: P | BA20: P | BB20: P | BD20: 48 | BF20: =BD20+BE20 -> 48 | BG20: 65 | BH20: =BF20/BG20 -> 0.73846154 | BJ20: =OVERALL!A15 -> 12 | BK20: =OVERALL!B15 -> 2301248 | BL20: =OVERALL!C15 -> Priyam Puri | BM20: =BG16 -> 65 | BN20: =BF16 -> 0 | BO20: =BN20/BM20% -> 0 | BP20: =IF(BO20>=95.5,"6",IF(BO20>=90.5,"5", IF(BO20>=85.5,"4",IF(BO20>=80.5,"3",IF(BO20>=75.5,"2","0"))))) -> 0 | BQ20: 0 | BS20: 0 | BT20: =(BQ20 +BS20)/2 -> 0 | BU20: 0 | BV20: 0 | BW20: 0 | BX20: =AVERAGE(BU20:BW20) -> 0 | BZ20: =ROUND(BP20+BT20+BX20+BY20,0) -> 0
A21: =OVERALL!A20 -> 17 | B21: =OVERALL!B20 -> 2301253 | C21: =OVERALL!C20 -> Rajwinder Kaur | D21: A | E21: P | F21: P | G21: P | H21: P | I21: A | J21: P | K21: P | L21: P | M21: P | N21: A | O21: P | P21: P | Q21: A | R21: P | S21: P | T21: P | U21: A | V21: P | W21: P | X21: A | Y21: A | Z21: P | AA21: P | AB21: A | AC21: P | AD21: P | AE21: P | AF21: P | AG21: P | AH21: A | AI21: P | AJ21: P | AK21: A | AL21: P | AM21: P | AN21: A | AO21: A | AP21: P | AQ21: P | AR21: P | AS21: P | AT21: A | AU21: P | AV21: P | AW21: P | AX21: P | AY21: P | AZ21: P | BA21: P | BB21: A | BD21: 49 | BE21: 1 | BF21: =BD21+BE21 -> 50 | BG21: 65 | BH21: =BF21/BG21 -> 0.76923077 | BJ21: =OVERALL!A16 -> 13 | BK21: =OVERALL!B16 -> 2301249 | BL21: =OVERALL!C16 -> Rahul Sharma | BM21: =BG17 -> 65 | BN21: =BF17 -> 34 | BO21: =BN21/BM21% -> 52.307692 | BP21: =IF(BO21>=95.5,"6",IF(BO21>=90.5,"5", IF(BO21>=85.5,"4",IF(BO21>=80.5,"3",IF(BO21>=75.5,"2","0"))))) -> 0 | BQ21: 10 | BS21: 13 | BT21: =(BQ21 +BS21)/2 -> 11.5 | BU21: 8 | BV21: 10 | BW21: 9 | BX21: =AVERAGE(BU21:BW21) -> 9 | BZ21: =ROUND(BP21+BT21+BX21+BY21,0) -> 21
A22: =OVERALL!A21 -> 18 | B22: =OVERALL!B21 -> 2301254 | C22: =OVERALL!C21 -> RANJIT SHAH KANU | D22: A | E22: A | F22: A | G22: A | H22: A | I22: A | J22: A | K22: A | L22: A | M22: A | N22: A | O22: A | P22: A | Q22: A | R22: A | S22: A | T22: A | U22: A | V22: A | W22: A | X22: A | Y22: A | Z22: A | AA22: A | AB22: A | AC22: A | AD22: A | AE22: A | AF22: A | AG22: A | AH22: A | AI22: A | AJ22: A | AK22: A | AL22: A | AM22: A | AN22: A | AO22: A | AP22: A | AQ22: A | AR22: A | AS22: A | AT22: A | AU22: A | AV22: A | AW22: A | AX22: A | AY22: A | AZ22: A | BA22: A | BB22: A | BD22: 0 | BF22: =BD22+BE22 -> 0 | BG22: 65 | BH22: =BF22/BG22 -> 0 | BJ22: =OVERALL!A17 -> 14 | BK22: =OVERALL!B17 -> 2301250 | BL22: =OVERALL!C17 -> Rahulpreet Singh Khinda | BM22: =BG18 -> 65 | BN22: 41 | BO22: =BN22/BM22% -> 63.076923 | BP22: =IF(BO22>=95.5,"6",IF(BO22>=90.5,"5", IF(BO22>=85.5,"4",IF(BO22>=80.5,"3",IF(BO22>=75.5,"2","0"))))) -> 0 | BQ22: 13 | BS22: 5 | BT22: =(BQ22 +BS22)/2 -> 9 | BU22: 8 | BV22: 9 | BW22: 10 | BX22: =AVERAGE(BU22:BW22) -> 9 | BZ22: =ROUND(BP22+BT22+BX22+BY22,0) -> 18
A23: =OVERALL!A22 -> 19 | B23: =OVERALL!B22 -> 2301255 | C23: =OVERALL!C22 -> Ravi Bhushan Kumar | D23: P | E23: P | F23: P | G23: P | H23: P | I23: P | J23: P | K23: P | L23: P | M23: P | N23: P | O23: P | P23: P | Q23: P | R23: P | S23: P | T23: P | U23: P | V23: P | W23: P | X23: P | Y23: P | Z23: P | AA23: P | AB23: P | AC23: P | AD23: P | AE23: A | AF23: P | AG23: P | AH23: P | AI23: P | AJ23: P | AK23: P | AL23: A | AM23: P | AN23: P | AO23: P | AP23: P | AQ23: P | AR23: P | AS23: A | AT23: P | AU23: P | AV23: P | AW23: P | AX23: P | AY23: P | AZ23: P | BA23: P | BB23: A | BD23: 55 | BF23: =BD23+BE23 -> 55 | BG23: 65 | BH23: =BF23/BG23 -> 0.84615385 | BJ23: =OVERALL!A18 -> 15 | BK23: =OVERALL!B18 -> 2301251 | BL23: =OVERALL!C18 -> Raj Kumar | BM23: =BG19 -> 65 | BN23: =BF19 -> 46 | BO23: =BN23/BM23% -> 70.769231 | BP23: =IF(BO23>=95.5,"6",IF(BO23>=90.5,"5", IF(BO23>=85.5,"4",IF(BO23>=80.5,"3",IF(BO23>=75.5,"2","0"))))) -> 0 | BQ23: 15 | BS23: 4 | BT23: =(BQ23 +BS23)/2 -> 9.5 | BU23: 8 | BV23: 8 | BW23: 10 | BX23: =AVERAGE(BU23:BW23) -> 8.6666667 | BZ23: =ROUND(BP23+BT23+BX23+BY23,0) -> 18
A24: =OVERALL!A23 -> 20 | B24: =OVERALL!B23 -> 2301256 | C24: =OVERALL!C23 -> Reshma | D24: A | E24: P | F24: P | G24: P | H24: P | I24: P | J24: P | K24: P | L24: P | M24: P | N24: P | O24: P | P24: P | Q24: A | R24: A | S24: P | T24: A | U24: P | V24: P | W24: P | X24: P | Y24: A | Z24: P | AA24: P | AB24: P | AC24: P | AD24: A | AE24: P | AF24: P | AG24: P | AH24: P | AI24: P | AJ24: A | AK24: A | AL24: A | AM24: P | AN24: P | AO24: P | AP24: P | AQ24: A | AR24: P | AS24: A | AT24: P | AU24: P | AV24: P | AW24: P | AX24: P | AY24: P | AZ24: A | BA24: A | BB24: P | BD24: 50 | BE24: 2 | BF24: =BD24+BE24 -> 52 | BG24: 65 | BH24: =BF24/BG24 -> 0.8 | BJ24: =OVERALL!A19 -> 16 | BK24: =OVERALL!B19 -> 2301252 | BL24: =OVERALL!C19 -> Rajan Sharma | BM24: =BG20 -> 65 | BN24: =BF20 -> 48 | BO24: =BN24/BM24% -> 73.846154 | BP24: 0 | BQ24: 17 | BS24: 10 | BT24: =(BQ24 +BS24)/2 -> 13.5 | BU24: 8 | BV24: 8 | BW24: 10 | BX24: =AVERAGE(BU24:BW24) -> 8.6666667 | BZ24: =ROUND(BP24+BT24+BX24+BY24,0) -> 22
A25: =OVERALL!A24 -> 21 | B25: =OVERALL!B24 -> 2301257 | C25: =OVERALL!C24 -> Ritesh Kumar Choudhary | D25: A | E25: A | F25: A | G25: A | H25: A | I25: P | J25: P | K25: P | L25: P | M25: A | N25: A | O25: A | P25: P | Q25: A | R25: A | S25: P | T25: P | U25: A | V25: P | W25: P | X25: P | Y25: A | Z25: P | AA25: P | AB25: P | AC25: P | AD25: A | AE25: A | AF25: P | AG25: P | AH25: P | AI25: P | AJ25: P | AK25: P | AL25: A | AM25: A | AN25: A | AO25: A | AP25: A | AQ25: A | AR25: A | AS25: A | AT25: A | AU25: P | AV25: A | AW25: A | AX25: A | AY25: A | AZ25: A | BA25: A | BB25: A | BD25: 28 | BE25: 15 | BF25: =BD25+BE25 -> 43 | BG25: 65 | BH25: =BF25/BG25 -> 0.66153846 | BJ25: =OVERALL!A20 -> 17 | BK25: =OVERALL!B20 -> 2301253 | BL25: =OVERALL!C20 -> Rajwinder Kaur | BM25: =BG22 -> 65 | BN25: =BF21 -> 50 | BO25: =BN25/BM25% -> 76.923077 | BP25: =IF(BO25>=95.5,"6",IF(BO25>=90.5,"5", IF(BO25>=85.5,"4",IF(BO25>=80.5,"3",IF(BO25>=75.5,"2","0"))))) -> 2 | BQ25: 20 | BS25: 20 | BT25: =(BQ25 +BS25)/2 -> 20 | BU25: 9 | BV25: 10 | BW25: 10 | BX25: =AVERAGE(BU25:BW25) -> 9.6666667 | BZ25: =ROUND(BP25+BT25+BX25+BY25,0) -> 32
A26: =OVERALL!A25 -> 22 | B26: =OVERALL!B25 -> 2301258 | C26: =OVERALL!C25 -> Ritesh Thakur | D26: A | E26: P | F26: A | G26: A | H26: A | I26: A | J26: P | K26: P | L26: P | M26: P | N26: A | O26: A | P26: P | Q26: A | R26: A | S26: A | T26: A | U26: A | V26: P | W26: A | X26: A | Y26: A | Z26: P | AA26: P | AB26: A | AC26: A | AD26: A | AE26: A | AF26: P | AG26: P | AH26: P | AI26: P | AJ26: P | AK26: P | AL26: P | AM26: A | AN26: A | AO26: A | AP26: P | AQ26: P | AR26: P | AS26: P | AT26: A | AU26: P | AV26: A | AW26: A | AX26: A | AY26: A | AZ26: A | BA26: A | BB26: A | BD26: 21 | BF26: =BD26+BE26 -> 21 | BG26: 65 | BH26: =BF26/BG26 -> 0.32307692 | BJ26: =OVERALL!A21 -> 18 | BK26: =OVERALL!B21 -> 2301254 | BL26: =OVERALL!C21 -> RANJIT SHAH KANU | BM26: =BG23 -> 65 | BN26: =BF22 -> 0 | BO26: =BN26/BM26% -> 0 | BP26: =IF(BO26>=95.5,"6",IF(BO26>=90.5,"5", IF(BO26>=85.5,"4",IF(BO26>=80.5,"3",IF(BO26>=75.5,"2","0"))))) -> 0 | BQ26: 0 | BS26: 0 | BT26: =(BQ26 +BS26)/2 -> 0 | BU26: 0 | BV26: 0 | BW26: 0 | BX26: =AVERAGE(BU26:BW26) -> 0 | BZ26: =ROUND(BP26+BT26+BX26+BY26,0) -> 0
A27: =OVERALL!A26 -> 23 | B27: =OVERALL!B26 -> 2301259 | C27: =OVERALL!C26 -> Riya Thakur | D27: P | E27: P | F27: P | G27: A | H27: P | I27: P | J27: P | K27: P | L27: P | M27: P | N27: P | O27: P | P27: P | Q27: A | R27: P | S27: P | T27: P | U27: A | V27: P | W27: P | X27: P | Y27: A | Z27: A | AA27: P | AB27: P | AC27: P | AD27: P | AE27: P | AF27: P | AG27: P | AH27: P | AI27: P | AJ27: P | AK27: P | AL27: P | AM27: P | AN27: P | AO27: P | AP27: P | AQ27: A | AR27: A | AS27: A | AT27: A | AU27: A | AV27: A | AW27: A | AX27: A | AY27: P | AZ27: P | BA27: P | BB27: P | BD27: 43 | BF27: =BD27+BE27 -> 43 | BG27: 65 | BH27: =BF27/BG27 -> 0.66153846 | BJ27: =OVERALL!A22 -> 19 | BK27: =OVERALL!B22 -> 2301255 | BL27: =OVERALL!C22 -> Ravi Bhushan Kumar | BM27: =BG24 -> 65 | BN27: =BF23 -> 55 | BO27: =BN27/BM27% -> 84.615385 | BP27: =IF(BO27>=95.5,"6",IF(BO27>=90.5,"5", IF(BO27>=85.5,"4",IF(BO27>=80.5,"3",IF(BO27>=75.5,"2","0"))))) -> 3 | BQ27: 16 | BS27: 3 | BT27: =(BQ27 +BS27)/2 -> 9.5 | BU27: 10 | BV27: 10 | BW27: 8 | BX27: =AVERAGE(BU27:BW27) -> 9.3333333 | BZ27: =ROUND(BP27+BT27+BX27+BY27,0) -> 22
A28: =OVERALL!A27 -> 24 | B28: =OVERALL!B27 -> 2301260 | C28: =OVERALL!C27 -> Rounit Dhiman | D28: A | E28: A | F28: A | G28: A | H28: A | I28: P | J28: P | K28: P | L28: P | M28: P | N28: P | O28: P | P28: P | Q28: A | R28: P | S28: P | T28: P | U28: P | V28: P | W28: P | X28: P | Y28: P | Z28: P | AA28: P | AB28: P | AC28: P | AD28: P | AE28: P | AF28: P | AG28: P | AH28: P | AI28: P | AJ28: P | AK28: P | AL28: P | AM28: P | AN28: P | AO28: P | AP28: P | AQ28: P | AR28: P | AS28: P | AT28: P | AU28: P | AV28: P | AW28: P | AX28: P | AY28: P | AZ28: P | BA28: P | BB28: P | BD28: 52 | BF28: =BD28+BE28 -> 52 | BG28: 65 | BH28: =BF28/BG28 -> 0.8 | BJ28: =OVERALL!A23 -> 20 | BK28: =OVERALL!B23 -> 2301256 | BL28: =OVERALL!C23 -> Reshma | BM28: =BG25 -> 65 | BN28: =BF24 -> 52 | BO28: =BN28/BM28% -> 80 | BP28: =IF(BO28>=95.5,"6",IF(BO28>=90.5,"5", IF(BO28>=85.5,"4",IF(BO28>=80.5,"3",IF(BO28>=75.5,"2","0"))))) -> 2 | BQ28: 16 | BS28: 12 | BT28: =(BQ28 +BS28)/2 -> 14 | BU28: 8 | BV28: 7 | BW28: 10 | BX28: =AVERAGE(BU28:BW28) -> 8.3333333 | BZ28: =ROUND(BP28+BT28+BX28+BY28,0) -> 24
A29: =OVERALL!A28 -> 25 | B29: =OVERALL!B28 -> 2301261 | C29: =OVERALL!C28 -> Rubby Kumari | D29: A | E29: A | F29: A | G29: A | H29: A | I29: A | J29: A | K29: A | L29: A | M29: A | N29: P | O29: A | P29: A | Q29: A | R29: P | S29: A | T29: P | U29: A | V29: P | W29: A | X29: P | Y29: A | Z29: P | AA29: P | AB29: P | AC29: P | AD29: P | AE29: P | AF29: P | AG29: P | AH29: P | AI29: P | AJ29: P | AK29: P | AL29: A | AM29: A | AN29: P | AO29: P | AP29: A | AQ29: P | AR29: P | AS29: P | AT29: P | AU29: P | AV29: P | AW29: P | AX29: P | AY29: P | AZ29: P | BA29: A | BB29: A | BD29: 31 | BE29: 2 | BF29: =BD29+BE29 -> 33 | BG29: 65 | BH29: =BF29/BG29 -> 0.50769231 | BJ29: =OVERALL!A24 -> 21 | BK29: =OVERALL!B24 -> 2301257 | BL29: =OVERALL!C24 -> Ritesh Kumar Choudhary | BM29: =BG26 -> 65 | BN29: 43 | BO29: =BN29/BM29% -> 66.153846 | BP29: 0 | BQ29: 14 | BS29: 6 | BT29: =(BQ29 +BS29)/2 -> 10 | BU29: 8 | BV29: 8 | BW29: 0 | BX29: =AVERAGE(BU29:BW29) -> 5.3333333 | BZ29: =ROUND(BP29+BT29+BX29+BY29,0) -> 15
A30: =OVERALL!A29 -> 26 | B30: =OVERALL!B29 -> 2301262 | C30: =OVERALL!C29 -> Sakshi Devi | D30: P | E30: P | F30: P | G30: P | H30: P | I30: P | J30: P | K30: P | L30: P | M30: P | N30: P | O30: P | P30: P | Q30: A | R30: P | S30: P | T30: P | U30: P | V30: P | W30: P | X30: P | Y30: P | Z30: P | AA30: P | AB30: P | AC30: P | AD30: P | AE30: P | AF30: P | AG30: P | AH30: P | AI30: P | AJ30: P | AK30: P | AL30: P | AM30: P | AN30: P | AO30: P | AP30: P | AQ30: P | AR30: P | AS30: P | AT30: P | AU30: A | AV30: A | AW30: A | AX30: A | AY30: A | AZ30: P | BA30: A | BB30: P | BD30: 46 | BF30: =BD30+BE30 -> 46 | BG30: 65 | BH30: =BF30/BG30 -> 0.70769231 | BJ30: =OVERALL!A25 -> 22 | BK30: =OVERALL!B25 -> 2301258 | BL30: =OVERALL!C25 -> Ritesh Thakur | BM30: =BG27 -> 65 | BN30: =BF26 -> 21 | BO30: =BN30/BM30% -> 32.307692 | BP30: =IF(BO30>=95.5,"6",IF(BO30>=90.5,"5", IF(BO30>=85.5,"4",IF(BO30>=80.5,"3",IF(BO30>=75.5,"2","0"))))) -> 0 | BQ30: 10 | BS30: 0 | BT30: =(BQ30 +BS30)/2 -> 5 | BU30: 0 | BV30: 7 | BW30: 0 | BX30: =AVERAGE(BU30:BW30) -> 2.3333333 | BZ30: =ROUND(BP30+BT30+BX30+BY30,0) -> 7
A31: =OVERALL!A30 -> 27 | B31: =OVERALL!B30 -> 2301263 | C31: =OVERALL!C30 -> Sanchi Sharma | D31: P | E31: P | F31: P | G31: P | H31: P | I31: A | J31: P | K31: P | L31: P | M31: P | N31: P | O31: P | P31: P | Q31: A | R31: P | S31: P | T31: P | U31: A | V31: P | W31: P | X31: P | Y31: P | Z31: P | AA31: P | AB31: P | AC31: P | AD31: P | AE31: P | AF31: P | AG31: P | AH31: P | AI31: P | AJ31: P | AK31: P | AL31: P | AM31: P | AN31: P | AO31: P | AP31: A | AQ31: P | AR31: P | AS31: P | AT31: P | AU31: P | AV31: P | AW31: P | AX31: P | AY31: P | AZ31: P | BA31: P | BB31: A | BD31: 57 | BF31: =BD31+BE31 -> 57 | BG31: 65 | BH31: =BF31/BG31 -> 0.87692308 | BJ31: =OVERALL!A26 -> 23 | BK31: =OVERALL!B26 -> 2301259 | BL31: =OVERALL!C26 -> Riya Thakur | BM31: =BG28 -> 65 | BN31: =BF27 -> 43 | BO31: =BN31/BM31% -> 66.153846 | BP31: =IF(BO31>=95.5,"6",IF(BO31>=90.5,"5", IF(BO31>=85.5,"4",IF(BO31>=80.5,"3",IF(BO31>=75.5,"2","0"))))) -> 0 | BQ31: 11 | BS31: 4 | BT31: =(BQ31 +BS31)/2 -> 7.5 | BU31: 8 | BV31: 8 | BW31: 10 | BX31: =AVERAGE(BU31:BW31) -> 8.6666667 | BZ31: =ROUND(BP31+BT31+BX31+BY31,0) -> 16
A32: =OVERALL!A31 -> 28 | B32: =OVERALL!B31 -> 2301264 | C32: =OVERALL!C31 -> Sarbjit Singh | D32: A | E32: A | F32: A | G32: A | H32: A | I32: A | J32: A | K32: P | L32: P | M32: P | N32: A | O32: A | P32: A | Q32: A | R32: A | S32: A | T32: A | U32: A | V32: A | W32: P | X32: A | Y32: A | Z32: A | AA32: P | AB32: P | AC32: P | AD32: P | AE32: A | AF32: P | AG32: A | AH32: A | AI32: A | AJ32: A | AK32: P | AL32: A | AM32: A | AN32: A | AO32: A | AP32: A | AQ32: P | AR32: A | AS32: A | AT32: P | AU32: A | AV32: A | AW32: A | AX32: A | AY32: P | AZ32: A | BA32: A | BB32: A | BD32: 13 | BF32: =BD32+BE32 -> 13 | BG32: 65 | BH32: =BF32/BG32 -> 0.2 | BJ32: =OVERALL!A27 -> 24 | BK32: =OVERALL!B27 -> 2301260 | BL32: =OVERALL!C27 -> Rounit Dhiman | BM32: =BG29 -> 65 | BN32: =BF28 -> 52 | BO32: =BN32/BM32% -> 80 | BP32: =IF(BO32>=95.5,"6",IF(BO32>=90.5,"5", IF(BO32>=85.5,"4",IF(BO32>=80.5,"3",IF(BO32>=75.5,"2","0"))))) -> 2 | BQ32: 6 | BS32: 13 | BT32: =(BQ32 +BS32)/2 -> 9.5 | BU32: 8 | BV32: 7 | BW32: 10 | BX32: =AVERAGE(BU32:BW32) -> 8.3333333 | BZ32: =ROUND(BP32+BT32+BX32+BY32,0) -> 20
A33: =OVERALL!A32 -> 29 | B33: =OVERALL!B32 -> 2301265 | C33: =OVERALL!C32 -> Sarif Mayangmayum | D33: A | E33: P | F33: P | G33: P | H33: P | I33: P | J33: P | K33: P | L33: P | M33: P | N33: P | O33: P | P33: P | Q33: A | R33: P | S33: P | T33: P | U33: P | V33: P | W33: P | X33: P | Y33: P | Z33: P | AA33: P | AB33: A | AC33: A | AD33: P | AE33: P | AF33: P | AG33: P | AH33: P | AI33: P | AJ33: A | AK33: A | AL33: P | AM33: A | AN33: A | AO33: A | AP33: A | AQ33: A | AR33: A | AS33: A | AT33: A | AU33: A | AV33: A | AW33: P | AX33: P | AY33: P | AZ33: P | BA33: P | BB33: P | BD33: 44 | BE33: 8 | BF33: =BD33+BE33 -> 52 | BG33: 65 | BH33: =BF33/BG33 -> 0.8 | BJ33: =OVERALL!A28 -> 25 | BK33: =OVERALL!B28 -> 2301261 | BL33: =OVERALL!C28 -> Rubby Kumari | BM33: =BG29 -> 65 | BN33: =BF29 -> 33 | BO33: =BN33/BM33% -> 50.769231 | BP33: =IF(BO33>=95.5,"6",IF(BO33>=90.5,"5", IF(BO33>=85.5,"4",IF(BO33>=80.5,"3",IF(BO33>=75.5,"2","0"))))) -> 0 | BQ33: 13 | BS33: 12 | BT33: =(BQ33 +BS33)/2 -> 12.5 | BU33: 0 | BV33: 0 | BW33: 0 | BX33: =AVERAGE(BU33:BW33) -> 0 | BZ33: =ROUND(BP33+BT33+BX33+BY33,0) -> 13
A34: =OVERALL!A33 -> 30 | B34: =OVERALL!B33 -> 2301267 | C34: =OVERALL!C33 -> Shivam Kumar Chaubey | D34: A | E34: P | F34: P | G34: P | H34: P | I34: P | J34: P | K34: P | L34: A | M34: P | N34: P | O34: A | P34: A | Q34: A | R34: P | S34: A | T34: P | U34: P | V34: P | W34: P | X34: P | Y34: P | Z34: P | AA34: P | AB34: P | AC34: P | AD34: P | AE34: P | AF34: P | AG34: P | AH34: P | AI34: P | AJ34: P | AK34: P | AL34: P | AM34: P | AN34: P | AO34: P | AP34: P | AQ34: P | AR34: P | AS34: P | AT34: P | AU34: P | AV34: P | AW34: P | AX34: P | AY34: P | AZ34: P | BA34: P | BB34: P | BD34: 54 | BF34: =BD34+BE34 -> 54 | BG34: 65 | BH34: =BF34/BG34 -> 0.83076923 | BJ34: =OVERALL!A29 -> 26 | BK34: =OVERALL!B29 -> 2301262 | BL34: =OVERALL!C29 -> Sakshi Devi | BM34: =BG30 -> 65 | BN34: =BF30 -> 46 | BO34: =BN34/BM34% -> 70.769231 | BP34: =IF(BO34>=95.5,"6",IF(BO34>=90.5,"5", IF(BO34>=85.5,"4",IF(BO34>=80.5,"3",IF(BO34>=75.5,"2","0"))))) -> 0 | BQ34: 1 | BS34: 4 | BT34: =(BQ34 +BS34)/2 -> 2.5 | BU34: 8 | BV34: 8 | BW34: 10 | BX34: =AVERAGE(BU34:BW34) -> 8.6666667 | BZ34: =ROUND(BP34+BT34+BX34+BY34,0) -> 11
A35: =OVERALL!A34 -> 31 | B35: =OVERALL!B34 -> 2301268 | C35: =OVERALL!C34 -> Simba Godfrey | D35: A | E35: P | F35: A | G35: A | H35: A | I35: A | J35: P | K35: P | L35: P | M35: P | N35: P | O35: P | P35: P | Q35: A | R35: P | S35: P | T35: A | U35: A | V35: P | W35: P | X35: A | Y35: A | Z35: A | AA35: A | AB35: A | AC35: P | AD35: P | AE35: A | AF35: P | AG35: P | AH35: P | AI35: P | AJ35: A | AK35: A | AL35: P | AM35: P | AN35: P | AO35: P | AP35: P | AQ35: A | AR35: P | AS35: A | AT35: P | AU35: P | AV35: P | AW35: P | AX35: P | AY35: A | AZ35: P | BA35: P | BB35: P | BD35: 35 | BF35: =BD35+BE35 -> 35 | BG35: 65 | BH35: =BF35/BG35 -> 0.53846154 | BJ35: =OVERALL!A30 -> 27 | BK35: =OVERALL!B30 -> 2301263 | BL35: =OVERALL!C30 -> Sanchi Sharma | BM35: =BG31 -> 65 | BN35: =BF31 -> 57 | BO35: =BN35/BM35% -> 87.692308 | BP35: =IF(BO35>=95.5,"6",IF(BO35>=90.5,"5", IF(BO35>=85.5,"4",IF(BO35>=80.5,"3",IF(BO35>=75.5,"2","0"))))) -> 4 | BQ35: 8 | BS35: 12 | BT35: =(BQ35 +BS35)/2 -> 10 | BU35: 8 | BV35: 9 | BW35: 9 | BX35: =AVERAGE(BU35:BW35) -> 8.6666667 | BZ35: =ROUND(BP35+BT35+BX35+BY35,0) -> 23
A36: =OVERALL!A35 -> 32 | B36: =OVERALL!B35 -> 2301269 | C36: =OVERALL!C35 -> Simran Kaur | D36: P | E36: A | F36: P | G36: P | H36: P | I36: P | J36: P | K36: P | L36: P | M36: P | N36: P | O36: P | P36: P | Q36: P | R36: P | S36: P | T36: P | U36: P | V36: P | W36: P | X36: P | Y36: P | Z36: P | AA36: P | AB36: P | AC36: P | AD36: P | AE36: P | AF36: P | AG36: A | AH36: A | AI36: A | AJ36: A | AK36: A | AL36: P | AM36: A | AN36: P | AO36: P | AP36: A | AQ36: P | AR36: P | AS36: P | AT36: P | AU36: P | AV36: P | AW36: P | AX36: P | AY36: P | AZ36: P | BA36: P | BB36: P | BD36: 47 | BF36: =BD36+BE36 -> 47 | BG36: 65 | BH36: =BF36/BG36 -> 0.72307692 | BJ36: =OVERALL!A31 -> 28 | BK36: =OVERALL!B31 -> 2301264 | BL36: =OVERALL!C31 -> Sarbjit Singh | BM36: =BG32 -> 65 | BN36: =BF32 -> 13 | BO36: =BN36/BM36% -> 20 | BP36: =IF(BO36>=95.5,"6",IF(BO36>=90.5,"5", IF(BO36>=85.5,"4",IF(BO36>=80.5,"3",IF(BO36>=75.5,"2","0"))))) -> 0 | BQ36: 10 | BS36: 0 | BT36: =(BQ36 +BS36)/2 -> 5 | BU36: 0 | BV36: 0 | BW36: 0 | BX36: =AVERAGE(BU36:BW36) -> 0 | BZ36: =ROUND(BP36+BT36+BX36+BY36,0) -> 5
A37: =OVERALL!A36 -> 33 | B37: =OVERALL!B36 -> 2301270 | C37: =OVERALL!C36 -> Simranjit Singh | D37: P | E37: P | F37: P | G37: P | H37: P | I37: P | J37: P | K37: P | L37: P | M37: P | N37: A | O37: P | P37: P | Q37: P | R37: P | S37: P | T37: P | U37: P | V37: P | W37: A | X37: P | Y37: A | Z37: A | AA37: P | AB37: P | AC37: P | AD37: A | AE37: A | AF37: P | AG37: P | AH37: A | AI37: P | AJ37: P | AK37: P | AL37: P | AM37: P | AN37: A | AO37: A | AP37: A | AQ37: A | AR37: A | AS37: A | AT37: P | AU37: P | AV37: A | AW37: A | AX37: A | AY37: A | AZ37: A | BA37: A | BB37: A | BD37: 41 | BE37: 3 | BF37: =BD37+BE37 -> 44 | BG37: 65 | BH37: =BF37/BG37 -> 0.67692308 | BJ37: =OVERALL!A32 -> 29 | BK37: =OVERALL!B32 -> 2301265 | BL37: =OVERALL!C32 -> Sarif Mayangmayum | BM37: =BG33 -> 65 | BN37: =BF33 -> 52 | BO37: =BN37/BM37% -> 80 | BP37: =IF(BO37>=95.5,"6",IF(BO37>=90.5,"5", IF(BO37>=85.5,"4",IF(BO37>=80.5,"3",IF(BO37>=75.5,"2","0"))))) -> 2 | BQ37: 14 | BS37: 15 | BT37: =(BQ37 +BS37)/2 -> 14.5 | BU37: 8 | BV37: 8 | BW37: 0 | BX37: =AVERAGE(BU37:BW37) -> 5.3333333 | BZ37: =ROUND(BP37+BT37+BX37+BY37,0) -> 22
A38: =OVERALL!A37 -> 34 | B38: =OVERALL!B37 -> 2301271 | C38: =OVERALL!C37 -> Sudip Sunar | D38: A | E38: P | F38: P | G38: P | H38: P | I38: P | J38: P | K38: A | L38: P | M38: P | N38: P | O38: P | P38: P | Q38: A | R38: P | S38: P | T38: A | U38: A | V38: P | W38: P | X38: P | Y38: A | Z38: P | AA38: P | AB38: A | AC38: A | AD38: P | AE38: P | AF38: P | AG38: P | AH38: P | AI38: P | AJ38: P | AK38: P | AL38: P | AM38: P | AN38: P | AO38: P | AP38: P | AQ38: P | AR38: P | AS38: A | AT38: P | AU38: P | AV38: P | AW38: P | AX38: P | AY38: P | AZ38: P | BA38: P | BB38: P | BD38: 53 | BF38: =BD38+BE38 -> 53 | BG38: 65 | BH38: =BF38/BG38 -> 0.81538462 | BJ38: =OVERALL!A33 -> 30 | BK38: =OVERALL!B33 -> 2301267 | BL38: =OVERALL!C33 -> Shivam Kumar Chaubey | BM38: =BG34 -> 65 | BN38: =BF34 -> 54 | BO38: =BN38/BM38% -> 83.076923 | BP38: =IF(BO38>=95.5,"6",IF(BO38>=90.5,"5", IF(BO38>=85.5,"4",IF(BO38>=80.5,"3",IF(BO38>=75.5,"2","0"))))) -> 3 | BQ38: 12 | BS38: 12 | BT38: =(BQ38 +BS38)/2 -> 12 | BU38: 9 | BV38: 10 | BW38: 9 | BX38: =AVERAGE(BU38:BW38) -> 9.3333333 | BZ38: =ROUND(BP38+BT38+BX38+BY38,0) -> 24
A39: =OVERALL!A38 -> 35 | B39: =OVERALL!B38 -> 2301272 | C39: =OVERALL!C38 -> Sujal Sharma | D39: A | E39: A | F39: A | G39: A | H39: P | I39: A | J39: A | K39: A | L39: A | M39: A | N39: A | O39: A | P39: A | Q39: P | R39: P | S39: A | T39: A | U39: A | V39: A | W39: A | X39: A | Y39: A | Z39: A | AA39: A | AB39: A | AC39: A | AD39: A | AE39: A | AF39: A | AG39: A | AH39: A | AI39: A | AJ39: A | AK39: P | AL39: A | AM39: A | AN39: A | AO39: A | AP39: A | AQ39: A | AR39: A | AS39: A | AT39: A | AU39: A | AV39: A | AW39: A | AX39: A | AY39: A | AZ39: A | BA39: A | BB39: A | BD39: 4 | BF39: =BD39+BE39 -> 4 | BG39: 65 | BH39: =BF39/BG39 -> 0.061538462 | BJ39: =OVERALL!A34 -> 31 | BK39: =OVERALL!B34 -> 2301268 | BL39: =OVERALL!C34 -> Simba Godfrey | BM39: =BG35 -> 65 | BN39: 35 | BO39: =BN39/BM39% -> 53.846154 | BP39: =IF(BO39>=95.5,"6",IF(BO39>=90.5,"5", IF(BO39>=85.5,"4",IF(BO39>=80.5,"3",IF(BO39>=75.5,"2","0"))))) -> 0 | BQ39: 2 | BS39: 0 | BT39: =(BQ39 +BS39)/2 -> 1 | BU39: 8 | BV39: 8 | BW39: 0 | BX39: =AVERAGE(BU39:BW39) -> 5.3333333 | BZ39: =ROUND(BP39+BT39+BX39+BY39,0) -> 6
A40: =OVERALL!A39 -> 36 | B40: =OVERALL!B39 -> 2301273 | C40: =OVERALL!C39 -> Sukhraj Singh | D40: A | E40: A | F40: A | G40: P | H40: A | I40: A | J40: A | K40: P | L40: P | M40: A | N40: A | O40: A | P40: A | Q40: A | R40: A | S40: A | T40: A | U40: A | V40: A | W40: A | X40: A | Y40: A | Z40: P | AA40: P | AB40: A | AC40: A | AD40: A | AE40: A | AF40: P | AG40: P | AH40: P | AI40: P | AJ40: P | AK40: P | AL40: P | AM40: P | AN40: P | AO40: P | AP40: A | AQ40: P | AR40: P | AS40: P | AT40: P | AU40: P | AV40: P | AW40: P | AX40: A | AY40: A | AZ40: A | BA40: A | BB40: A | BD40: 23 | BF40: =BD40+BE40 -> 23 | BG40: 65 | BH40: =BF40/BG40 -> 0.35384615 | BJ40: =OVERALL!A35 -> 32 | BK40: =OVERALL!B35 -> 2301269 | BL40: =OVERALL!C35 -> Simran Kaur | BM40: =BG36 -> 65 | BN40: =BF36 -> 47 | BO40: =BN40/BM40% -> 72.307692 | BP40: =IF(BO40>=95.5,"6",IF(BO40>=90.5,"5", IF(BO40>=85.5,"4",IF(BO40>=80.5,"3",IF(BO40>=75.5,"2","0"))))) -> 0 | BQ40: 16 | BS40: 19 | BT40: =(BQ40 +BS40)/2 -> 17.5 | BU40: 9 | BV40: 9 | BW40: 9 | BX40: =AVERAGE(BU40:BW40) -> 9 | BZ40: =ROUND(BP40+BT40+BX40+BY40,0) -> 27
