Workbook

Sheet OVERALL
A1: ATTENDANCE RECORD JAN-JUNE 2025 (B.Tech CSE 4B)
A2: S.No. | B2: Reg No. | C2: Name of Student | D2: DM | G2: COA | J2: OS | M2: DAA | P2: UHV2 | S2: EVS | V2: COA LAB | Y2: OS LAB | AB2: DAA LAB | AE2: OVERALL
D3: TA | E3: TD | F3: Att %age | G3: TA | H3: TD | I3: Att %age | J3: TA | K3: TD | L3: Att %age | M3: TA | N3: TD | O3: Att %age | P3: TA | Q3: TD | R3: Att %age | S3: TA | T3: TD | U3: Att %age | V3: TA | W3: TD | X3: Att %age | Y3: TA | Z3: TD | AA3: Att %age | AB3: TA | AC3: TD | AD3: Att %age | AE3: TA | AF3: TD | AG3: Att %age
A4: 1 | B4: 2301249 | C4: Rahul Sharma | D4: =DM!BK7 -> 19 | E4: =DM!BL7 -> 45 | F4: =(D4/E4)*100 -> 42.222222 | G4: =COA!BK7 -> 15 | H4: =COA!BL7 -> 30 | I4: =(G4/H4)*100 -> 50 | J4: =OS!BK7 -> 17 | K4: =OS!BL7 -> 33 | L4: =(J4/K4)*100 -> 51.515152 | M4: =DAA!BK7 -> 30 | N4: =DAA!BL7 -> 33 | O4: =(M4/N4)*100 -> 90.909091 | P4: ='UHV2'!BK7 -> 14 | Q4: ='UHV2'!BL7 -> 29 | R4: =(P4/Q4)*100 -> 48.275862 | S4: =EVS!BK7 -> 18 | T4: =EVS!BL7 -> 29 | U4: =(S4/T4)*100 -> 62.068966 | V4: =COAlab!BK7 -> 10 | W4: =COAlab!BL7 -> 22 | X4: =(V4/W4)*100 -> 45.454545 | Y4: =OSlab!BK7 -> 21 | Z4: =OSlab!BL7 -> 43 | AA4: =(Y4/Z4)*100 -> 48.837209 | AB4: =DAAlab!BK7 -> 34 | AC4: =DAAlab!BL7 -> 44 | AD4: =(AB4/AC4)*100 -> 77.272727 | AE4: =AB4+Y4+V4+S4+P4+M4+J4+G4+D4 -> 178 | AF4: =AC4+Z4+W4+T4+Q4+N4+K4+H4+E4 -> 308 | AG4: =(AE4/AF4)*100 -> 57.792208
A5: 2 | B5: 2301251 | C5: Raj Kumar | D5: =DM!BK8 -> 29 | E5: =DM!BL8 -> 45 | F5: =(D5/E5)*100 -> 64.444444 | G5: =COA!BK8 -> 18 | H5: =COA!BL8 -> 30 | I5: =(G5/H5)*100 -> 60 | J5: =OS!BK8 -> 21 | K5: =OS!BL8 -> 33 | L5: =(J5/K5)*100 -> 63.636364 | M5: =DAA!BK8 -> 21 | N5: =DAA!BL8 -> 33 | O5: =(M5/N5)*100 -> 63.636364 | P5: ='UHV2'!BK8 -> 21 | Q5: ='UHV2'!BL8 -> 29 | R5: =(P5/Q5)*100 -> 72.413793 | S5: =EVS!BK8 -> 20 | T5: =EVS!BL8 -> 29 | U5: =(S5/T5)*100 -> 68.965517 | V5: =COAlab!BK8 -> 6 | W5: =COAlab!BL8 -> 22 | X5: =(V5/W5)*100 -> 27.272727 | Y5: =OSlab!BK8 -> 36 | Z5: =OSlab!BL8 -> 43 | AA5: =(Y5/Z5)*100 -> 83.72093 | AB5: =DAAlab!BK8 -> 34 | AC5: =DAAlab!BL8 -> 44 | AD5: =(AB5/AC5)*100 -> 77.272727 | AE5: =AB5+Y5+V5+S5+P5+M5+J5+G5+D5 -> 206 | AF5: =AC5+Z5+W5+T5+Q5+N5+K5+H5+E5 -> 308 | AG5: =(AE5/AF5)*100 -> 66.883117
A6: 3 | B6: 2301252 | C6: Rajan Sharma | D6: =DM!BK9 -> 34 | E6: =DM!BL9 -> 45 | F6: =(D6/E6)*100 -> 75.555556 | G6: =COA!BK9 -> 20 | H6: =COA!BL9 -> 30 | I6: =(G6/H6)*100 -> 66.666667 | J6: =OS!BK9 -> 27 | K6: =OS!BL9 -> 33 | L6: =(J6/K6)*100 -> 81.818182 | M6: =DAA!BK9 -> 22 | N6: =DAA!BL9 -> 33 | O6: =(M6/N6)*100 -> 66.666667 | P6: ='UHV2'!BK9 -> 24 | Q6: ='UHV2'!BL9 -> 29 | R6: =(P6/Q6)*100 -> 82.758621 | S6: =EVS!BK9 -> 22 | T6: =EVS!BL9 -> 29 | U6: =(S6/T6)*100 -> 75.862069 | V6: =COAlab!BK9 -> 18 | W6: =COAlab!BL9 -> 22 | X6: =(V6/W6)*100 -> 81.818182 | Y6: =OSlab!BK9 -> 36 | Z6: =OSlab!BL9 -> 43 | AA6: =(Y6/Z6)*100 -> 83.72093 | AB6: =DAAlab!BK9 -> 30 | AC6: =DAAlab!BL9 -> 44 | AD6: =(AB6/AC6)*100 -> 68.181818 | AE6: =AB6+Y6+V6+S6+P6+M6+J6+G6+D6 -> 233 | AF6: =AC6+Z6+W6+T6+Q6+N6+K6+H6+E6 -> 308 | AG6: =(AE6/AF6)*100 -> 75.649351
A7: 4 | B7: 2301253 | C7: Rajwinder Kaur | D7: =DM!BK10 -> 30 | E7: =DM!BL10 -> 45 | F7: =(D7/E7)*100 -> 66.666667 | G7: =COA!BK10 -> 24 | H7: =COA!BL10 -> 30 | I7: =(G7/H7)*100 -> 80 | J7: =OS!BK10 -> 28 | K7: =OS!BL10 -> 33 | L7: =(J7/K7)*100 -> 84.848485 | M7: =DAA!BK10 -> 26 | N7: =DAA!BL10 -> 33 | O7: =(M7/N7)*100 -> 78.787879 | P7: ='UHV2'!BK10 -> 21 | Q7: ='UHV2'!BL10 -> 29 | R7: =(P7/Q7)*100 -> 72.413793 | S7: =EVS!BK10 -> 26 | T7: =EVS!BL10 -> 29 | U7: =(S7/T7)*100 -> 89.655172 | V7: =COAlab!BK10 -> 17 | W7: =COAlab!BL10 -> 22 | X7: =(V7/W7)*100 -> 77.272727 | Y7: =OSlab!BK10 -> 22 | Z7: =OSlab!BL10 -> 43 | AA7: =(Y7/Z7)*100 -> 51.162791 | AB7: =DAAlab!BK10 -> 39 | AC7: =DAAlab!BL10 -> 44 | AD7: =(AB7/AC7)*100 -> 88.636364 | AE7: =AB7+Y7+V7+S7+P7+M7+J7+G7+D7 -> 233 | AF7: =AC7+Z7+W7+T7+Q7+N7+K7+H7+E7 -> 308 | AG7: =(AE7/AF7)*100 -> 75.649351
A8: 5 | B8: 2301255 | C8: Ravi Bhushan Kumar | D8: =DM!BK11 -> 36 | E8: =DM!BL11 -> 45 | F8: =(D8/E8)*100 -> 80 | G8: =COA!BK11 -> 26 | H8: =COA!BL11 -> 30 | I8: =(G8/H8)*100 -> 86.666667 | J8: =OS!BK11 -> 25 | K8: =OS!BL11 -> 33 | L8: =(J8/K8)*100 -> 75.757576 | M8: =DAA!BK11 -> 27 | N8: =DAA!BL11 -> 33 | O8: =(M8/N8)*100 -> 81.818182 | P8: ='UHV2'!BK11 -> 23 | Q8: ='UHV2'!BL11 -> 29 | R8: =(P8/Q8)*100 -> 79.310345 | S8: =EVS!BK11 -> 22 | T8: =EVS!BL11 -> 29 | U8: =(S8/T8)*100 -> 75.862069 | V8: =COAlab!BK11 -> 20 | W8: =COAlab!BL11 -> 22 | X8: =(V8/W8)*100 -> 90.909091 | Y8: =OSlab!BK11 -> 39 | Z8: =OSlab!BL11 -> 43 | AA8: =(Y8/Z8)*100 -> 90.697674 | AB8: =DAAlab!BK11 -> 38 | AC8: =DAAlab!BL11 -> 44 | AD8: =(AB8/AC8)*100 -> 86.363636 | AE8: =AB8+Y8+V8+S8+P8+M8+J8+G8+D8 -> 256 | AF8: =AC8+Z8+W8+T8+Q8+N8+K8+H8+E8 -> 308 | AG8: =(AE8/AF8)*100 -> 83.116883
A9: 6 | B9: 2301256 | C9: Reshma | D9: =DM!BK12 -> 37 | E9: =DM!BL12 -> 45 | F9: =(D9/E9)*100 -> 82.222222 | G9: =COA!BK12 -> 30 | H9: =COA!BL12 -> 30 | I9: =(G9/H9)*100 -> 100 | J9: =OS!BK12 -> 31 | K9: =OS!BL12 -> 33 | L9: =(J9/K9)*100 -> 93.939394 | M9: =DAA!BK12 -> 31 | N9: =DAA!BL12 -> 33 | O9: =(M9/N9)*100 -> 93.939394 | P9: ='UHV2'!BK12 -> 22 | Q9: ='UHV2'!BL12 -> 29 | R9: =(P9/Q9)*100 -> 75.862069 | S9: =EVS!BK12 -> 25 | T9: =EVS!BL12 -> 29 | U9: =(S9/T9)*100 -> 86.206897 | V9: =COAlab!BK12 -> 22 | W9: =COAlab!BL12 -> 22 | X9: =(V9/W9)*100 -> 100 | Y9: =OSlab!BK12 -> 36 | Z9: =OSlab!BL12 -> 43 | AA9: =(Y9/Z9)*100 -> 83.72093 | AB9: =DAAlab!BK12 -> 34 | AC9: =DAAlab!BL12 -> 44 | AD9: =(AB9/AC9)*100 -> 77.272727 | AE9: =AB9+Y9+V9+S9+P9+M9+J9+G9+D9 -> 268 | AF9: =AC9+Z9+W9+T9+Q9+N9+K9+H9+E9 -> 308 | AG9: =(AE9/AF9)*100 -> 87.012987
A10: 7 | B10: 2301257 | C10: Ritesh Kumar Choudhary | D10: =DM!BK13 -> 30 | E10: =DM!BL13 -> 45 | F10: =(D10/E10)*100 -> 66.666667 | G10: =COA!BK13 -> 16 | H10: =COA!BL13 -> 30 | I10: =(G10/H10)*100 -> 53.333333 | J10: =OS!BK13 -> 22 | K10: =OS!BL13 -> 33 | L10: =(J10/K10)*100 -> 66.666667 | M10: =DAA!BK13 -> 30 | N10: =DAA!BL13 -> 33 | O10: =(M10/N10)*100 -> 90.909091 | P10: ='UHV2'!BK13 -> 20 | Q10: ='UHV2'!BL13 -> 29 | R10: =(P10/Q10)*100 -> 68.965517 | S10: =EVS!BK13 -> 22 | T10: =EVS!BL13 -> 29 | U10: =(S10/T10)*100 -> 75.862069 | V10: =COAlab!BK13 -> 10 | W10: =COAlab!BL13 -> 22 | X10: =(V10/W10)*100 -> 45.454545 | Y10: =OSlab!BK13 -> 32 | Z10: =OSlab!BL13 -> 43 | AA10: =(Y10/Z10)*100 -> 74.418605 | AB10: =DAAlab!BK13 -> 28 | AC10: =DAAlab!BL13 -> 44 | AD10: =(AB10/AC10)*100 -> 63.636364 | AE10: =AB10+Y10+V10+S10+P10+M10+J10+G10+D10 -> 210 | AF10: =AC10+Z10+W10+T10+Q10+N10+K10+H10+E10 -> 308 | AG10: =(AE10/AF10)*100 -> 68.181818
A11: 8 | B11: 2301258 | C11: Ritesh Thakur | D11: =DM!BK14 -> 8 | E11: =DM!BL14 -> 45 | F11: =(D11/E11)*100 -> 17.777778 | G11: =COA!BK14 -> 1 | H11: =COA!BL14 -> 30 | I11: =(G11/H11)*100 -> 3.3333333 | J11: =OS!BK14 -> 4 | K11: =OS!BL14 -> 33 | L11: =(J11/K11)*100 -> 12.121212 | M11: =DAA!BK14 -> 4 | N11: =DAA!BL14 -> 33 | O11: =(M11/N11)*100 -> 12.121212 | P11: ='UHV2'!BK14 -> 14 | Q11: ='UHV2'!BL14 -> 29 | R11: =(P11/Q11)*100 -> 48.275862 | S11: =EVS!BK14 -> 13 | T11: =EVS!BL14 -> 29 | U11: =(S11/T11)*100 -> 44.827586 | V11: =COAlab!BK14 -> 4 | W11: =COAlab!BL14 -> 22 | X11: =(V11/W11)*100 -> 18.181818 | Y11: =OSlab!BK14 -> 6 | Z11: =OSlab!BL14 -> 43 | AA11: =(Y11/Z11)*100 -> 13.953488 | AB11: =DAAlab!BK14 -> 12 | AC11: =DAAlab!BL14 -> 44 | AD11: =(AB11/AC11)*100 -> 27.272727 | AE11: =AB11+Y11+V11+S11+P11+M11+J11+G11+D11 -> 66 | AF11: =AC11+Z11+W11+T11+Q11+N11+K11+H11+E11 -> 308 | AG11: =(AE11/AF11)*100 -> 21.428571
A12: 9 | B12: 2301259 | C12: Riya Thakur | D12: =DM!BK15 -> 29 | E12: =DM!BL15 -> 45 | F12: =(D12/E12)*100 -> 64.444444 | G12: =COA!BK15 -> 26 | H12: =COA!BL15 -> 30 | I12: =(G12/H12)*100 -> 86.666667 | J12: =OS!BK15 -> 26 | K12: =OS!BL15 -> 33 | L12: =(J12/K12)*100 -> 78.787879 | M12: =DAA!BK15 -> 26 | N12: =DAA!BL15 -> 33 | O12: =(M12/N12)*100 -> 78.787879 | P12: ='UHV2'!BK15 -> 19 | Q12: ='UHV2'!BL15 -> 29 | R12: =(P12/Q12)*100 -> 65.517241 | S12: =EVS!BK15 -> 23 | T12: =EVS!BL15 -> 29 | U12: =(S12/T12)*100 -> 79.310345 | V12: =COAlab!BK15 -> 20 | W12: =COAlab!BL15 -> 22 | X12: =(V12/W12)*100 -> 90.909091 | Y12: =OSlab!BK15 -> 26 | Z12: =OSlab!BL15 -> 43 | AA12: =(Y12/Z12)*100 -> 60.465116 | AB12: =DAAlab!BK15 -> 34 | AC12: =DAAlab!BL15 -> 44 | AD12: =(AB12/AC12)*100 -> 77.272727 | AE12: =AB12+Y12+V12+S12+P12+M12+J12+G12+D12 -> 229 | AF12: =AC12+Z12+W12+T12+Q12+N12+K12+H12+E12 -> 308 | AG12: =(AE12/AF12)*100 -> 74.350649
A13: 10 | B13: 2301260 | C13: Rounit Dhiman | D13: =DM!BK16 -> 34 | E13: =DM!BL16 -> 45 | F13: =(D13/E13)*100 -> 75.555556 | G13: =COA!BK16 -> 26 | H13: =COA!BL16 -> 30 | I13: =(G13/H13)*100 -> 86.666667 | J13: =OS!BK16 -> 28 | K13: =OS!BL16 -> 33 | L13: =(J13/K13)*100 -> 84.848485 | M13: =DAA!BK16 -> 25 | N13: =DAA!BL16 -> 33 | O13: =(M13/N13)*100 -> 75.757576 | P13: ='UHV2'!BK16 -> 22 | Q13: ='UHV2'!BL16 -> 29 | R13: =(P13/Q13)*100 -> 75.862069 | S13: =EVS!BK16 -> 24 | T13: =EVS!BL16 -> 29 | U13: =(S13/T13)*100 -> 82.758621 | V13: =COAlab!BK16 -> 20 | W13: =COAlab!BL16 -> 22 | X13: =(V13/W13)*100 -> 90.909091 | Y13: =OSlab!BK16 -> 38 | Z13: =OSlab!BL16 -> 43 | AA13: =(Y13/Z13)*100 -> 88.372093 | AB13: =DAAlab!BK16 -> 36 | AC13: =DAAlab!BL16 -> 44 | AD13: =(AB13/AC13)*100 -> 81.818182 | AE13: =AB13+Y13+V13+S13+P13+M13+J13+G13+D13 -> 253 | AF13: =AC13+Z13+W13+T13+Q13+N13+K13+H13+E13 -> 308 | AG13: =(AE13/AF13)*100 -> 82.142857
A14: 11 | B14: 2301261 | C14: Rubby Kumari | D14: =DM!BK17 -> 15 | E14: =DM!BL17 -> 45 | F14: =(D14/E14)*100 -> 33.333333 | G14: =COA!BK17 -> 14 | H14: =COA!BL17 -> 30 | I14: =(G14/H14)*100 -> 46.666667 | J14: =OS!BK17 -> 17 | K14: =OS!BL17 -> 33 | L14: =(J14/K14)*100 -> 51.515152 | M14: =DAA!BK17 -> 18 | N14: =DAA!BL17 -> 33 | O14: =(M14/N14)*100 -> 54.545455 | P14: ='UHV2'!BK17 -> 11 | Q14: ='UHV2'!BL17 -> 29 | R14: =(P14/Q14)*100 -> 37.931034 | S14: =EVS!BK17 -> 14 | T14: =EVS!BL17 -> 29 | U14: =(S14/T14)*100 -> 48.275862 | V14: =COAlab!BK17 -> 8 | W14: =COAlab!BL17 -> 22 | X14: =(V14/W14)*100 -> 36.363636 | Y14: =OSlab!BK17 -> 14 | Z14: =OSlab!BL17 -> 43 | AA14: =(Y14/Z14)*100 -> 32.55814 | AB14: =DAAlab!BK17 -> 26 | AC14: =DAAlab!BL17 -> 44 | AD14: =(AB14/AC14)*100 -> 59.090909 | AE14: =AB14+Y14+V14+S14+P14+M14+J14+G14+D14 -> 137 | AF14: =AC14+Z14+W14+T14+Q14+N14+K14+H14+E14 -> 308 | AG14: =(AE14/AF14)*100 -> 44.480519
A15: 12 | B15: 2301262 | C15: Sakshi Devi | D15: =DM!BK18 -> 33 | E15: =DM!BL18 -> 45 | F15: =(D15/E15)*100 -> 73.333333 | G15: =COA!BK18 -> 25 | H15: =COA!BL18 -> 30 | I15: =(G15/H15)*100 -> 83.333333 | J15: =OS!BK18 -> 28 | K15: =OS!BL18 -> 33 | L15: =(J15/K15)*100 -> 84.848485 | M15: =DAA!BK18 -> 25 | N15: =DAA!BL18 -> 33 | O15: =(M15/N15)*100 -> 75.757576 | P15: ='UHV2'!BK18 -> 21 | Q15: ='UHV2'!BL18 -> 29 | R15: =(P15/Q15)*100 -> 72.413793 | S15: =EVS!BK18 -> 25 | T15: =EVS!BL18 -> 29 | U15: =(S15/T15)*100 -> 86.206897 | V15: =COAlab!BK18 -> 20 | W15: =COAlab!BL18 -> 22 | X15: =(V15/W15)*100 -> 90.909091 | Y15: =OSlab!BK18 -> 32 | Z15: =OSlab!BL18 -> 43 | AA15: =(Y15/Z15)*100 -> 74.418605 | AB15: =DAAlab!BK18 -> 32 | AC15: =DAAlab!BL18 -> 44 | AD15: =(AB15/AC15)*100 -> 72.727273 | AE15: =AB15+Y15+V15+S15+P15+M15+J15+G15+D15 -> 241 | AF15: =AC15+Z15+W15+T15+Q15+N15+K15+H15+E15 -> 308 | AG15: =(AE15/AF15)*100 -> 78.246753
... A37: 34 | B37: 2339509 | C37: TOHIED AHMED | D37: =DM!BK40 -> 5 | E37: =DM!BL40 -> 45 | F37: =(D37/E37)*100 -> 11.111111 | G37: =COA!BK40 -> 0 | H37: =COA!BL40 -> 30 | I37: =(G37/H37)*100 -> 0 | J37: =OS!BK40 -> 6 | K37: =OS!BL40 -> 33 | L37: =(J37/K37)*100 -> 18.181818 | M37: =DAA!BK40 -> 3 | N37: =DAA!BL40 -> 33 | O37: =(M37/N37)*100 -> 9.0909091 | P37: ='UHV2'!BK40 -> 1 | Q37: ='UHV2'!BL40 -> 29 | R37: =(P37/Q37)*100 -> 3.4482759 | S37: =EVS!BK40 -> 2 | T37: =EVS!BL40 -> 29 | U37: =(S37/T37)*100 -> 6.8965517 | V37: =COAlab!BK40 -> 0 | W37: =COAlab!BL40 -> 22 | X37: =(V37/W37)*100 -> 0 | Y37: =OSlab!BK40 -> 0 | Z37: =OSlab!BL40 -> 43 | AA37: =(Y37/Z37)*100 -> 0 | AB37: =DAAlab!BK40 -> 2 | AC37: =DAAlab!BL40 -> 44 | AD37: =(AB37/AC37)*100 -> 4.5454545 | AE37: =AB37+Y37+V37+S37+P37+M37+J37+G37+D37 -> 19 | AF37: =AC37+Z37+W37+T37+Q37+N37+K37+H37+E37 -> 308 | AG37: =(AE37/AF37)*100 -> 6.1688312
A38: 35 | B38: Leet | C38: Gagan | D38: =DM!BK41 -> 32 | E38: =DM!BL41 -> 45 | F38: =(D38/E38)*100 -> 71.111111 | G38: =COA!BK41 -> 26 | H38: =COA!BL41 -> 30 | I38: =(G38/H38)*100 -> 86.666667 | J38: =OS!BK41 -> 28 | K38: =OS!BL41 -> 33 | L38: =(J38/K38)*100 -> 84.848485 | M38: =DAA!BK41 -> 29 | N38: =DAA!BL41 -> 33 | O38: =(M38/N38)*100 -> 87.878788 | P38: ='UHV2'!BK41 -> 16 | Q38: ='UHV2'!BL41 -> 29 | R38: =(P38/Q38)*100 -> 55.172414 | S38: =EVS!BK41 -> 26 | T38: =EVS!BL41 -> 29 | U38: =(S38/T38)*100 -> 89.655172 | V38: =COAlab!BK41 -> 22 | W38: =COAlab!BL41 -> 22 | X38: =(V38/W38)*100 -> 100 | Y38: =OSlab!BK41 -> 35 | Z38: =OSlab!BL41 -> 43 | AA38: =(Y38/Z38)*100 -> 81.395349 | AB38: =DAAlab!BK41 -> 34 | AC38: =DAAlab!BL41 -> 44 | AD38: =(AB38/AC38)*100 -> 77.272727 | AE38: =AB38+Y38+V38+S38+P38+M38+J38+G38+D38 -> 248 | AF38: =AC38+Z38+W38+T38+Q38+N38+K38+H38+E38 -> 308 | AG38: =(AE38/AF38)*100 -> 80.519481
A39: 36 | B39: Leet | C39: Manisha | D39: =DM!BK42 -> 39 | E39: =DM!BL42 -> 45 | F39: =(D39/E39)*100 -> 86.666667 | G39: =COA!BK42 -> 28 | H39: =COA!BL42 -> 30 | I39: =(G39/H39)*100 -> 93.333333 | J39: =OS!BK42 -> 29 | K39: =OS!BL42 -> 33 | L39: =(J39/K39)*100 -> 87.878788 | M39: =DAA!BK42 -> 32 | N39: =DAA!BL42 -> 33 | O39: =(M39/N39)*100 -> 96.969697 | P39: ='UHV2'!BK42 -> 22 | Q39: ='UHV2'!BL42 -> 29 | R39: =(P39/Q39)*100 -> 75.862069 | S39: =EVS!BK42 -> 27 | T39: =EVS!BL42 -> 29 | U39: =(S39/T39)*100 -> 93.103448 | V39: =COAlab!BK42 -> 22 | W39: =COAlab!BL42 -> 22 | X39: =(V39/W39)*100 -> 100 | Y39: =OSlab!BK42 -> 37 | Z39: =OSlab!BL42 -> 43 | AA39: =(Y39/Z39)*100 -> 86.046512 | AB39: =DAAlab!BK42 -> 40 | AC39: =DAAlab!BL42 -> 44 | AD39: =(AB39/AC39)*100 -> 90.909091 | AE39: =AB39+Y39+V39+S39+P39+M39+J39+G39+D39 -> 276 | AF39: =AC39+Z39+W39+T39+Q39+N39+K39+H39+E39 -> 308 | AG39: =(AE39/AF39)*100 -> 89.61039
A40: 37 | B40: Leet | C40: Richa | D40: =DM!BK43 -> 31 | E40: =DM!BL43 -> 45 | F40: =(D40/E40)*100 -> 68.888889 | G40: =COA!BK43 -> 27 | H40: =COA!BL43 -> 30 | I40: =(G40/H40)*100 -> 90 | J40: =OS!BK43 -> 29 | K40: =OS!BL43 -> 33 | L40: =(J40/K40)*100 -> 87.878788 | M40: =DAA!BK43 -> 28 | N40: =DAA!BL43 -> 33 | O40: =(M40/N40)*100 -> 84.848485 | P40: ='UHV2'!BK44 -> 20 | Q40: ='UHV2'!BL43 -> 29 | R40: =(P40/Q40)*100 -> 68.965517 | S40: =EVS!BK43 -> 23 | T40: =EVS!BL43 -> 29 | U40: =(S40/T40)*100 -> 79.310345 | V40: =COAlab!BK43 -> 22 | W40: =COAlab!BL43 -> 22 | X40: =(V40/W40)*100 -> 100 | Y40: =OSlab!BK43 -> 27 | Z40: =OSlab!BL43 -> 43 | AA40: =(Y40/Z40)*100 -> 62.790698 | AB40: =DAAlab!BK43 -> 40 | AC40: =DAAlab!BL43 -> 44 | AD40: =(AB40/AC40)*100 -> 90.909091 | AE40: =AB40+Y40+V40+S40+P40+M40+J40+G40+D40 -> 247 | AF40: =AC40+Z40+W40+T40+Q40+N40+K40+H40+E40 -> 308 | AG40: =(AE40/AF40)*100 -> 80.194805
A41: 38 | B41: Leet | C41: Prakriti | D41: =DM!BK44 -> 35 | E41: =DM!BL44 -> 45 | F41: =(D41/E41)*100 -> 77.777778 | G41: =COA!BK44 -> 27 | H41: =COA!BL44 -> 30 | I41: =(G41/H41)*100 -> 90 | J41: =OS!BK44 -> 31 | K41: =OS!BL44 -> 33 | L41: =(J41/K41)*100 -> 93.939394 | M41: =DAA!BK44 -> 31 | N41: =DAA!BL44 -> 33 | O41: =(M41/N41)*100 -> 93.939394 | P41: ='UHV2'!BK44 -> 20 | Q41: ='UHV2'!BL44 -> 29 | R41: =(P41/Q41)*100 -> 68.965517 | S41: =EVS!BK44 -> 24 | T41: =EVS!BL44 -> 29 | U41: =(S41/T41)*100 -> 82.758621 | V41: =COAlab!BK44 -> 18 | W41: =COAlab!BL44 -> 22 | X41: =(V41/W41)*100 -> 81.818182 | Y41: =OSlab!BK44 -> 37 | Z41: =OSlab!BL44 -> 43 | AA41: =(Y41/Z41)*100 -> 86.046512 | AB41: =DAAlab!BK44 -> 38 | AC41: =DAAlab!BL44 -> 44 | AD41: =(AB41/AC41)*100 -> 86.363636 | AE41: =AB41+Y41+V41+S41+P41+M41+J41+G41+D41 -> 261 | AF41: =AC41+Z41+W41+T41+Q41+N41+K41+H41+E41 -> 308 | AG41: =(AE41/AF41)*100 -> 84.74026
A42: 39 | B42: leet | C42: Shubham | D42: =DM!BK45 -> 29 | E42: =DM!BL45 -> 45 | F42: =(D42/E42)*100 -> 64.444444 | G42: =COA!BK45 -> 22 | H42: =COA!BL45 -> 30 | I42: =(G42/H42)*100 -> 73.333333 | J42: =OS!BK45 -> 73 | K42: =OS!BL45 -> 33 | L42: =(J42/K42)*100 -> 221.21212 | M42: =DAA!BK45 -> 25 | N42: =DAA!BL45 -> 33 | O42: =(M42/N42)*100 -> 75.757576 | P42: ='UHV2'!BK45 -> 20 | Q42: ='UHV2'!BL45 -> 29 | R42: =(P42/Q42)*100 -> 68.965517 | S42: =EVS!BK45 -> 24 | T42: =EVS!BL45 -> 29 | U42: =(S42/T42)*100 -> 82.758621 | V42: =COAlab!BK45 -> 16 | W42: =COAlab!BL45 -> 22 | X42: =(V42/W42)*100 -> 72.727273 | Y42: =OSlab!BK45 -> 34 | Z42: =OSlab!BL45 -> 43 | AA42: =(Y42/Z42)*100 -> 79.069767 | AB42: =DAAlab!BK45 -> 32 | AC42: =DAAlab!BL45 -> 44 | AD42: =(AB42/AC42)*100 -> 72.727273 | AE42: =AB42+Y42+V42+S42+P42+M42+J42+G42+D42 -> 275 | AF42: =AC42+Z42+W42+T42+Q42+N42+K42+H42+E42 -> 308 | AG42: =(AE42/AF42)*100 -> 89.285714
A43: 40 | B43: 2301381 | C43: ADITYA | D43: =DM!BK46 -> 35 | E43: =DM!BL46 -> 45 | F43: =(D43/E43)*100 -> 77.777778 | G43: =COA!BK46 -> 29 | H43: =COA!BL46 -> 30 | I43: =(G43/H43)*100 -> 96.666667 | J43: =OS!BK46 -> 33 | K43: =OS!BL46 -> 33 | L43: =(J43/K43)*100 -> 100 | M43: =DAA!BK46 -> 28 | N43: =DAA!BL46 -> 33 | O43: =(M43/N43)*100 -> 84.848485 | P43: ='UHV2'!BK46 -> 26 | Q43: ='UHV2'!BL46 -> 29 | R43: =(P43/Q43)*100 -> 89.655172 | S43: =EVS!BK46 -> 27 | T43: =EVS!BL46 -> 29 | U43: =(S43/T43)*100 -> 93.103448 | V43: =COAlab!BK46 -> 28 | W43: =COAlab!BL46 -> 28 | X43: =(V43/W43)*100 -> 100 | Y43: =OSlab!BK46 -> 36 | Z43: =OSlab!BL46 -> 40 | AA43: =(Y43/Z43)*100 -> 90 | AB43: =DAAlab!BK46 -> 40 | AC43: =DAAlab!BL46 -> 42 | AD43: =(AB43/AC43)*100 -> 95.238095 | AE43: =AB43+Y43+V43+S43+P43+M43+J43+G43+D43 -> 282 | AF43: =AC43+Z43+W43+T43+Q43+N43+K43+H43+E43 -> 309 | AG43: =(AE43/AF43)*100 -> 91.262136
A44: 41 | B44: 2301382 | C44: ANMOL | D44: =DM!BK47 -> 20 | E44: =DM!BL47 -> 45 | F44: =(D44/E44)*100 -> 44.444444 | G44: =COA!BK47 -> 21 | H44: =COA!BL47 -> 30 | I44: =(G44/H44)*100 -> 70 | J44: =OS!BK47 -> 22 | K44: =OS!BL47 -> 33 | L44: =(J44/K44)*100 -> 66.666667 | M44: =DAA!BK47 -> 25 | N44: =DAA!BL47 -> 33 | O44: =(M44/N44)*100 -> 75.757576 | P44: ='UHV2'!BK47 -> 18 | Q44: ='UHV2'!BL47 -> 29 | R44: =(P44/Q44)*100 -> 62.068966 | S44: =EVS!BK47 -> 20 | T44: =EVS!BL47 -> 29 | U44: =(S44/T44)*100 -> 68.965517 | V44: =COAlab!BK47 -> 18 | W44: =COAlab!BL47 -> 28 | X44: =(V44/W44)*100 -> 64.285714 | Y44: =OSlab!BK47 -> 26 | Z44: =OSlab!BL47 -> 40 | AA44: =(Y44/Z44)*100 -> 65 | AB44: =DAAlab!BK47 -> 34 | AC44: =DAAlab!BL47 -> 42 | AD44: =(AB44/AC44)*100 -> 80.952381 | AE44: =AB44+Y44+V44+S44+P44+M44+J44+G44+D44 -> 204 | AF44: =AC44+Z44+W44+T44+Q44+N44+K44+H44+E44 -> 309 | AG44: =(AE44/AF44)*100 -> 66.019417
A45: 42 | B45: 2301383 | C45: AURSH SHARMA | D45: =DM!BK48 -> 34 | E45: =DM!BL48 -> 45 | F45: =(D45/E45)*100 -> 75.555556 | G45: =COA!BK48 -> 23 | H45: =COA!BL48 -> 30 | I45: =(G45/H45)*100 -> 76.666667 | J45: =OS!BK48 -> 25 | K45: =OS!BL48 -> 33 | L45: =(J45/K45)*100 -> 75.757576 | M45: =DAA!BK48 -> 26 | N45: =DAA!BL48 -> 33 | O45: =(M45/N45)*100 -> 78.787879 | P45: ='UHV2'!BK48 -> 21 | Q45: ='UHV2'!BL48 -> 29 | R45: =(P45/Q45)*100 -> 72.413793 | S45: =EVS!BK48 -> 19 | T45: =EVS!BL48 -> 29 | U45: =(S45/T45)*100 -> 65.517241 | V45: =COAlab!BK48 -> 18 | W45: =COAlab!BL48 -> 28 | X45: =(V45/W45)*100 -> 64.285714 | Y45: =OSlab!BK48 -> 26 | Z45: =OSlab!BL48 -> 40 | AA45: =(Y45/Z45)*100 -> 65 | AB45: =DAAlab!BK48 -> 32 | AC45: =DAAlab!BL48 -> 42 | AD45: =(AB45/AC45)*100 -> 76.190476 | AE45: =AB45+Y45+V45+S45+P45+M45+J45+G45+D45 -> 224 | AF45: =AC45+Z45+W45+T45+Q45+N45+K45+H45+E45 -> 309 | AG45: =(AE45/AF45)*100 -> 72.491909
A46: 43 | B46: 2301384 | C46: AVNEET SINGH | D46: =DM!BK49 -> 28 | E46: =DM!BL49 -> 45 | F46: =(D46/E46)*100 -> 62.222222 | G46: =COA!BK49 -> 22 | H46: =COA!BL49 -> 30 | I46: =(G46/H46)*100 -> 73.333333 | J46: =OS!BK49 -> 20 | K46: =OS!BL49 -> 33 | L46: =(J46/K46)*100 -> 60.606061 | M46: =DAA!BK49 -> 23 | N46: =DAA!BL49 -> 33 | O46: =(M46/N46)*100 -> 69.69697 | P46: ='UHV2'!BK49 -> 21 | Q46: ='UHV2'!BL49 -> 29 | R46: =(P46/Q46)*100 -> 72.413793 | S46: =EVS!BK49 -> 18 | T46: =EVS!BL49 -> 29 | U46: =(S46/T46)*100 -> 62.068966 | V46: =COAlab!BK49 -> 16 | W46: =COAlab!BL49 -> 28 | X46: =(V46/W46)*100 -> 57.142857 | Y46: =OSlab!BK49 -> 28 | Z46: =OSlab!BL49 -> 40 | AA46: =(Y46/Z46)*100 -> 70 | AB46: =DAAlab!BK49 -> 30 | AC46: =DAAlab!BL49 -> 42 | AD46: =(AB46/AC46)*100 -> 71.428571 | AE46: =AB46+Y46+V46+S46+P46+M46+J46+G46+D46 -> 206 | AF46: =AC46+Z46+W46+T46+Q46+N46+K46+H46+E46 -> 309 | AG46: =(AE46/AF46)*100 -> 66.666667
A47: 44 | B47: 2301385 | C47: BOBBY | D47: =DM!BK50 -> 26 | E47: =DM!BL50 -> 45 | F47: =(D47/E47)*100 -> 57.777778 | G47: =COA!BK50 -> 23 | H47: =COA!BL50 -> 30 | I47: =(G47/H47)*100 -> 76.666667 | J47: =OS!BK50 -> 25 | K47: =OS!BL50 -> 33 | L47: =(J47/K47)*100 -> 75.757576 | M47: =DAA!BK50 -> 23 | N47: =DAA!BL50 -> 33 | O47: =(M47/N47)*100 -> 69.69697 | P47: ='UHV2'!BK50 -> 25 | Q47: ='UHV2'!BL50 -> 29 | R47: =(P47/Q47)*100 -> 86.206897 | S47: =EVS!BK50 -> 17 | T47: =EVS!BL50 -> 29 | U47: =(S47/T47)*100 -> 58.62069 | V47: =COAlab!BK50 -> 24 | W47: =COAlab!BL50 -> 28 | X47: =(V47/W47)*100 -> 85.714286 | Y47: =OSlab!BK50 -> 30 | Z47: =OSlab!BL50 -> 40 | AA47: =(Y47/Z47)*100 -> 75 | AB47: =DAAlab!BK50 -> 34 | AC47: =DAAlab!BL50 -> 42 | AD47: =(AB47/AC47)*100 -> 80.952381 | AE47: =AB47+Y47+V47+S47+P47+M47+J47+G47+D47 -> 227 | AF47: =AC47+Z47+W47+T47+Q47+N47+K47+H47+E47 -> 309 | AG47: =(AE47/AF47)*100 -> 73.462783
A48: 45 | B48: 2301386 | C48: CHARANJIT SINGH | D48: =DM!BK51 -> 16 | E48: =DM!BL51 -> 45 | F48: =(D48/E48)*100 -> 35.555556 | G48: =COA!BK51 -> 13 | H48: =COA!BL51 -> 30 | I48: =(G48/H48)*100 -> 43.333333 | J48: =OS!BK51 -> 13 | K48: =OS!BL51 -> 33 | L48: =(J48/K48)*100 -> 39.393939 | M48: =DAA!BK51 -> 18 | N48: =DAA!BL51 -> 33 | O48: =(M48/N48)*100 -> 54.545455 | P48: ='UHV2'!BK51 -> 8 | Q48: ='UHV2'!BL51 -> 29 | R48: =(P48/Q48)*100 -> 27.586207 | S48: =EVS!BK51 -> 8 | T48: =EVS!BL51 -> 29 | U48: =(S48/T48)*100 -> 27.586207 | V48: =COAlab!BK51 -> 12 | W48: =COAlab!BL51 -> 28 | X48: =(V48/W48)*100 -> 42.857143 | Y48: =OSlab!BK51 -> 18 | Z48: =OSlab!BL51 -> 40 | AA48: =(Y48/Z48)*100 -> 45 | AB48: =DAAlab!BK51 -> 18 | AC48: =DAAlab!BL51 -> 42 | AD48: =(AB48/AC48)*100 -> 42.857143 | AE48: =AB48+Y48+V48+S48+P48+M48+J48+G48+D48 -> 124 | AF48: =AC48+Z48+W48+T48+Q48+N48+K48+H48+E48 -> 309 | AG48: =(AE48/AF48)*100 -> 40.12945
A49: 46 | B49: 2301387 | C49: INDERBIR SINGH | D49: =DM!BK52 -> 15 | E49: =DM!BL52 -> 45 | F49: =(D49/E49)*100 -> 33.333333 | G49: =COA!BK52 -> 19 | H49: =COA!BL52 -> 30 | I49: =(G49/H49)*100 -> 63.333333 | J49: =OS!BK52 -> 13 | K49: =OS!BL52 -> 33 | L49: =(J49/K49)*100 -> 39.393939 | M49: =DAA!BK52 -> 16 | N49: =DAA!BL52 -> 33 | O49: =(M49/N49)*100 -> 48.484848 | P49: ='UHV2'!BK52 -> 12 | Q49: ='UHV2'!BL52 -> 29 | R49: =(P49/Q49)*100 -> 41.37931 | S49: =EVS!BK52 -> 11 | T49: =EVS!BL52 -> 29 | U49: =(S49/T49)*100 -> 37.931034 | V49: =COAlab!BK52 -> 16 | W49: =COAlab!BL52 -> 28 | X49: =(V49/W49)*100 -> 57.142857 | Y49: =OSlab!BK52 -> 22 | Z49: =OSlab!BL52 -> 40 | AA49: =(Y49/Z49)*100 -> 55 | AB49: =DAAlab!BK52 -> 24 | AC49: =DAAlab!BL52 -> 42 | AD49: =(AB49/AC49)*100 -> 57.142857 | AE49: =AB49+Y49+V49+S49+P49+M49+J49+G49+D49 -> 148 | AF49: =AC49+Z49+W49+T49+Q49+N49+K49+H49+E49 -> 309 | AG49: =(AE49/AF49)*100 -> 47.89644
A50: 47 | B50: 2301389 | C50: JASMEEN | D50: =DM!BK53 -> 27 | E50: =DM!BL53 -> 45 | F50: =(D50/E50)*100 -> 60 | G50: =COA!BK53 -> 14 | H50: =COA!BL53 -> 30 | I50: =(G50/H50)*100 -> 46.666667 | J50: =OS!BK53 -> 19 | K50: =OS!BL53 -> 33 | L50: =(J50/K50)*100 -> 57.575758 | M50: =DAA!BK53 -> 24 | N50: =DAA!BL53 -> 33 | O50: =(M50/N50)*100 -> 72.727273 | P50: ='UHV2'!BK53 -> 12 | Q50: ='UHV2'!BL53 -> 29 | R50: =(P50/Q50)*100 -> 41.37931 | S50: =EVS!BK53 -> 14 | T50: =EVS!BL53 -> 29 | U50: =(S50/T50)*100 -> 48.275862 | V50: =COAlab!BK53 -> 20 | W50: =COAlab!BL53 -> 28 | X50: =(V50/W50)*100 -> 71.428571 | Y50: =OSlab!BK53 -> 20 | Z50: =OSlab!BL53 -> 40 | AA50: =(Y50/Z50)*100 -> 50 | AB50: =DAAlab!BK53 -> 32 | AC50: =DAAlab!BL53 -> 42 | AD50: =(AB50/AC50)*100 -> 76.190476 | AE50: =AB50+Y50+V50+S50+P50+M50+J50+G50+D50 -> 182 | AF50: =AC50+Z50+W50+T50+Q50+N50+K50+H50+E50 -> 309 | AG50: =(AE50/AF50)*100 -> 58.899676
A51: 48 | B51: 2301390 | C51: KUNDAN | D51: =DM!BK54 -> 30 | E51: =DM!BL54 -> 45 | F51: =(D51/E51)*100 -> 66.666667 | G51: =COA!BK54 -> 28 | H51: =COA!BL54 -> 30 | I51: =(G51/H51)*100 -> 93.333333 | J51: =OS!BK54 -> 23 | K51: =OS!BL54 -> 33 | L51: =(J51/K51)*100 -> 69.69697 | M51: =DAA!BK54 -> 23 | N51: =DAA!BL54 -> 33 | O51: =(M51/N51)*100 -> 69.69697 | P51: ='UHV2'!BK54 -> 21 | Q51: ='UHV2'!BL54 -> 29 | R51: =(P51/Q51)*100 -> 72.413793 | S51: =EVS!BK54 -> 26 | T51: =EVS!BL54 -> 29 | U51: =(S51/T51)*100 -> 89.655172 | V51: =COAlab!BK54 -> 20 | W51: =COAlab!BL54 -> 28 | X51: =(V51/W51)*100 -> 71.428571 | Y51: =OSlab!BK54 -> 36 | Z51: =OSlab!BL54 -> 40 | AA51: =(Y51/Z51)*100 -> 90 | AB51: =DAAlab!BK54 -> 30 | AC51: =DAAlab!BL54 -> 42 | AD51: =(AB51/AC51)*100 -> 71.428571 | AE51: =AB51+Y51+V51+S51+P51+M51+J51+G51+D51 -> 237 | AF51: =AC51+Z51+W51+T51+Q51+N51+K51+H51+E51 -> 309 | AG51: =(AE51/AF51)*100 -> 76.699029
A52: 49 | B52: 2301391 | C52: MANVEER SINGH | D52: =DM!BK55 -> 33 | E52: =DM!BL55 -> 45 | F52: =(D52/E52)*100 -> 73.333333 | G52: =COA!BK55 -> 22 | H52: =COA!BL55 -> 30 | I52: =(G52/H52)*100 -> 73.333333 | J52: =OS!BK55 -> 25 | K52: =OS!BL55 -> 33 | L52: =(J52/K52)*100 -> 75.757576 | M52: =DAA!BK55 -> 26 | N52: =DAA!BL55 -> 33 | O52: =(M52/N52)*100 -> 78.787879 | P52: ='UHV2'!BK55 -> 17 | Q52: ='UHV2'!BL55 -> 29 | R52: =(P52/Q52)*100 -> 58.62069 | S52: =EVS!BK55 -> 20 | T52: =EVS!BL55 -> 29 | U52: =(S52/T52)*100 -> 68.965517 | V52: =COAlab!BK55 -> 26 | W52: =COAlab!BL55 -> 28 | X52: =(V52/W52)*100 -> 92.857143 | Y52: =OSlab!BK55 -> 26 | Z52: =OSlab!BL55 -> 40 | AA52: =(Y52/Z52)*100 -> 65 | AB52: =DAAlab!BK55 -> 28 | AC52: =DAAlab!BL55 -> 42 | AD52: =(AB52/AC52)*100 -> 66.666667 | AE52: =AB52+Y52+V52+S52+P52+M52+J52+G52+D52 -> 223 | AF52: =AC52+Z52+W52+T52+Q52+N52+K52+H52+E52 -> 309 | AG52: =(AE52/AF52)*100 -> 72.168285
A53: 50 | B53: 2301392 | C53: MOHIT KUMAR | D53: =DM!BK56 -> 26 | E53: =DM!BL56 -> 45 | F53: =(D53/E53)*100 -> 57.777778 | G53: =COA!BK56 -> 19 | H53: =COA!BL56 -> 30 | I53: =(G53/H53)*100 -> 63.333333 | J53: =OS!BK56 -> 19 | K53: =OS!BL56 -> 33 | L53: =(J53/K53)*100 -> 57.575758 | M53: =DAA!BK56 -> 26 | N53: =DAA!BL56 -> 33 | O53: =(M53/N53)*100 -> 78.787879 | P53: ='UHV2'!BK56 -> 17 | Q53: ='UHV2'!BL56 -> 29 | R53: =(P53/Q53)*100 -> 58.62069 | S53: =EVS!BK56 -> 16 | T53: =EVS!BL56 -> 29 | U53: =(S53/T53)*100 -> 55.172414 | V53: =COAlab!BK56 -> 12 | W53: =COAlab!BL56 -> 28 | X53: =(V53/W53)*100 -> 42.857143 | Y53: =OSlab!BK56 -> 16 | Z53: =OSlab!BL56 -> 40 | AA53: =(Y53/Z53)*100 -> 40 | AB53: =DAAlab!BK56 -> 20 | AC53: =DAAlab!BL56 -> 42 | AD53: =(AB53/AC53)*100 -> 47.619048 | AE53: =AB53+Y53+V53+S53+P53+M53+J53+G53+D53 -> 171 | AF53: =AC53+Z53+W53+T53+Q53+N53+K53+H53+E53 -> 309 | AG53: =(AE53/AF53)*100 -> 55.339806
A54: 51 | B54: 2301393 | C54: NAVNEET | D54: =DM!BK57 -> 16 | E54: =DM!BL57 -> 45 | F54: =(D54/E54)*100 -> 35.555556 | G54: =COA!BK57 -> 13 | H54: =COA!BL57 -> 30 | I54: =(G54/H54)*100 -> 43.333333 | J54: =OS!BK57 -> 11 | K54: =OS!BL57 -> 33 | L54: =(J54/K54)*100 -> 33.333333 | M54: =DAA!BK57 -> 15 | N54: =DAA!BL57 -> 33 | O54: =(M54/N54)*100 -> 45.454545 | P54: ='UHV2'!BK57 -> 11 | Q54: ='UHV2'!BL57 -> 29 | R54: =(P54/Q54)*100 -> 37.931034 | S54: =EVS!BK57 -> 3 | T54: =EVS!BL57 -> 29 | U54: =(S54/T54)*100 -> 10.344828 | V54: =COAlab!BK57 -> 10 | W54: =COAlab!BL57 -> 28 | X54: =(V54/W54)*100 -> 35.714286 | Y54: =OSlab!BK57 -> 10 | Z54: =OSlab!BL57 -> 40 | AA54: =(Y54/Z54)*100 -> 25 | AB54: =DAAlab!BK57 -> 16 | AC54: =DAAlab!BL57 -> 42 | AD54: =(AB54/AC54)*100 -> 38.095238 | AE54: =AB54+Y54+V54+S54+P54+M54+J54+G54+D54 -> 105 | AF54: =AC54+Z54+W54+T54+Q54+N54+K54+H54+E54 -> 309 | AG54: =(AE54/AF54)*100 -> 33.980583
... A73: 70 | B73: 2322673 | C73: USMAN ALI | D73: =DM!BK76 -> 22 | E73: =DM!BL76 -> 45 | F73: =(D73/E73)*100 -> 48.888889 | G73: =COA!BK76 -> 17 | H73: =COA!BL76 -> 30 | I73: =(G73/H73)*100 -> 56.666667 | J73: =OS!BK76 -> 19 | K73: =OS!BL76 -> 33 | L73: =(J73/K73)*100 -> 57.575758 | M73: =DAA!BK76 -> 22 | N73: =DAA!BL76 -> 33 | O73: =(M73/N73)*100 -> 66.666667 | P73: ='UHV2'!BK76 -> 16 | Q73: ='UHV2'!BL76 -> 29 | R73: =(P73/Q73)*100 -> 55.172414 | S73: =EVS!BK76 -> 12 | T73: =EVS!BL76 -> 29 | U73: =(S73/T73)*100 -> 41.37931 | V73: =COAlab!BK76 -> 20 | W73: =COAlab!BL76 -> 28 | X73: =(V73/W73)*100 -> 71.428571 | Y73: =OSlab!BK76 -> 20 | Z73: =OSlab!BL76 -> 40 | AA73: =(Y73/Z73)*100 -> 50 | AB73: =DAAlab!BK76 -> 30 | AC73: =DAAlab!BL76 -> 42 | AD73: =(AB73/AC73)*100 -> 71.428571 | AE73: =AB73+Y73+V73+S73+P73+M73+J73+G73+D73 -> 178 | AF73: =AC73+Z73+W73+T73+Q73+N73+K73+H73+E73 -> 309 | AG73: =(AE73/AF73)*100 -> 57.605178

Sheet INTERNAL
A1: =OVERALL!A1 -> ATTENDANCE RECORD JAN-JUNE 2025 (B.Tech CSE 4B)
A2: S.No. | B2: Reg No. | C2: Name of Student | D2: DM | E2: COA | F2: OS | G2: DAA | H2: UHV2 | I2: EVS | J2: COA LAB | K2: OS LAB | L2: DAA LAB
A3: 1 | B3: =OVERALL!B4 -> 2301249 | C3: =OVERALL!C4 -> Rahul Sharma | D3: =DM!BW7 -> 16.666667 | E3: =COA!BW7 -> 25.5 | F3: =OS!BW7 -> 20.833333 | G3: =DAA!BW7 -> 26.166667 | H3: ='UHV2'!BW7 -> 21.166667 | I3: =EVS!BW7 -> 27.75 | J3: =COAlab!BS7 -> 16.3125 | K3: =OSlab!BS7 -> 17.5 | L3: =DAAlab!BS7 -> 20.2
A4: 2 | B4: =OVERALL!B5 -> 2301251 | C4: =OVERALL!C5 -> Raj Kumar | D4: =DM!BW8 -> 16 | E4: =COA!BW8 -> 20 | F4: =OS!BW8 -> 15.166667 | G4: =DAA!BW8 -> 18.833333 | H4: ='UHV2'!BW8 -> 13.333333 | I4: =EVS!BW8 -> 16.583333 | J4: =COAlab!BS8 -> 15.625 | K4: =OSlab!BS8 -> 21.833333 | L4: =DAAlab!BS8 -> 20.3
A5: 3 | B5: =OVERALL!B6 -> 2301252 | C5: =OVERALL!C6 -> Rajan Sharma | D5: =DM!BW9 -> 22.333333 | E5: =COA!BW9 -> 18.833333 | F5: =OS!BW9 -> 24.666667 | G5: =DAA!BW9 -> 17.833333 | H5: ='UHV2'!BW9 -> 20.166667 | I5: =EVS!BW9 -> 23.083333 | J5: =COAlab!BS9 -> 18.75 | K5: =OSlab!BS9 -> 21.333333 | L5: =DAAlab!BS9 -> 18.2
A6: 4 | B6: =OVERALL!B7 -> 2301253 | C6: =OVERALL!C7 -> Rajwinder Kaur | D6: =DM!BW10 -> 27.166667 | E6: =COA!BW10 -> 32.833333 | F6: =OS!BW10 -> 22.5 | G6: =DAA!BW10 -> 30.333333 | H6: ='UHV2'!BW10 -> 21.666667 | I6: =EVS!BW10 -> 33.666667 | J6: =COAlab!BS10 -> 22.833333 | K6: =OSlab!BS10 -> 20.666667 | L6: =DAAlab!BS10 -> 24.5
A7: 5 | B7: =OVERALL!B8 -> 2301255 | C7: =OVERALL!C8 -> Ravi Bhushan Kumar | D7: =DM!BW11 -> 30 | E7: =COA!BW11 -> 36.166667 | F7: =OS!BW11 -> 23.333333 | G7: =DAA!BW11 -> 34.833333 | H7: ='UHV2'!BW11 -> 24.666667 | I7: =EVS!BW11 -> 33.583333 | J7: =COAlab!BS11 -> 27.020833 | K7: =OSlab!BS11 -> 26.166667 | L7: =DAAlab!BS11 -> 26.7
A8: 6 | B8: =OVERALL!B9 -> 2301256 | C8: =OVERALL!C9 -> Reshma | D8: =DM!BW12 -> 26.666667 | E8: =COA!BW12 -> 32.5 | F8: =OS!BW12 -> 27 | G8: =DAA!BW12 -> 26.666667 | H8: ='UHV2'!BW12 -> 23.5 | I8: =EVS!BW12 -> 28.583333 | J8: =COAlab!BS12 -> 26.854167 | K8: =OSlab!BS12 -> 22.833333 | L8: =DAAlab!BS12 -> 20.9
A9: 7 | B9: =OVERALL!B10 -> 2301257 | C9: =OVERALL!C10 -> Ritesh Kumar Choudhary | D9: =DM!BW13 -> 23 | E9: =COA!BW13 -> 21.5 | F9: =OS!BW13 -> 26.333333 | G9: =DAA!BW13 -> 32.166667 | H9: ='UHV2'!BW13 -> 20.5 | I9: =EVS!BW13 -> 23.75 | J9: =COAlab!BS13 -> 14.020833 | K9: =OSlab!BS13 -> 18.833333 | L9: =DAAlab!BS13 -> 16.3
A10: 8 | B10: =OVERALL!B11 -> 2301258 | C10: =OVERALL!C11 -> Ritesh Thakur | D10: =DM!BW14 -> 11.5 | E10: =COA!BW14 -> 8.5 | F10: =OS!BW14 -> 13.166667 | G10: =DAA!BW14 -> 7.8333333 | H10: ='UHV2'!BW14 -> 10.333333 | I10: =EVS!BW14 -> 6.75 | J10: =COAlab!BS14 -> 0 | K10: =OSlab!BS14 -> 0 | L10: =DAAlab!BS14 -> 3.4
A11: 9 | B11: =OVERALL!B12 -> 2301259 | C11: =OVERALL!C12 -> Riya Thakur | D11: =DM!BW15 -> 24.5 | E11: =COA!BW15 -> 33.166667 | F11: =OS!BW15 -> 21.166667 | G11: =DAA!BW15 -> 25.833333 | H11: ='UHV2'!BW15 -> 19 | I11: =EVS!BW15 -> 26.666667 | J11: =COAlab!BS15 -> 26.6875 | K11: =OSlab!BS15 -> 19.166667 | L11: =DAAlab!BS15 -> 22.1
A12: 10 | B12: =OVERALL!B13 -> 2301260 | C12: =OVERALL!C13 -> Rounit Dhiman | D12: =DM!BW16 -> 28.166667 | E12: =COA!BW16 -> 29.5 | F12: =OS!BW16 -> 26.166667 | G12: =DAA!BW16 -> 21.333333 | H12: ='UHV2'!BW16 -> 20 | I12: =EVS!BW16 -> 28.083333 | J12: =COAlab!BS16 -> 23.125 | K12: =OSlab!BS16 -> 23 | L12: =DAAlab!BS16 -> 20.5
A13: 11 | B13: =OVERALL!B14 -> 2301261 | C13: =OVERALL!C14 -> Rubby Kumari | D13: =DM!BW17 -> 7.1666667 | E13: =COA!BW17 -> 17.333333 | F13: =OS!BW17 -> 18.166667 | G13: =DAA!BW17 -> 12.833333 | H13: ='UHV2'!BW17 -> 14.666667 | I13: =EVS!BW17 -> 18.583333 | J13: =COAlab!BS17 -> 15.5 | K13: =OSlab!BS17 -> 11 | L13: =DAAlab!BS17 -> 15.4
A14: 12 | B14: =OVERALL!B15 -> 2301262 | C14: =OVERALL!C15 -> Sakshi Devi | D14: =DM!BW18 -> 14.166667 | E14: =COA!BW18 -> 20.666667 | F14: =OS!BW18 -> 15.333333 | G14: =DAA!BW18 -> 17.166667 | H14: ='UHV2'!BW18 -> 17.666667 | I14: =EVS!BW18 -> 27.833333 | J14: =COAlab!BS18 -> 21.1875 | K14: =OSlab!BS18 -> 19 | L14: =DAAlab!BS18 -> 20.8
... A72: 70 | B72: =OVERALL!B73 -> 2322673 | C72: =OVERALL!C73 -> USMAN ALI | D72: =DM!BW76 -> 17.5 | E72: =COA!BW76 -> 18.5 | F72: =OS!BW76 -> 18.166667 | G72: =DAA!BW76 -> 15.5 | H72: ='UHV2'!BW76 -> 13.166667 | I72: =EVS!BW76 -> 24.5 | J72: =COAlab!BS76 -> 16.645833 | K72: =OSlab!BS76 -> 18 | L72: =DAAlab!BS76 -> 17.545455
A73: HIGHEST MARKS | D73: =MAX(D3:D72) -> 36.333333 | E73: =MAX(E3:E72) -> 36.333333 | F73: =MAX(F3:F72) -> 32.833333 | G73: =MAX(G3:G72) -> 36.333333 | H73: =MAX(H3:H72) -> 35.5 | I73: =MAX(I3:I72) -> 37.25 | J73: =MAX(J3:J72) -> 27.083333 | K73: =MAX(K3:K72) -> 26.833333 | L73: =MAX(L3:L72) -> 27.2
A74: LOWEST MARKS | D74: =MIN(D3:D72) -> 0 | E74: =MIN(E3:E72) -> 0 | F74: =MIN(F3:F72) -> 0 | G74: =MIN(G3:G72) -> 0 | H74: =MIN(H3:H72) -> 0 | I74: =MIN(I3:I72) -> 0 | J74: =MIN(J3:J72) -> 0 | K74: =MIN(K3:K72) -> 0 | L74: =MIN(L3:L72) -> 0
A75: AVG INTERNAL | D75: =AVERAGE(D3:D72) -> 19.140476 | E75: =AVERAGE(E3:E72) -> 25.507143 | F75: =AVERAGE(F3:F72) -> 20.195238 | G75: =AVERAGE(G3:G72) -> 22.683333 | H75: =AVERAGE(H3:H72) -> 20.77381 | I75: =AVERAGE(I3:I72) -> 24.94881 | J75: =AVERAGE(J3:J72) -> 19.577679 | K75: =AVERAGE(K3:K72) -> 18.764286 | L75: =AVERAGE(L3:L72) -> 19.470606
A76: NAME OF SUBJECT INCHARGE | D76: Ms. Ritika Agnihotri | E76: =COA!A4 -> Mr. Sukhdayal Dhanday | F76: =OS!A4 -> Dr. Sandeep Ranjan | G76: =DAA!A4 -> Ms. Monika Gharu | H76: ='UHV2'!A4 -> Ms. Simranjit | I76: =EVS!A4 -> Ms. Simranjit Kaur | J76: =COAlab!A4 -> Mr. Sukhdayal Dhanday | K76: =OSlab!A4 -> Ms. Shaveta, Ms. Ranjana | L76: =DAA!A4 -> Ms. Monika Gharu

Sheet DAA
A1: =OVERALL!A1 -> ATTENDANCE RECORD JAN-JUNE 2025 (B.Tech CSE 4B) | BH1: CTIEMT : Evaluation Sheet for Internal Awards (Theory)
BH2: Session: JAN TO JUNE 2025
BH3: Department: CSE | BP3: Semester: B.TECH 4B
A4: Ms. Monika Gharu | BH4: Subject Name: Design and Analysis of Algorithms | BP4: Subject Code: BTCS 403-18
A5: DATE | BB5: PRESENT | BC5: DL (IF ANY) | BD5: Total Attended | BE5: Total Delievered | BF5: PERCENTAGE | BH5: S.No. | BI5: Reg No. | BJ5: Name of Student | BK5: Total Lec Att | BL5: Total Lec Del | BM5: Att %age | BN5: Att Marks (6) | BO5: MST I (24) | BP5: MST II (24) | BQ5: Average MST I & II (24) | BR5: Assignments | BU5: Assignments AVG (10) | BV5: Marathon | BW5: Grand Total (40)
A6: S.No. | B6: Reg No. | C6: Name of Student | D6: 1 | E6: 2 | F6: 3 | G6: 4 | H6: 5 | I6: 6 | J6: 7 | K6: 8 | L6: 9 | M6: 10 | N6: 11 | O6: 12 | P6: 13 | Q6: 14 | R6: 15 | S6: 16 | T6: 17 | U6: 18 | V6: 19 | W6: 20 | X6: 21 | Y6: 22 | Z6: 23 | AA6: 24 | AB6: 25 | AC6: 26 | AD6: 27 | AE6: 28 | AF6: 29 | AG6: 30 | AH6: 31 | AI6: 32 | AJ6: 33 | AK6: 34 | AL6: 35 | AM6: 36 | AN6: 37 | AO6: 38 | AP6: 39 | AQ6: 40 | AR6: 41 | AS6: 42 | AT6: 43 | AU6: 44 | AV6: 45 | AW6: 46 | AX6: 47 | AY6: 48 | AZ6: 49 | BA6: 50 | BR6: 1 | BS6: 2 | BT6: 3
A7: 1 | B7: =OVERALL!B4 -> 2301249 | C7: =OVERALL!C4 -> Rahul Sharma | BB7: 29 | BC7: 1 | BD7: =BB7+BC7 -> 30 | BE7: 33 | BF7: =(BD7/BE7)*100 -> 90.909091 | BH7: 1 | BI7: =OVERALL!B4 -> 2301249 | BJ7: =OVERALL!C4 -> Rahul Sharma | BK7: =BD7 -> 30 | BL7: =BE7 -> 33 | BM7: =(BK7/BL7)*100 -> 90.909091 | BN7: =IF(BM7>=95.5,"6",IF(BM7>=90.5,"5", IF(BM7>=85.5,"4",IF(BM7>=80.5,"3",IF(BM7>=75.5,"2","0"))))) -> 5 | BO7: 6 | BP7: 11 | BQ7: =ROUND((BO7+BP7)/2, 2) -> 8.5 | BR7: 8 | BS7: 8 | BT7: 7 | BU7: =(BT7+BS7+BR7)/3 -> 7.6666667 | BV7: 5 | BW7: =BV7+BU7+BQ7+BN7 -> 26.166667
A8: 2 | B8: =OVERALL!B5 -> 2301251 | C8: =OVERALL!C5 -> Raj Kumar | BB8: 21 | BD8: =BB8+BC8 -> 21 | BE8: 33 | BF8: =(BD8/BE8)*100 -> 63.636364 | BH8: 2 | BI8: =OVERALL!B5 -> 2301251 | BJ8: =OVERALL!C5 -> Raj Kumar | BK8: =BD8 -> 21 | BL8: =BE8 -> 33 | BM8: =(BK8/BL8)*100 -> 63.636364 | BN8: =IF(BM8>=95.5,"6",IF(BM8>=90.5,"5", IF(BM8>=85.5,"4",IF(BM8>=80.5,"3",IF(BM8>=75.5,"2","0"))))) -> 0 | BO8: 11 | BP8: 10 | BQ8: =ROUND((BO8+BP8)/2, 2) -> 10.5 | BR8: 8 | BS8: 8 | BT8: 9 | BU8: =(BT8+BS8+BR8)/3 -> 8.3333333 | BW8: =BV8+BU8+BQ8+BN8 -> 18.833333
A9: 3 | B9: =OVERALL!B6 -> 2301252 | C9: =OVERALL!C6 -> Rajan Sharma | BB9: 22 | BD9: =BB9+BC9 -> 22 | BE9: 33 | BF9: =(BD9/BE9)*100 -> 66.666667 | BH9: 3 | BI9: =OVERALL!B6 -> 2301252 | BJ9: =OVERALL!C6 -> Rajan Sharma | BK9: =BD9 -> 22 | BL9: =BE9 -> 33 | BM9: =(BK9/BL9)*100 -> 66.666667 | BN9: =IF(BM9>=95.5,"6",IF(BM9>=90.5,"5", IF(BM9>=85.5,"4",IF(BM9>=80.5,"3",IF(BM9>=75.5,"2","0"))))) -> 0 | BO9: 3 | BP9: 16 | BQ9: =ROUND((BO9+BP9)/2, 2) -> 9.5 | BR9: 8 | BS9: 8 | BT9: 9 | BU9: =(BT9+BS9+BR9)/3 -> 8.3333333 | BW9: =BV9+BU9+BQ9+BN9 -> 17.833333
A10: 4 | B10: =OVERALL!B7 -> 2301253 | C10: =OVERALL!C7 -> Rajwinder Kaur | BB10: 25 | BC10: 1 | BD10: =BB10+BC10 -> 26 | BE10: 33 | BF10: =(BD10/BE10)*100 -> 78.787879 | BH10: 4 | BI10: =OVERALL!B7 -> 2301253 | BJ10: =OVERALL!C7 -> Rajwinder Kaur | BK10: =BD10 -> 26 | BL10: =BE10 -> 33 | BM10: =(BK10/BL10)*100 -> 78.787879 | BN10: =IF(BM10>=95.5,"6",IF(BM10>=90.5,"5", IF(BM10>=85.5,"4",IF(BM10>=80.5,"3",IF(BM10>=75.5,"2","0"))))) -> 2 | BO10: 18 | BP10: 22 | BQ10: =ROUND((BO10+BP10)/2, 2) -> 20 | BR10: 8 | BS10: 8 | BT10: 9 | BU10: =(BT10+BS10+BR10)/3 -> 8.3333333 | BW10: =BV10+BU10+BQ10+BN10 -> 30.333333
A11: 5 | B11: =OVERALL!B8 -> 2301255 | C11: =OVERALL!C8 -> Ravi Bhushan Kumar | BB11: 27 | BD11: =BB11+BC11 -> 27 | BE11: 33 | BF11: =(BD11/BE11)*100 -> 81.818182 | BH11: 5 | BI11: =OVERALL!B8 -> 2301255 | BJ11: =OVERALL!C8 -> Ravi Bhushan Kumar | BK11: =BD11 -> 27 | BL11: =BE11 -> 33 | BM11: =(BK11/BL11)*100 -> 81.818182 | BN11: =IF(BM11>=95.5,"6",IF(BM11>=90.5,"5", IF(BM11>=85.5,"4",IF(BM11>=80.5,"3",IF(BM11>=75.5,"2","0"))))) -> 3 | BO11: 18 | BP11: 17 | BQ11: =ROUND((BO11+BP11)/2, 2) -> 17.5 | BR11: 9 | BS11: 9 | BT11: 10 | BU11: =(BT11+BS11+BR11)/3 -> 9.3333333 | BV11: 5 | BW11: =BV11+BU11+BQ11+BN11 -> 34.833333
A12: 6 | B12: =OVERALL!B9 -> 2301256 | C12: =OVERALL!C9 -> Reshma | BB12: 31 | BD12: =BB12+BC12 -> 31 | BE12: 33 | BF12: =(BD12/BE12)*100 -> 93.939394 | BH12: 6 | BI12: =OVERALL!B9 -> 2301256 | BJ12: =OVERALL!C9 -> Reshma | BK12: =BD12 -> 31 | BL12: =BE12 -> 33 | BM12: =(BK12/BL12)*100 -> 93.939394 | BN12: =IF(BM12>=95.5,"6",IF(BM12>=90.5,"5", IF(BM12>=85.5,"4",IF(BM12>=80.5,"3",IF(BM12>=75.5,"2","0"))))) -> 5 | BO12: 11 | BP12: 17 | BQ12: =ROUND((BO12+BP12)/2, 2) -> 14 | BR12: 7 | BS12: 8 | BT12: 8 | BU12: =(BT12+BS12+BR12)/3 -> 7.6666667 | BW12: =BV12+BU12+BQ12+BN12 -> 26.666667
A13: 7 | B13: =OVERALL!B10 -> 2301257 | C13: =OVERALL!C10 -> Ritesh Kumar Choudhary | BB13: 25 | BC13: 5 | BD13: =BB13+BC13 -> 30 | BE13: 33 | BF13: =(BD13/BE13)*100 -> 90.909091 | BH13: 7 | BI13: =OVERALL!B10 -> 2301257 | BJ13: =OVERALL!C10 -> Ritesh Kumar Choudhary | BK13: =BD13 -> 30 | BL13: =BE13 -> 33 | BM13: =(BK13/BL13)*100 -> 90.909091 | BN13: =IF(BM13>=95.5,"6",IF(BM13>=90.5,"5", IF(BM13>=85.5,"4",IF(BM13>=80.5,"3",IF(BM13>=75.5,"2","0"))))) -> 5 | BO13: 10 | BP13: 17 | BQ13: =ROUND((BO13+BP13)/2, 2) -> 13.5 | BR13: 8 | BS13: 9 | BT13: 9 | BU13: =(BT13+BS13+BR13)/3 -> 8.6666667 | BV13: 5 | BW13: =BV13+BU13+BQ13+BN13 -> 32.166667
A14: 8 | B14: =OVERALL!B11 -> 2301258 | C14: =OVERALL!C11 -> Ritesh Thakur | BB14: 2 | BC14: 2 | BD14: =BB14+BC14 -> 4 | BE14: 33 | BF14: =(BD14/BE14)*100 -> 12.121212 | BH14: 8 | BI14: =OVERALL!B11 -> 2301258 | BJ14: =OVERALL!C11 -> Ritesh Thakur | BK14: =BD14 -> 4 | BL14: =BE14 -> 33 | BM14: =(BK14/BL14)*100 -> 12.121212 | BN14: =IF(BM14>=95.5,"6",IF(BM14>=90.5,"5", IF(BM14>=85.5,"4",IF(BM14>=80.5,"3",IF(BM14>=75.5,"2","0"))))) -> 0 | BO14: 0 | BP14: 11 | BQ14: =ROUND((BO14+BP14)/2, 2) -> 5.5 | BR14: 7 | BS14: 0 | BT14: 0 | BU14: =(BT14+BS14+BR14)/3 -> 2.3333333 | BW14: =BV14+BU14+BQ14+BN14 -> 7.8333333
A15: 9 | B15: =OVERALL!B12 -> 2301259 | C15: =OVERALL!C12 -> Riya Thakur | BB15: 26 | BD15: =BB15+BC15 -> 26 | BE15: 33 | BF15: =(BD15/BE15)*100 -> 78.787879 | BH15: 9 | BI15: =OVERALL!B12 -> 2301259 | BJ15: =OVERALL!C12 -> Riya Thakur | BK15: =BD15 -> 26 | BL15: =BE15 -> 33 | BM15: =(BK15/BL15)*100 -> 78.787879 | BN15: =IF(BM15>=95.5,"6",IF(BM15>=90.5,"5", IF(BM15>=85.5,"4",IF(BM15>=80.5,"3",IF(BM15>=75.5,"2","0"))))) -> 2 | BO15: 15 | BP15: 16 | BQ15: =ROUND((BO15+BP15)/2, 2) -> 15.5 | BR15: 8 | BS15: 8 | BT15: 9 | BU15: =(BT15+BS15+BR15)/3 -> 8.3333333 | BW15: =BV15+BU15+BQ15+BN15 -> 25.833333
A16: 10 | B16: =OVERALL!B13 -> 2301260 | C16: =OVERALL!C13 -> Rounit Dhiman | BB16: 25 | BD16: =BB16+BC16 -> 25 | BE16: 33 | BF16: =(BD16/BE16)*100 -> 75.757576 | BH16: 10 | BI16: =OVERALL!B13 -> 2301260 | BJ16: =OVERALL!C13 -> Rounit Dhiman | BK16: =BD16 -> 25 | BL16: =BE16 -> 33 | BM16: =(BK16/BL16)*100 -> 75.757576 | BN16: =IF(BM16>=95.5,"6",IF(BM16>=90.5,"5", IF(BM16>=85.5,"4",IF(BM16>=80.5,"3",IF(BM16>=75.5,"2","0"))))) -> 2 | BO16: 1 | BP16: 11 | BQ16: =ROUND((BO16+BP16)/2, 2) -> 6 | BR16: 8 | BS16: 8 | BT16: 9 | BU16: =(BT16+BS16+BR16)/3 -> 8.3333333 | BV16: 5 | BW16: =BV16+BU16+BQ16+BN16 -> 21.333333
A17: 11 | B17: =OVERALL!B14 -> 2301261 | C17: =OVERALL!C14 -> Rubby Kumari | BB17: 18 | BD17: =BB17+BC17 -> 18 | BE17: 33 | BF17: =(BD17/BE17)*100 -> 54.545455 | BH17: 11 | BI17: =OVERALL!B14 -> 2301261 | BJ17: =OVERALL!C14 -> Rubby Kumari | BK17: =BD17 -> 18 | BL17: =BE17 -> 33 | BM17: =(BK17/BL17)*100 -> 54.545455 | BN17: =IF(BM17>=95.5,"6",IF(BM17>=90.5,"5", IF(BM17>=85.5,"4",IF(BM17>=80.5,"3",IF(BM17>=75.5,"2","0"))))) -> 0 | BO17: 5 | BP17: 10 | BQ17: =ROUND((BO17+BP17)/2, 2) -> 7.5 | BR17: 9 | BS17: 7 | BT17: 0 | BU17: =(BT17+BS17+BR17)/3 -> 5.3333333 | BW17: =BV17+BU17+BQ17+BN17 -> 12.833333
A18: 12 | B18: =OVERALL!B15 -> 2301262 | C18: =OVERALL!C15 -> Sakshi Devi | BB18: 25 | BD18: =BB18+BC18 -> 25 | BE18: 33 | BF18: =(BD18/BE18)*100 -> 75.757576 | BH18: 12 | BI18: =OVERALL!B15 -> 2301262 | BJ18: =OVERALL!C15 -> Sakshi Devi | BK18: =BD18 -> 25 | BL18: =BE18 -> 33 | BM18: =(BK18/BL18)*100 -> 75.757576 | BN18: =IF(BM18>=95.5,"6",IF(BM18>=90.5,"5", IF(BM18>=85.5,"4",IF(BM18>=80.5,"3",IF(BM18>=75.5,"2","0"))))) -> 2 | BO18: 0 | BP18: 15 | BQ18: =ROUND((BO18+BP18)/2, 2) -> 7.5 | BR18: 7 | BS18: 7 | BT18: 9 | BU18: =(BT18+BS18+BR18)/3 -> 7.6666667 | BW18: =BV18+BU18+BQ18+BN18 -> 17.166667
A19: 13 | B19: =OVERALL!B16 -> 2301263 | C19: =OVERALL!C16 -> Sanchi Sharma | BB19: 32 | BD19: =BB19+BC19 -> 32 | BE19: 33 | BF19: =(BD19/BE19)*100 -> 96.969697 | BH19: 13 | BI19: =OVERALL!B16 -> 2301263 | BJ19: =OVERALL!C16 -> Sanchi Sharma | BK19: =BD19 -> 32 | BL19: =BE19 -> 33 | BM19: =(BK19/BL19)*100 -> 96.969697 | BN19: =IF(BM19>=95.5,"6",IF(BM19>=90.5,"5", IF(BM19>=85.5,"4",IF(BM19>=80.5,"3",IF(BM19>=75.5,"2","0"))))) -> 6 | BO19: 10 | BP19: 16 | BQ19: =ROUND((BO19+BP19)/2, 2) -> 13 | BR19: 8 | BS19: 8 | BT19: 9 | BU19: =(BT19+BS19+BR19)/3 -> 8.3333333 | BV19: 5 | BW19: =BV19+BU19+BQ19+BN19 -> 32.333333
A20: 14 | B20: =OVERALL!B17 -> 2301264 | C20: =OVERALL!C17 -> Sarbjit Singh | BB20: 20 | BD20: =BB20+BC20 -> 20 | BE20: 33 | BF20: =(BD20/BE20)*100 -> 60.606061 | BH20: 14 | BI20: =OVERALL!B17 -> 2301264 | BJ20: =OVERALL!C17 -> Sarbjit Singh | BK20: =BD20 -> 20 | BL20: =BE20 -> 33 | BM20: =(BK20/BL20)*100 -> 60.606061 | BN20: =IF(BM20>=95.5,"6",IF(BM20>=90.5,"5", IF(BM20>=85.5,"4",IF(BM20>=80.5,"3",IF(BM20>=75.5,"2","0"))))) -> 0 | BO20: 0 | BP20: 8 | BQ20: =ROUND((BO20+BP20)/2, 2) -> 4 | BR20: 8 | BS20: 8 | BT20: 9 | BU20: =(BT20+BS20+BR20)/3 -> 8.3333333 | BV20: 5 | BW20: =BV20+BU20+BQ20+BN20 -> 17.333333
A21: 15 | B21: =OVERALL!B18 -> 2301265 | C21: =OVERALL!C18 -> Sarif Mayangmayum | BB21: 26 | BD21: =BB21+BC21 -> 26 | BE21: 33 | BF21: =(BD21/BE21)*100 -> 78.787879 | BH21: 15 | BI21: =OVERALL!B18 -> 2301265 | BJ21: =OVERALL!C18 -> Sarif Mayangmayum | BK21: =BD21 -> 26 | BL21: =BE21 -> 33 | BM21: =(BK21/BL21)*100 -> 78.787879 | BN21: =IF(BM21>=95.5,"6",IF(BM21>=90.5,"5", IF(BM21>=85.5,"4",IF(BM21>=80.5,"3",IF(BM21>=75.5,"2","0"))))) -> 2 | BO21: 16 | BP21: 15 | BQ21: =ROUND((BO21+BP21)/2, 2) -> 15.5 | BR21: 8 | BS21: 8 | BT21: 9 | BU21: =(BT21+BS21+BR21)/3 -> 8.3333333 | BW21: =BV21+BU21+BQ21+BN21 -> 25.833333
A22: 16 | B22: =OVERALL!B19 -> 2301267 | C22: =OVERALL!C19 -> Shivam Kumar Chaubey | BB22: 28 | BD22: =BB22+BC22 -> 28 | BE22: 33 | BF22: =(BD22/BE22)*100 -> 84.848485 | BH22: 16 | BI22: =OVERALL!B19 -> 2301267 | BJ22: =OVERALL!C19 -> Shivam Kumar Chaubey | BK22: =BD22 -> 28 | BL22: =BE22 -> 33 | BM22: =(BK22/BL22)*100 -> 84.848485 | BN22: =IF(BM22>=95.5,"6",IF(BM22>=90.5,"5", IF(BM22>=85.5,"4",IF(BM22>=80.5,"3",IF(BM22>=75.5,"2","0"))))) -> 3 | BO22: 7 | BP22: 15 | BQ22: =ROUND((BO22+BP22)/2, 2) -> 11 | BR22: 9 | BS22: 8 | BT22: 9 | BU22: =(BT22+BS22+BR22)/3 -> 8.6666667 | BV22: 5 | BW22: =BV22+BU22+BQ22+BN22 -> 27.666667
A23: 17 | B23: =OVERALL!B20 -> 2301268 | C23: =OVERALL!C20 -> Simba Godfrey | BB23: 26 | BD23: =BB23+BC23 -> 26 | BE23: 33 | BF23: =(BD23/BE23)*100 -> 78.787879 | BH23: 17 | BI23: =OVERALL!B20 -> 2301268 | BJ23: =OVERALL!C20 -> Simba Godfrey | BK23: =BD23 -> 26 | BL23: =BE23 -> 33 | BM23: =(BK23/BL23)*100 -> 78.787879 | BN23: =IF(BM23>=95.5,"6",IF(BM23>=90.5,"5", IF(BM23>=85.5,"4",IF(BM23>=80.5,"3",IF(BM23>=75.5,"2","0"))))) -> 2 | BO23: 9 | BP23: 10 | BQ23: =ROUND((BO23+BP23)/2, 2) -> 9.5 | BR23: 8 | BS23: 9 | BT23: 9 | BU23: =(BT23+BS23+BR23)/3 -> 8.6666667 | BV23: 5 | BW23: =BV23+BU23+BQ23+BN23 -> 25.166667
A24: 18 | B24: =OVERALL!B21 -> 2301269 | C24: =OVERALL!C21 -> Simran Kaur | BB24: 27 | BD24: =BB24+BC24 -> 27 | BE24: 33 | BF24: =(BD24/BE24)*100 -> 81.818182 | BH24: 18 | BI24: =OVERALL!B21 -> 2301269 | BJ24: =OVERALL!C21 -> Simran Kaur | BK24: =BD24 -> 27 | BL24: =BE24 -> 33 | BM24: =(BK24/BL24)*100 -> 81.818182 | BN24: =IF(BM24>=95.5,"6",IF(BM24>=90.5,"5", IF(BM24>=85.5,"4",IF(BM24>=80.5,"3",IF(BM24>=75.5,"2","0"))))) -> 3 | BO24: 14 | BP24: 21 | BQ24: =ROUND((BO24+BP24)/2, 2) -> 17.5 | BR24: 9 | BS24: 9 | BT24: 9 | BU24: =(BT24+BS24+BR24)/3 -> 9 | BW24: =BV24+BU24+BQ24+BN24 -> 29.5
A25: 19 | B25: =OVERALL!B22 -> 2301270 | C25: =OVERALL!C22 -> Simranjit Singh | BB25: 25 | BC25: 2 | BD25: =BB25+BC25 -> 27 | BE25: 33 | BF25: =(BD25/BE25)*100 -> 81.818182 | BH25: 19 | BI25: =OVERALL!B22 -> 2301270 | BJ25: =OVERALL!C22 -> Simranjit Singh | BK25: =BD25 -> 27 | BL25: =BE25 -> 33 | BM25: =(BK25/BL25)*100 -> 81.818182 | BN25: =IF(BM25>=95.5,"6",IF(BM25>=90.5,"5", IF(BM25>=85.5,"4",IF(BM25>=80.5,"3",IF(BM25>=75.5,"2","0"))))) -> 3 | BO25: 6 | BP25: 19 | BQ25: =ROUND((BO25+BP25)/2, 2) -> 12.5 | BR25: 9 | BS25: 9 | BT25: 9 | BU25: =(BT25+BS25+BR25)/3 -> 9 | BV25: 5 | BW25: =BV25+BU25+BQ25+BN25 -> 29.5
A26: 20 | B26: =OVERALL!B23 -> 2301271 | C26: =OVERALL!C23 -> Sudip Sunar | BB26: 26 | BD26: =BB26+BC26 -> 26 | BE26: 33 | BF26: =(BD26/BE26)*100 -> 78.787879 | BH26: 20 | BI26: =OVERALL!B23 -> 2301271 | BJ26: =OVERALL!C23 -> Sudip Sunar | BK26: =BD26 -> 26 | BL26: =BE26 -> 33 | BM26: =(BK26/BL26)*100 -> 78.787879 | BN26: =IF(BM26>=95.5,"6",IF(BM26>=90.5,"5", IF(BM26>=85.5,"4",IF(BM26>=80.5,"3",IF(BM26>=75.5,"2","0"))))) -> 2 | BO26: 8 | BP26: 14 | BQ26: =ROUND((BO26+BP26)/2, 2) -> 11 | BR26: 8 | BS26: 8 | BT26: 7 | BU26: =(BT26+BS26+BR26)/3 -> 7.6666667 | BW26: =BV26+BU26+BQ26+BN26 -> 20.666667
A27: 21 | B27: =OVERALL!B24 -> 2301272 | C27: =OVERALL!C24 -> Sujal Sharma | BB27: 7 | BD27: =BB27+BC27 -> 7 | BE27: 33 | BF27: =(BD27/BE27)*100 -> 21.212121 | BH27: 21 | BI27: =OVERALL!B24 -> 2301272 | BJ27: =OVERALL!C24 -> Sujal Sharma | BK27: =BD27 -> 7 | BL27: =BE27 -> 33 | BM27: =(BK27/BL27)*100 -> 21.212121 | BN27: =IF(BM27>=95.5,"6",IF(BM27>=90.5,"5", IF(BM27>=85.5,"4",IF(BM27>=80.5,"3",IF(BM27>=75.5,"2","0"))))) -> 0 | BO27: 0 | BP27: 0 | BQ27: =ROUND((BO27+BP27)/2, 2) -> 0 | BR27: 0 | BS27: 0 | BT27: 0 | BU27: =(BT27+BS27+BR27)/3 -> 0 | BW27: =BV27+BU27+BQ27+BN27 -> 0
A28: 22 | B28: =OVERALL!B25 -> 2301273 | C28: =OVERALL!C25 -> Sukhraj Singh | BB28: 21 | BC28: 1 | BD28: =BB28+BC28 -> 22 | BE28: 33 | BF28: =(BD28/BE28)*100 -> 66.666667 | BH28: 22 | BI28: =OVERALL!B25 -> 2301273 | BJ28: =OVERALL!C25 -> Sukhraj Singh | BK28: =BD28 -> 22 | BL28: =BE28 -> 33 | BM28: =(BK28/BL28)*100 -> 66.666667 | BN28: =IF(BM28>=95.5,"6",IF(BM28>=90.5,"5", IF(BM28>=85.5,"4",IF(BM28>=80.5,"3",IF(BM28>=75.5,"2","0"))))) -> 0 | BO28: 0 | BP28: 0 | BQ28: =ROUND((BO28+BP28)/2, 2) -> 0 | BR28: 8 | BS28: 9 | BT28: 9 | BU28: =(BT28+BS28+BR28)/3 -> 8.6666667 | BV28: 5 | BW28: =BV28+BU28+BQ28+BN28 -> 13.666667
A29: 23 | B29: =OVERALL!B26 -> 2301274 | C29: =OVERALL!C26 -> Sukhreet Kaur | BB29: 24 | BC29: 1 | BD29: =BB29+BC29 -> 25 | BE29: 33 | BF29: =(BD29/BE29)*100 -> 75.757576 | BH29: 23 | BI29: =OVERALL!B26 -> 2301274 | BJ29: =OVERALL!C26 -> Sukhreet Kaur | BK29: =BD29 -> 25 | BL29: =BE29 -> 33 | BM29: =(BK29/BL29)*100 -> 75.757576 | BN29: =IF(BM29>=95.5,"6",IF(BM29>=90.5,"5", IF(BM29>=85.5,"4",IF(BM29>=80.5,"3",IF(BM29>=75.5,"2","0"))))) -> 2 | BO29: 12 | BP29: 19 | BQ29: =ROUND((BO29+BP29)/2, 2) -> 15.5 | BR29: 7 | BS29: 8 | BT29: 9 | BU29: =(BT29+BS29+BR29)/3 -> 8 | BW29: =BV29+BU29+BQ29+BN29 -> 25.5
A30: 24 | B30: =OVERALL!B27 -> 2301275 | C30: =OVERALL!C27 -> Suman Krishna | BB30: 21 | BC30: 2 | BD30: =BB30+BC30 -> 23 | BE30: 33 | BF30: =(BD30/BE30)*100 -> 69.69697 | BH30: 24 | BI30: =OVERALL!B27 -> 2301275 | BJ30: =OVERALL!C27 -> Suman Krishna | BK30: =BD30 -> 23 | BL30: =BE30 -> 33 | BM30: =(BK30/BL30)*100 -> 69.69697 | BN30: =IF(BM30>=95.5,"6",IF(BM30>=90.5,"5", IF(BM30>=85.5,"4",IF(BM30>=80.5,"3",IF(BM30>=75.5,"2","0"))))) -> 0 | BO30: 8 | BP30: 18 | BQ30: =ROUND((BO30+BP30)/2, 2) -> 13 | BR30: 9 | BS30: 9 | BT30: 9 | BU30: =(BT30+BS30+BR30)/3 -> 9 | BV30: 5 | BW30: =BV30+BU30+BQ30+BN30 -> 27
A31: 25 | B31: =OVERALL!B28 -> 2301277 | C31: =OVERALL!C28 -> Tamana | BB31: 24 | BD31: =BB31+BC31 -> 24 | BE31: 33 | BF31: =(BD31/BE31)*100 -> 72.727273 | BH31: 25 | BI31: =OVERALL!B28 -> 2301277 | BJ31: =OVERALL!C28 -> Tamana | BK31: =BD31 -> 24 | BL31: =BE31 -> 33 | BM31: =(BK31/BL31)*100 -> 72.727273 | BN31: =IF(BM31>=95.5,"6",IF(BM31>=90.5,"5", IF(BM31>=85.5,"4",IF(BM31>=80.5,"3",IF(BM31>=75.5,"2","0"))))) -> 0 | BO31: 10 | BP31: 16 | BQ31: =ROUND((BO31+BP31)/2, 2) -> 13 | BR31: 8 | BS31: 9 | BT31: 8 | BU31: =(BT31+BS31+BR31)/3 -> 8.3333333 | BV31: 5 | BW31: =BV31+BU31+BQ31+BN31 -> 26.333333
A32: 26 | B32: =OVERALL!B29 -> 2301278 | C32: =OVERALL!C29 -> Tamana Farooq Khanday | BB32: 9 | BD32: =BB32+BC32 -> 9 | BE32: 33 | BF32: =(BD32/BE32)*100 -> 27.272727 | BH32: 26 | BI32: =OVERALL!B29 -> 2301278 | BJ32: =OVERALL!C29 -> Tamana Farooq Khanday | BK32: =BD32 -> 9 | BL32: =BE32 -> 33 | BM32: =(BK32/BL32)*100 -> 27.272727 | BN32: =IF(BM32>=95.5,"6",IF(BM32>=90.5,"5", IF(BM32>=85.5,"4",IF(BM32>=80.5,"3",IF(BM32>=75.5,"2","0"))))) -> 0 | BO32: 0 | BP32: 14 | BQ32: =ROUND((BO32+BP32)/2, 2) -> 7 | BR32: 8 | BS32: 9 | BT32: 9 | BU32: =(BT32+BS32+BR32)/3 -> 8.6666667 | BW32: =BV32+BU32+BQ32+BN32 -> 15.666667
A33: 27 | B33: =OVERALL!B30 -> 2301279 | C33: =OVERALL!C30 -> Tania | BB33: 29 | BD33: =BB33+BC33 -> 29 | BE33: 33 | BF33: =(BD33/BE33)*100 -> 87.878788 | BH33: 27 | BI33: =OVERALL!B30 -> 2301279 | BJ33: =OVERALL!C30 -> Tania | BK33: =BD33 -> 29 | BL33: =BE33 -> 33 | BM33: =(BK33/BL33)*100 -> 87.878788 | BN33: =IF(BM33>=95.5,"6",IF(BM33>=90.5,"5", IF(BM33>=85.5,"4",IF(BM33>=80.5,"3",IF(BM33>=75.5,"2","0"))))) -> 4 | BO33: 10 | BP33: 17 | BQ33: =ROUND((BO33+BP33)/2, 2) -> 13.5 | BR33: 7 | BS33: 8 | BT33: 9 | BU33: =(BT33+BS33+BR33)/3 -> 8 | BW33: =BV33+BU33+BQ33+BN33 -> 25.5
A34: 28 | B34: =OVERALL!B31 -> 2301280 | C34: =OVERALL!C31 -> Taniya | BB34: 23 | BD34: =BB34+BC34 -> 23 | BE34: 33 | BF34: =(BD34/BE34)*100 -> 69.69697 | BH34: 28 | BI34: =OVERALL!B31 -> 2301280 | BJ34: =OVERALL!C31 -> Taniya | BK34: =BD34 -> 23 | BL34: =BE34 -> 33 | BM34: =(BK34/BL34)*100 -> 69.69697 | BN34: =IF(BM34>=95.5,"6",IF(BM34>=90.5,"5", IF(BM34>=85.5,"4",IF(BM34>=80.5,"3",IF(BM34>=75.5,"2","0"))))) -> 0 | BO34: 6 | BP34: 15 | BQ34: =ROUND((BO34+BP34)/2, 2) -> 10.5 | BR34: 8 | BS34: 9 | BT34: 9 | BU34: =(BT34+BS34+BR34)/3 -> 8.6666667 | BW34: =BV34+BU34+BQ34+BN34 -> 19.166667
A35: 29 | B35: =OVERALL!B32 -> 2301281 | C35: =OVERALL!C32 -> Taziko Trakha | BB35: 24 | BD35: =BB35+BC35 -> 24 | BE35: 33 | BF35: =(BD35/BE35)*100 -> 72.727273 | BH35: 29 | BI35: =OVERALL!B32 -> 2301281 | BJ35: =OVERALL!C32 -> Taziko Trakha | BK35: =BD35 -> 24 | BL35: =BE35 -> 33 | BM35: =(BK35/BL35)*100 -> 72.727273 | BN35: =IF(BM35>=95.5,"6",IF(BM35>=90.5,"5", IF(BM35>=85.5,"4",IF(BM35>=80.5,"3",IF(BM35>=75.5,"2","0"))))) -> 0 | BO35: 10 | BP35: 12 | BQ35: =ROUND((BO35+BP35)/2, 2) -> 11 | BR35: 7 | BS35: 7 | BT35: 9 | BU35: =(BT35+BS35+BR35)/3 -> 7.6666667 | BW35: =BV35+BU35+BQ35+BN35 -> 18.666667
A36: 30 | B36: =OVERALL!B33 -> 2301283 | C36: =OVERALL!C33 -> Vaibhav Shahi | BB36: 22 | BC36: 2 | BD36: =BB36+BC36 -> 24 | BE36: 33 | BF36: =(BD36/BE36)*100 -> 72.727273 | BH36: 30 | BI36: =OVERALL!B33 -> 2301283 | BJ36: =OVERALL!C33 -> Vaibhav Shahi | BK36: =BD36 -> 24 | BL36: =BE36 -> 33 | BM36: =(BK36/BL36)*100 -> 72.727273 | BN36: =IF(BM36>=95.5,"6",IF(BM36>=90.5,"5", IF(BM36>=85.5,"4",IF(BM36>=80.5,"3",IF(BM36>=75.5,"2","0"))))) -> 0 | BO36: 0 | BP36: 0 | BQ36: =ROUND((BO36+BP36)/2, 2) -> 0 | BR36: 8 | BS36: 8 | BT36: 9 | BU36: =(BT36+BS36+BR36)/3 -> 8.3333333 | BW36: =BV36+BU36+BQ36+BN36 -> 8.3333333
A37: 31 | B37: =OVERALL!B34 -> 2301285 | C37: =OVERALL!C34 -> Vansh Sharma | BB37: 9 | BD37: =BB37+BC37 -> 9 | BE37: 33 | BF37: =(BD37/BE37)*100 -> 27.272727 | BH37: 31 | BI37: =OVERALL!B34 -> 2301285 | BJ37: =OVERALL!C34 -> Vansh Sharma | BK37: =BD37 -> 9 | BL37: =BE37 -> 33 | BM37: =(BK37/BL37)*100 -> 27.272727 | BN37: =IF(BM37>=95.5,"6",IF(BM37>=90.5,"5", IF(BM37>=85.5,"4",IF(BM37>=80.5,"3",IF(BM37>=75.5,"2","0"))))) -> 0 | BO37: 0 | BP37: 0 | BQ37: =ROUND((BO37+BP37)/2, 2) -> 0 | BR37: 8 | BS37: 0 | BT37: 0 | BU37: =(BT37+BS37+BR37)/3 -> 2.6666667 | BW37: =BV37+BU37+BQ37+BN37 -> 2.6666667
A38: 32 | B38: =OVERALL!B35 -> 2301286 | C38: =OVERALL!C35 -> Vikramjit Singh | BB38: =COUNTIF(D38:BA38,"P") -> 0 | BD38: =BB38+BC38 -> 0 | BE38: 33 | BF38: =(BD38/BE38)*100 -> 0 | BH38: 32 | BI38: =OVERALL!B35 -> 2301286 | BJ38: =OVERALL!C35 -> Vikramjit Singh | BK38: =BD38 -> 0 | BL38: =BE38 -> 33 | BM38: =(BK38/BL38)*100 -> 0 | BN38: =IF(BM38>=95.5,"6",IF(BM38>=90.5,"5", IF(BM38>=85.5,"4",IF(BM38>=80.5,"3",IF(BM38>=75.5,"2","0"))))) -> 0 | BO38: 0 | BP38: 0 | BQ38: =ROUND((BO38+BP38)/2, 2) -> 0 | BR38: 0 | BS38: 0 | BT38: 0 | BU38: =(BT38+BS38+BR38)/3 -> 0 | BW38: =BV38+BU38+BQ38+BN38 -> 0
A39: 33 | B39: =OVERALL!B36 -> 2339508 | C39: =OVERALL!C36 -> TANISHA | BB39: 25 | BD39: =BB39+BC39 -> 25 | BE39: 33 | BF39: =(BD39/BE39)*100 -> 75.757576 | BH39: 33 | BI39: =OVERALL!B36 -> 2339508 | BJ39: =OVERALL!C36 -> TANISHA | BK39: =BD39 -> 25 | BL39: =BE39 -> 33 | BM39: =(BK39/BL39)*100 -> 75.757576 | BN39: =IF(BM39>=95.5,"6",IF(BM39>=90.5,"5", IF(BM39>=85.5,"4",IF(BM39>=80.5,"3",IF(BM39>=75.5,"2","0"))))) -> 2 | BO39: 8 | BP39: 17 | BQ39: =ROUND((BO39+BP39)/2, 2) -> 12.5 | BR39: 8 | BS39: 8 | BT39: 9 | BU39: =(BT39+BS39+BR39)/3 -> 8.3333333 | BV39: 5 | BW39: =BV39+BU39+BQ39+BN39 -> 27.833333
A40: 34 | B40: =OVERALL!B37 -> 2339509 | C40: =OVERALL!C37 -> TOHIED AHMED | BB40: 3 | BD40: =BB40+BC40 -> 3 | BE40: 33 | BF40: =(BD40/BE40)*100 -> 9.0909091 | BH40: 34 | BI40: =OVERALL!B37 -> 2339509 | BJ40: =OVERALL!C37 -> TOHIED AHMED | BK40: =BD40 -> 3 | BL40: =BE40 -> 33 | BM40: =(BK40/BL40)*100 -> 9.0909091 | BN40: =IF(BM40>=95.5,"6",IF(BM40>=90.5,"5", IF(BM40>=85.5,"4",IF(BM40>=80.5,"3",IF(BM40>=75.5,"2","0"))))) -> 0 | BO40: 0 | BP40: 0 | BQ40: =ROUND((BO40+BP40)/2, 2) -> 0 | BR40: 0 | BS40: 0 | BT40: 0 | BU40: =(BT40+BS40+BR40)/3 -> 0 | BW40: =BV40+BU40+BQ40+BN40 -> 0
A41: 35 | B41: =OVERALL!B38 -> Leet | C41: =OVERALL!C38 -> Gagan | BB41: 29 | BD41: =BB41+BC41 -> 29 | BE41: 33 | BF41: =(BD41/BE41)*100 -> 87.878788 | BH41: 35 | BI41: =OVERALL!B38 -> Leet | BJ41: =OVERALL!C38 -> Gagan | BK41: =BD41 -> 29 | BL41: =BE41 -> 33 | BM41: =(BK41/BL41)*100 -> 87.878788 | BN41: =IF(BM41>=95.5,"6",IF(BM41>=90.5,"5", IF(BM41>=85.5,"4",IF(BM41>=80.5,"3",IF(BM41>=75.5,"2","0"))))) -> 4 | BO41: 11 | BP41: 18 | BQ41: =ROUND((BO41+BP41)/2, 2) -> 14.5 | BR41: 9 | BS41: 9 | BT41: 9 | BU41: =(BT41+BS41+BR41)/3 -> 9 | BV41: 5 | BW41: =BV41+BU41+BQ41+BN41 -> 32.5
A42: 36 | B42: =OVERALL!B39 -> Leet | C42: =OVERALL!C39 -> Manisha | BB42: 32 | BD42: =BB42+BC42 -> 32 | BE42: 33 | BF42: =(BD42/BE42)*100 -> 96.969697 | BH42: 36 | BI42: =OVERALL!B39 -> Leet | BJ42: =OVERALL!C39 -> Manisha | BK42: =BD42 -> 32 | BL42: =BE42 -> 33 | BM42: =(BK42/BL42)*100 -> 96.969697 | BN42: =IF(BM42>=95.5,"6",IF(BM42>=90.5,"5", IF(BM42>=85.5,"4",IF(BM42>=80.5,"3",IF(BM42>=75.5,"2","0"))))) -> 6 | BO42: 14 | BP42: 21 | BQ42: =ROUND((BO42+BP42)/2, 2) -> 17.5 | BR42: 9 | BS42: 9 | BT42: 9 | BU42: =(BT42+BS42+BR42)/3 -> 9 | BV42: 3 | BW42: =BV42+BU42+BQ42+BN42 -> 35.5
A43: 37 | B43: =OVERALL!B40 -> Leet | C43: =OVERALL!C40 -> Richa | BB43: 28 | BD43: =BB43+BC43 -> 28 | BE43: 33 | BF43: =(BD43/BE43)*100 -> 84.848485 | BH43: 37 | BI43: =OVERALL!B40 -> Leet | BJ43: =OVERALL!C40 -> Richa | BK43: =BD43 -> 28 | BL43: =BE43 -> 33 | BM43: =(BK43/BL43)*100 -> 84.848485 | BN43: =IF(BM43>=95.5,"6",IF(BM43>=90.5,"5", IF(BM43>=85.5,"4",IF(BM43>=80.5,"3",IF(BM43>=75.5,"2","0"))))) -> 3 | BO43: 16 | BP43: 18 | BQ43: =ROUND((BO43+BP43)/2, 2) -> 17 | BR43: 9 | BS43: 9 | BT43: 9 | BU43: =(BT43+BS43+BR43)/3 -> 9 | BV43: 5 | BW43: =BV43+BU43+BQ43+BN43 -> 34
A44: 38 | B44: =OVERALL!B41 -> Leet | C44: =OVERALL!C41 -> Prakriti | BB44: 31 | BD44: =BB44+BC44 -> 31 | BE44: 33 | BF44: =(BD44/BE44)*100 -> 93.939394 | BH44: 38 | BI44: =OVERALL!B41 -> Leet | BJ44: =OVERALL!C41 -> Prakriti | BK44: =BD44 -> 31 | BL44: =BE44 -> 33 | BM44: =(BK44/BL44)*100 -> 93.939394 | BN44: =IF(BM44>=95.5,"6",IF(BM44>=90.5,"5", IF(BM44>=85.5,"4",IF(BM44>=80.5,"3",IF(BM44>=75.5,"2","0"))))) -> 5 | BO44: 12 | BP44: 20 | BQ44: =ROUND((BO44+BP44)/2, 2) -> 16 | BR44: 8 | BS44: 9 | BT44: 9 | BU44: =(BT44+BS44+BR44)/3 -> 8.6666667 | BV44: 5 | BW44: =BV44+BU44+BQ44+BN44 -> 34.666667
A45: 39 | B45: =OVERALL!B42 -> leet | C45: =OVERALL!C42 -> Shubham | BB45: 25 | BD45: =BB45+BC45 -> 25 | BE45: 33 | BF45: =(BD45/BE45)*100 -> 75.757576 | BH45: 39 | BI45: =OVERALL!B42 -> leet | BJ45: =OVERALL!C42 -> Shubham | BK45: =BD45 -> 25 | BL45: =BE45 -> 33 | BM45: =(BK45/BL45)*100 -> 75.757576 | BN45: =IF(BM45>=95.5,"6",IF(BM45>=90.5,"5", IF(BM45>=85.5,"4",IF(BM45>=80.5,"3",IF(BM45>=75.5,"2","0"))))) -> 2 | BO45: 3 | BP45: 14 | BQ45: =ROUND((BO45+BP45)/2, 2) -> 8.5 | BR45: 9 | BS45: 8 | BT45: 9 | BU45: =(BT45+BS45+BR45)/3 -> 8.6666667 | BV45: 5 | BW45: =BV45+BU45+BQ45+BN45 -> 24.166667
A46: 40 | B46: =OVERALL!B43 -> 2301381 | C46: =OVERALL!C43 -> ADITYA | BB46: 28 | BD46: =BB46+BC46 -> 28 | BE46: 33 | BF46: =(BD46/BE46)*100 -> 84.848485 | BH46: 40 | BI46: =OVERALL!B43 -> 2301381 | BJ46: =OVERALL!C43 -> ADITYA | BK46: =BD46 -> 28 | BL46: =BE46 -> 33 | BM46: =(BK46/BL46)*100 -> 84.848485 | BN46: =IF(BM46>=95.5,"6",IF(BM46>=90.5,"5", IF(BM46>=85.5,"4",IF(BM46>=80.5,"3",IF(BM46>=75.5,"2","0"))))) -> 3 | BO46: 14 | BP46: 17 | BQ46: =ROUND((BO46+BP46)/2, 2) -> 15.5 | BR46: 9 | BS46: 9 | BT46: 9 | BU46: =(BT46+BS46+BR46)/3 -> 9 | BV46: 5 | BW46: =BV46+BU46+BQ46+BN46 -> 32.5
A47: 41 | B47: =OVERALL!B44 -> 2301382 | C47: =OVERALL!C44 -> ANMOL | BB47: 25 | BD47: =BB47+BC47 -> 25 | BE47: 33 | BF47: =(BD47/BE47)*100 -> 75.757576 | BH47: 41 | BI47: =OVERALL!B44 -> 2301382 | BJ47: =OVERALL!C44 -> ANMOL | BK47: =BD47 -> 25 | BL47: =BE47 -> 33 | BM47: =(BK47/BL47)*100 -> 75.757576 | BN47: =IF(BM47>=95.5,"6",IF(BM47>=90.5,"5", IF(BM47>=85.5,"4",IF(BM47>=80.5,"3",IF(BM47>=75.5,"2","0"))))) -> 2 | BO47: 11 | BP47: 16 | BQ47: =ROUND((BO47+BP47)/2, 2) -> 13.5 | BR47: 8 | BS47: 9 | BT47: 9 | BU47: =(BT47+BS47+BR47)/3 -> 8.6666667 | BW47: =BV47+BU47+BQ47+BN47 -> 24.166667
A48: 42 | B48: =OVERALL!B45 -> 2301383 | C48: =OVERALL!C45 -> AURSH SHARMA | BB48: 26 | BD48: =BB48+BC48 -> 26 | BE48: 33 | BF48: =(BD48/BE48)*100 -> 78.787879 | BH48: 42 | BI48: =OVERALL!B45 -> 2301383 | BJ48: =OVERALL!C45 -> AURSH SHARMA | BK48: =BD48 -> 26 | BL48: =BE48 -> 33 | BM48: =(BK48/BL48)*100 -> 78.787879 | BN48: =IF(BM48>=95.5,"6",IF(BM48>=90.5,"5", IF(BM48>=85.5,"4",IF(BM48>=80.5,"3",IF(BM48>=75.5,"2","0"))))) -> 2 | BO48: 13 | BP48: 18 | BQ48: =ROUND((BO48+BP48)/2, 2) -> 15.5 | BR48: 9 | BS48: 9 | BT48: 9 | BU48: =(BT48+BS48+BR48)/3 -> 9 | BV48: 5 | BW48: =BV48+BU48+BQ48+BN48 -> 31.5
A49: 43 | B49: =OVERALL!B46 -> 2301384 | C49: =OVERALL!C46 -> AVNEET SINGH | BB49: 23 | BD49: =BB49+BC49 -> 23 | BE49: 33 | BF49: =(BD49/BE49)*100 -> 69.69697 | BH49: 43 | BI49: =OVERALL!B46 -> 2301384 | BJ49: =OVERALL!C46 -> AVNEET SINGH | BK49: =BD49 -> 23 | BL49: =BE49 -> 33 | BM49: =(BK49/BL49)*100 -> 69.69697 | BN49: =IF(BM49>=95.5,"6",IF(BM49>=90.5,"5", IF(BM49>=85.5,"4",IF(BM49>=80.5,"3",IF(BM49>=75.5,"2","0"))))) -> 0 | BO49: 9 | BP49: 13 | BQ49: =ROUND((BO49+BP49)/2, 2) -> 11 | BR49: 7 | BS49: 9 | BT49: 9 | BU49: =(BT49+BS49+BR49)/3 -> 8.3333333 | BW49: =BV49+BU49+BQ49+BN49 -> 19.333333
A50: 44 | B50: =OVERALL!B47 -> 2301385 | C50: =OVERALL!C47 -> BOBBY | BB50: 23 | BD50: =BB50+BC50 -> 23 | BE50: 33 | BF50: =(BD50/BE50)*100 -> 69.69697 | BH50: 44 | BI50: =OVERALL!B47 -> 2301385 | BJ50: =OVERALL!C47 -> BOBBY | BK50: =BD50 -> 23 | BL50: =BE50 -> 33 | BM50: =(BK50/BL50)*100 -> 69.69697 | BN50: =IF(BM50>=95.5,"6",IF(BM50>=90.5,"5", IF(BM50>=85.5,"4",IF(BM50>=80.5,"3",IF(BM50>=75.5,"2","0"))))) -> 0 | BO50: 11 | BP50: 12 | BQ50: =ROUND((BO50+BP50)/2, 2) -> 11.5 | BR50: 7 | BS50: 8 | BT50: 9 | BU50: =(BT50+BS50+BR50)/3 -> 8 | BV50: 5 | BW50: =BV50+BU50+BQ50+BN50 -> 24.5
A51: 45 | B51: =OVERALL!B48 -> 2301386 | C51: =OVERALL!C48 -> CHARANJIT SINGH | BB51: 18 | BD51: =BB51+BC51 -> 18 | BE51: 33 | BF51: =(BD51/BE51)*100 -> 54.545455 | BH51: 45 | BI51: =OVERALL!B48 -> 2301386 | BJ51: =OVERALL!C48 -> CHARANJIT SINGH | BK51: =BD51 -> 18 | BL51: =BE51 -> 33 | BM51: =(BK51/BL51)*100 -> 54.545455 | BN51: =IF(BM51>=95.5,"6",IF(BM51>=90.5,"5", IF(BM51>=85.5,"4",IF(BM51>=80.5,"3",IF(BM51>=75.5,"2","0"))))) -> 0 | BO51: 1 | BP51: 13 | BQ51: =ROUND((BO51+BP51)/2, 2) -> 7 | BR51: 7 | BS51: 9 | BT51: 7 | BU51: =(BT51+BS51+BR51)/3 -> 7.6666667 | BV51: 5 | BW51: =BV51+BU51+BQ51+BN51 -> 19.666667
A52: 46 | B52: =OVERALL!B49 -> 2301387 | C52: =OVERALL!C49 -> INDERBIR SINGH | BB52: 16 | BD52: =BB52+BC52 -> 16 | BE52: 33 | BF52: =(BD52/BE52)*100 -> 48.484848 | BH52: 46 | BI52: =OVERALL!B49 -> 2301387 | BJ52: =OVERALL!C49 -> INDERBIR SINGH | BK52: =BD52 -> 16 | BL52: =BE52 -> 33 | BM52: =(BK52/BL52)*100 -> 48.484848 | BN52: =IF(BM52>=95.5,"6",IF(BM52>=90.5,"5", IF(BM52>=85.5,"4",IF(BM52>=80.5,"3",IF(BM52>=75.5,"2","0"))))) -> 0 | BO52: 3 | BP52: 12 | BQ52: =ROUND((BO52+BP52)/2, 2) -> 7.5 | BR52: 9 | BS52: 8 | BT52: 9 | BU52: =(BT52+BS52+BR52)/3 -> 8.6666667 | BW52: =BV52+BU52+BQ52+BN52 -> 16.166667
A53: 47 | B53: =OVERALL!B50 -> 2301389 | C53: =OVERALL!C50 -> JASMEEN | BB53: 24 | BD53: =BB53+BC53 -> 24 | BE53: 33 | BF53: =(BD53/BE53)*100 -> 72.727273 | BH53: 47 | BI53: =OVERALL!B50 -> 2301389 | BJ53: =OVERALL!C50 -> JASMEEN | BK53: =BD53 -> 24 | BL53: =BE53 -> 33 | BM53: =(BK53/BL53)*100 -> 72.727273 | BN53: =IF(BM53>=95.5,"6",IF(BM53>=90.5,"5", IF(BM53>=85.5,"4",IF(BM53>=80.5,"3",IF(BM53>=75.5,"2","0"))))) -> 0 | BO53: 18 | BP53: 17 | BQ53: =ROUND((BO53+BP53)/2, 2) -> 17.5 | BR53: 8 | BS53: 9 | BT53: 9 | BU53: =(BT53+BS53+BR53)/3 -> 8.6666667 | BW53: =BV53+BU53+BQ53+BN53 -> 26.166667
A54: 48 | B54: =OVERALL!B51 -> 2301390 | C54: =OVERALL!C51 -> KUNDAN | BB54: 23 | BD54: =BB54+BC54 -> 23 | BE54: 33 | BF54: =(BD54/BE54)*100 -> 69.69697 | BH54: 48 | BI54: =OVERALL!B51 -> 2301390 | BJ54: =OVERALL!C51 -> KUNDAN | BK54: =BD54 -> 23 | BL54: =BE54 -> 33 | BM54: =(BK54/BL54)*100 -> 69.69697 | BN54: =IF(BM54>=95.5,"6",IF(BM54>=90.5,"5", IF(BM54>=85.5,"4",IF(BM54>=80.5,"3",IF(BM54>=75.5,"2","0"))))) -> 0 | BO54: 6 | BP54: 12 | BQ54: =ROUND((BO54+BP54)/2, 2) -> 9 | BR54: 7 | BS54: 8 | BT54: 9 | BU54: =(BT54+BS54+BR54)/3 -> 8 | BV54: 5 | BW54: =BV54+BU54+BQ54+BN54 -> 22
A55: 49 | B55: =OVERALL!B52 -> 2301391 | C55: =OVERALL!C52 -> MANVEER SINGH | BB55: 26 | BD55: =BB55+BC55 -> 26 | BE55: 33 | BF55: =(BD55/BE55)*100 -> 78.787879 | BH55: 49 | BI55: =OVERALL!B52 -> 2301391 | BJ55: =OVERALL!C52 -> MANVEER SINGH | BK55: =BD55 -> 26 | BL55: =BE55 -> 33 | BM55: =(BK55/BL55)*100 -> 78.787879 | BN55: =IF(BM55>=95.5,"6",IF(BM55>=90.5,"5", IF(BM55>=85.5,"4",IF(BM55>=80.5,"3",IF(BM55>=75.5,"2","0"))))) -> 2 | BO55: 9 | BP55: 16 | BQ55: =ROUND((BO55+BP55)/2, 2) -> 12.5 | BR55: 9 | BS55: 8 | BT55: 8 | BU55: =(BT55+BS55+BR55)/3 -> 8.3333333 | BW55: =BV55+BU55+BQ55+BN55 -> 22.833333
A56: 50 | B56: =OVERALL!B53 -> 2301392 | C56: =OVERALL!C53 -> MOHIT KUMAR | BB56: 26 | BD56: =BB56+BC56 -> 26 | BE56: 33 | BF56: =(BD56/BE56)*100 -> 78.787879 | BH56: 50 | BI56: =OVERALL!B53 -> 2301392 | BJ56: =OVERALL!C53 -> MOHIT KUMAR | BK56: =BD56 -> 26 | BL56: =BE56 -> 33 | BM56: =(BK56/BL56)*100 -> 78.787879 | BN56: =IF(BM56>=95.5,"6",IF(BM56>=90.5,"5", IF(BM56>=85.5,"4",IF(BM56>=80.5,"3",IF(BM56>=75.5,"2","0"))))) -> 2 | BO56: 9 | BP56: 16 | BQ56: =ROUND((BO56+BP56)/2, 2) -> 12.5 | BR56: 8 | BS56: 8 | BT56: 9 | BU56: =(BT56+BS56+BR56)/3 -> 8.3333333 | BW56: =BV56+BU56+BQ56+BN56 -> 22.833333
A57: 51 | B57: =OVERALL!B54 -> 2301393 | C57: =OVERALL!C54 -> NAVNEET | BB57: 15 | BD57: =BB57+BC57 -> 15 | BE57: 33 | BF57: =(BD57/BE57)*100 -> 45.454545 | BH57: 51 | BI57: =OVERALL!B54 -> 2301393 | BJ57: =OVERALL!C54 -> NAVNEET | BK57: =BD57 -> 15 | BL57: =BE57 -> 33 | BM57: =(BK57/BL57)*100 -> 45.454545 | BN57: =IF(BM57>=95.5,"6",IF(BM57>=90.5,"5", IF(BM57>=85.5,"4",IF(BM57>=80.5,"3",IF(BM57>=75.5,"2","0"))))) -> 0 | BO57: 3 | BP57: 8 | BQ57: =ROUND((BO57+BP57)/2, 2) -> 5.5 | BR57: 6 | BS57: 7 | BT57: 6 | BU57: =(BT57+BS57+BR57)/3 -> 6.3333333 | BV57: 5 | BW57: =BV57+BU57+BQ57+BN57 -> 16.833333
A58: 52 | B58: =OVERALL!B55 -> 2301394 | C58: =OVERALL!C55 -> NITIN VERMA | BB58: 29 | BD58: =BB58+BC58 -> 29 | BE58: 33 | BF58: =(BD58/BE58)*100 -> 87.878788 | BH58: 52 | BI58: =OVERALL!B55 -> 2301394 | BJ58: =OVERALL!C55 -> NITIN VERMA | BK58: =BD58 -> 29 | BL58: =BE58 -> 33 | BM58: =(BK58/BL58)*100 -> 87.878788 | BN58: =IF(BM58>=95.5,"6",IF(BM58>=90.5,"5", IF(BM58>=85.5,"4",IF(BM58>=80.5,"3",IF(BM58>=75.5,"2","0"))))) -> 4 | BO58: 19 | BP58: 19 | BQ58: =ROUND((BO58+BP58)/2, 2) -> 19 | BR58: 8 | BS58: 9 | BT58: 8 | BU58: =(BT58+BS58+BR58)/3 -> 8.3333333 | BV58: 5 | BW58: =BV58+BU58+BQ58+BN58 -> 36.333333
A59: 53 | B59: =OVERALL!B56 -> 2301395 | C59: =OVERALL!C56 -> POOJA | BB59: 24 | BD59: =BB59+BC59 -> 24 | BE59: 33 | BF59: =(BD59/BE59)*100 -> 72.727273 | BH59: 53 | BI59: =OVERALL!B56 -> 2301395 | BJ59: =OVERALL!C56 -> POOJA | BK59: =BD59 -> 24 | BL59: =BE59 -> 33 | BM59: =(BK59/BL59)*100 -> 72.727273 | BN59: =IF(BM59>=95.5,"6",IF(BM59>=90.5,"5", IF(BM59>=85.5,"4",IF(BM59>=80.5,"3",IF(BM59>=75.5,"2","0"))))) -> 0 | BO59: 4 | BP59: 13 | BQ59: =ROUND((BO59+BP59)/2, 2) -> 8.5 | BR59: 9 | BS59: 9 | BT59: 9 | BU59: =(BT59+BS59+BR59)/3 -> 9 | BW59: =BV59+BU59+BQ59+BN59 -> 17.5
A60: 54 | B60: =OVERALL!B57 -> 2301396 | C60: =OVERALL!C57 -> PRIYA | BB60: 30 | BD60: =BB60+BC60 -> 30 | BE60: 33 | BF60: =(BD60/BE60)*100 -> 90.909091 | BH60: 54 | BI60: =OVERALL!B57 -> 2301396 | BJ60: =OVERALL!C57 -> PRIYA | BK60: =BD60 -> 30 | BL60: =BE60 -> 33 | BM60: =(BK60/BL60)*100 -> 90.909091 | BN60: =IF(BM60>=95.5,"6",IF(BM60>=90.5,"5", IF(BM60>=85.5,"4",IF(BM60>=80.5,"3",IF(BM60>=75.5,"2","0"))))) -> 5 | BO60: 12 | BP60: 18 | BQ60: =ROUND((BO60+BP60)/2, 2) -> 15 | BR60: 9 | BS60: 9 | BT60: 10 | BU60: =(BT60+BS60+BR60)/3 -> 9.3333333 | BW60: =BV60+BU60+BQ60+BN60 -> 29.333333
A61: 55 | B61: =OVERALL!B58 -> 2301397 | C61: =OVERALL!C58 -> SAHIL | BB61: 19 | BD61: =BB61+BC61 -> 19 | BE61: 33 | BF61: =(BD61/BE61)*100 -> 57.575758 | BH61: 55 | BI61: =OVERALL!B58 -> 2301397 | BJ61: =OVERALL!C58 -> SAHIL | BK61: =BD61 -> 19 | BL61: =BE61 -> 33 | BM61: =(BK61/BL61)*100 -> 57.575758 | BN61: =IF(BM61>=95.5,"6",IF(BM61>=90.5,"5", IF(BM61>=85.5,"4",IF(BM61>=80.5,"3",IF(BM61>=75.5,"2","0"))))) -> 0 | BO61: 8 | BP61: 7 | BQ61: =ROUND((BO61+BP61)/2, 2) -> 7.5 | BR61: 8 | BS61: 8 | BT61: 9 | BU61: =(BT61+BS61+BR61)/3 -> 8.3333333 | BW61: =BV61+BU61+BQ61+BN61 -> 15.833333
A62: 56 | B62: =OVERALL!B59 -> 2301398 | C62: =OVERALL!C59 -> SANJANA | BB62: 29 | BD62: =BB62+BC62 -> 29 | BE62: 33 | BF62: =(BD62/BE62)*100 -> 87.878788 | BH62: 56 | BI62: =OVERALL!B59 -> 2301398 | BJ62: =OVERALL!C59 -> SANJANA | BK62: =BD62 -> 29 | BL62: =BE62 -> 33 | BM62: =(BK62/BL62)*100 -> 87.878788 | BN62: =IF(BM62>=95.5,"6",IF(BM62>=90.5,"5", IF(BM62>=85.5,"4",IF(BM62>=80.5,"3",IF(BM62>=75.5,"2","0"))))) -> 4 | BO62: 15 | BP62: 18 | BQ62: =ROUND((BO62+BP62)/2, 2) -> 16.5 | BR62: 9 | BS62: 9 | BT62: 9 | BU62: =(BT62+BS62+BR62)/3 -> 9 | BW62: =BV62+BU62+BQ62+BN62 -> 29.5
A63: 57 | B63: =OVERALL!B60 -> 2301399 | C63: =OVERALL!C60 -> SANJAY | BB63: 23 | BD63: =BB63+BC63 -> 23 | BE63: 33 | BF63: =(BD63/BE63)*100 -> 69.69697 | BH63: 57 | BI63: =OVERALL!B60 -> 2301399 | BJ63: =OVERALL!C60 -> SANJAY | BK63: =BD63 -> 23 | BL63: =BE63 -> 33 | BM63: =(BK63/BL63)*100 -> 69.69697 | BN63: =IF(BM63>=95.5,"6",IF(BM63>=90.5,"5", IF(BM63>=85.5,"4",IF(BM63>=80.5,"3",IF(BM63>=75.5,"2","0"))))) -> 0 | BO63: 13 | BP63: 0 | BQ63: =ROUND((BO63+BP63)/2, 2) -> 6.5 | BR63: 9 | BS63: 9 | BT63: 9 | BU63: =(BT63+BS63+BR63)/3 -> 9 | BW63: =BV63+BU63+BQ63+BN63 -> 15.5
A64: 58 | B64: =OVERALL!B61 -> 2301401 | C64: =OVERALL!C61 -> SMILE JASSAL | BB64: 28 | BD64: =BB64+BC64 -> 28 | BE64: 33 | BF64: =(BD64/BE64)*100 -> 84.848485 | BH64: 58 | BI64: =OVERALL!B61 -> 2301401 | BJ64: =OVERALL!C61 -> SMILE JASSAL | BK64: =BD64 -> 28 | BL64: =BE64 -> 33 | BM64: =(BK64/BL64)*100 -> 84.848485 | BN64: =IF(BM64>=95.5,"6",IF(BM64>=90.5,"5", IF(BM64>=85.5,"4",IF(BM64>=80.5,"3",IF(BM64>=75.5,"2","0"))))) -> 3 | BO64: 13 | BP64: 19 | BQ64: =ROUND((BO64+BP64)/2, 2) -> 16 | BR64: 8 | BS64: 8 | BT64: 9 | BU64: =(BT64+BS64+BR64)/3 -> 8.3333333 | BW64: =BV64+BU64+BQ64+BN64 -> 27.333333
A65: 59 | B65: =OVERALL!B62 -> 2301402 | C65: =OVERALL!C62 -> SUMIT BHARAJ | BB65: 25 | BD65: =BB65+BC65 -> 25 | BE65: 33 | BF65: =(BD65/BE65)*100 -> 75.757576 | BH65: 59 | BI65: =OVERALL!B62 -> 2301402 | BJ65: =OVERALL!C62 -> SUMIT BHARAJ | BK65: =BD65 -> 25 | BL65: =BE65 -> 33 | BM65: =(BK65/BL65)*100 -> 75.757576 | BN65: =IF(BM65>=95.5,"6",IF(BM65>=90.5,"5", IF(BM65>=85.5,"4",IF(BM65>=80.5,"3",IF(BM65>=75.5,"2","0"))))) -> 2 | BO65: 11 | BP65: 11 | BQ65: =ROUND((BO65+BP65)/2, 2) -> 11 | BR65: 9 | BS65: 8 | BT65: 9 | BU65: =(BT65+BS65+BR65)/3 -> 8.6666667 | BV65: 5 | BW65: =BV65+BU65+BQ65+BN65 -> 26.666667
A66: 60 | B66: =OVERALL!B63 -> 2301403 | C66: =OVERALL!C63 -> SUNAKSHI | BB66: 28 | BD66: =BB66+BC66 -> 28 | BE66: 33 | BF66: =(BD66/BE66)*100 -> 84.848485 | BH66: 60 | BI66: =OVERALL!B63 -> 2301403 | BJ66: =OVERALL!C63 -> SUNAKSHI | BK66: =BD66 -> 28 | BL66: =BE66 -> 33 | BM66: =(BK66/BL66)*100 -> 84.848485 | BN66: =IF(BM66>=95.5,"6",IF(BM66>=90.5,"5", IF(BM66>=85.5,"4",IF(BM66>=80.5,"3",IF(BM66>=75.5,"2","0"))))) -> 3 | BO66: 15 | BP66: 22 | BQ66: =ROUND((BO66+BP66)/2, 2) -> 18.5 | BR66: 9 | BS66: 9 | BT66: 10 | BU66: =(BT66+BS66+BR66)/3 -> 9.3333333 | BW66: =BV66+BU66+BQ66+BN66 -> 30.833333
A67: 61 | B67: =OVERALL!B64 -> 2301404 | C67: =OVERALL!C64 -> VANSH | BB67: 23 | BD67: =BB67+BC67 -> 23 | BE67: 33 | BF67: =(BD67/BE67)*100 -> 69.69697 | BH67: 61 | BI67: =OVERALL!B64 -> 2301404 | BJ67: =OVERALL!C64 -> VANSH | BK67: =BD67 -> 23 | BL67: =BE67 -> 33 | BM67: =(BK67/BL67)*100 -> 69.69697 | BN67: =IF(BM67>=95.5,"6",IF(BM67>=90.5,"5", IF(BM67>=85.5,"4",IF(BM67>=80.5,"3",IF(BM67>=75.5,"2","0"))))) -> 0 | BO67: 8 | BP67: 13 | BQ67: =ROUND((BO67+BP67)/2, 2) -> 10.5 | BR67: 7 | BS67: 8 | BT67: 9 | BU67: =(BT67+BS67+BR67)/3 -> 8 | BW67: =BV67+BU67+BQ67+BN67 -> 18.5
A68: 62 | B68: =OVERALL!B65 -> 2301405 | C68: =OVERALL!C65 -> VARINDER BHATOY | BB68: 21 | BD68: =BB68+BC68 -> 21 | BE68: 33 | BF68: =(BD68/BE68)*100 -> 63.636364 | BH68: 62 | BI68: =OVERALL!B65 -> 2301405 | BJ68: =OVERALL!C65 -> VARINDER BHATOY | BK68: =BD68 -> 21 | BL68: =BE68 -> 33 | BM68: =(BK68/BL68)*100 -> 63.636364 | BN68: =IF(BM68>=95.5,"6",IF(BM68>=90.5,"5", IF(BM68>=85.5,"4",IF(BM68>=80.5,"3",IF(BM68>=75.5,"2","0"))))) -> 0 | BO68: 5 | BP68: 10 | BQ68: =ROUND((BO68+BP68)/2, 2) -> 7.5 | BR68: 8 | BS68: 9 | BT68: 7 | BU68: =(BT68+BS68+BR68)/3 -> 8 | BW68: =BV68+BU68+BQ68+BN68 -> 15.5
A69: 63 | B69: =OVERALL!B66 -> 2301407 | C69: =OVERALL!C66 -> YASHODHA | BB69: 28 | BD69: =BB69+BC69 -> 28 | BE69: 33 | BF69: =(BD69/BE69)*100 -> 84.848485 | BH69: 63 | BI69: =OVERALL!B66 -> 2301407 | BJ69: =OVERALL!C66 -> YASHODHA | BK69: =BD69 -> 28 | BL69: =BE69 -> 33 | BM69: =(BK69/BL69)*100 -> 84.848485 | BN69: =IF(BM69>=95.5,"6",IF(BM69>=90.5,"5", IF(BM69>=85.5,"4",IF(BM69>=80.5,"3",IF(BM69>=75.5,"2","0"))))) -> 3 | BO69: 10 | BP69: 11 | BQ69: =ROUND((BO69+BP69)/2, 2) -> 10.5 | BR69: 9 | BS69: 9 | BT69: 9 | BU69: =(BT69+BS69+BR69)/3 -> 9 | BW69: =BV69+BU69+BQ69+BN69 -> 22.5
A70: 64 | B70: =OVERALL!B67 -> 2301408 | C70: =OVERALL!C67 -> YOGESH SINGH | BB70: 1 | BD70: =BB70+BC70 -> 1 | BE70: 33 | BF70: =(BD70/BE70)*100 -> 3.030303 | BH70: 64 | BI70: =OVERALL!B67 -> 2301408 | BJ70: =OVERALL!C67 -> YOGESH SINGH | BK70: =BD70 -> 1 | BL70: =BE70 -> 33 | BM70: =(BK70/BL70)*100 -> 3.030303 | BN70: =IF(BM70>=95.5,"6",IF(BM70>=90.5,"5", IF(BM70>=85.5,"4",IF(BM70>=80.5,"3",IF(BM70>=75.5,"2","0"))))) -> 0 | BO70: 0 | BP70: 10 | BQ70: =ROUND((BO70+BP70)/2, 2) -> 5 | BR70: 8 | BS70: 8 | BT70: 9 | BU70: =(BT70+BS70+BR70)/3 -> 8.3333333 | BV70: 5 | BW70: =BV70+BU70+BQ70+BN70 -> 18.333333
A71: 65 | B71: =OVERALL!B68 -> 2322658 | C71: =OVERALL!C68 -> BHAWANI THAKUR | BB71: 30 | BD71: =BB71+BC71 -> 30 | BE71: 33 | BF71: =(BD71/BE71)*100 -> 90.909091 | BH71: 65 | BI71: =OVERALL!B68 -> 2322658 | BJ71: =OVERALL!C68 -> BHAWANI THAKUR | BK71: =BD71 -> 30 | BL71: =BE71 -> 33 | BM71: =(BK71/BL71)*100 -> 90.909091 | BN71: =IF(BM71>=95.5,"6",IF(BM71>=90.5,"5", IF(BM71>=85.5,"4",IF(BM71>=80.5,"3",IF(BM71>=75.5,"2","0"))))) -> 5 | BO71: 16 | BP71: 22 | BQ71: =ROUND((BO71+BP71)/2, 2) -> 19 | BR71: 9 | BS71: 9 | BT71: 9 | BU71: =(BT71+BS71+BR71)/3 -> 9 | BV71: 2 | BW71: =BV71+BU71+BQ71+BN71 -> 35
A72: 66 | B72: =OVERALL!B69 -> 2322659 | C72: =OVERALL!C69 -> HARGUN KAUR | BB72: 31 | BC72: 1 | BD72: =BB72+BC72 -> 32 | BE72: 33 | BF72: =(BD72/BE72)*100 -> 96.969697 | BH72: 66 | BI72: =OVERALL!B69 -> 2322659 | BJ72: =OVERALL!C69 -> HARGUN KAUR | BK72: =BD72 -> 32 | BL72: =BE72 -> 33 | BM72: =(BK72/BL72)*100 -> 96.969697 | BN72: =IF(BM72>=95.5,"6",IF(BM72>=90.5,"5", IF(BM72>=85.5,"4",IF(BM72>=80.5,"3",IF(BM72>=75.5,"2","0"))))) -> 6 | BO72: 16 | BP72: 22 | BQ72: =ROUND((BO72+BP72)/2, 2) -> 19 | BR72: 8 | BS72: 9 | BT72: 10 | BU72: =(BT72+BS72+BR72)/3 -> 9 | BV72: 2 | BW72: =BV72+BU72+BQ72+BN72 -> 36
A73: 67 | B73: =OVERALL!B70 -> 2322665 | C73: =OVERALL!C70 -> PAWAN KUMAR | BB73: 18 | BC73: 11 | BD73: =BB73+BC73 -> 29 | BE73: 33 | BF73: =(BD73/BE73)*100 -> 87.878788 | BH73: 67 | BI73: =OVERALL!B70 -> 2322665 | BJ73: =OVERALL!C70 -> PAWAN KUMAR | BK73: =BD73 -> 29 | BL73: =BE73 -> 33 | BM73: =(BK73/BL73)*100 -> 87.878788 | BN73: =IF(BM73>=95.5,"6",IF(BM73>=90.5,"5", IF(BM73>=85.5,"4",IF(BM73>=80.5,"3",IF(BM73>=75.5,"2","0"))))) -> 4 | BO73: 4 | BP73: 13 | BQ73: =ROUND((BO73+BP73)/2, 2) -> 8.5 | BR73: 8 | BS73: 9 | BT73: 9 | BU73: =(BT73+BS73+BR73)/3 -> 8.6666667 | BV73: 2 | BW73: =BV73+BU73+BQ73+BN73 -> 23.166667
A74: 68 | B74: =OVERALL!B71 -> 2322666 | C74: =OVERALL!C71 -> PRINCE ABHISHEK | BB74: 24 | BD74: =BB74+BC74 -> 24 | BE74: 33 | BF74: =(BD74/BE74)*100 -> 72.727273 | BH74: 68 | BI74: =OVERALL!B71 -> 2322666 | BJ74: =OVERALL!C71 -> PRINCE ABHISHEK | BK74: =BD74 -> 24 | BL74: =BE74 -> 33 | BM74: =(BK74/BL74)*100 -> 72.727273 | BN74: =IF(BM74>=95.5,"6",IF(BM74>=90.5,"5", IF(BM74>=85.5,"4",IF(BM74>=80.5,"3",IF(BM74>=75.5,"2","0"))))) -> 0 | BO74: 13 | BP74: 15 | BQ74: =ROUND((BO74+BP74)/2, 2) -> 14 | BR74: 7 | BS74: 8 | BT74: 9 | BU74: =(BT74+BS74+BR74)/3 -> 8 | BV74: 2 | BW74: =BV74+BU74+BQ74+BN74 -> 24
A75: 69 | B75: =OVERALL!B72 -> 2322670 | C75: =OVERALL!C72 -> SUMIT MAHEY | BB75: 16 | BD75: =BB75+BC75 -> 16 | BE75: 33 | BF75: =(BD75/BE75)*100 -> 48.484848 | BH75: 69 | BI75: =OVERALL!B72 -> 2322670 | BJ75: =OVERALL!C72 -> SUMIT MAHEY | BK75: =BD75 -> 16 | BL75: =BE75 -> 33 | BM75: =(BK75/BL75)*100 -> 48.484848 | BN75: =IF(BM75>=95.5,"6",IF(BM75>=90.5,"5", IF(BM75>=85.5,"4",IF(BM75>=80.5,"3",IF(BM75>=75.5,"2","0"))))) -> 0 | BO75: 10 | BP75: 12 | BQ75: =ROUND((BO75+BP75)/2, 2) -> 11 | BR75: 7 | BS75: 8 | BT75: 9 | BU75: =(BT75+BS75+BR75)/3 -> 8 | BV75: 2 | BW75: =BV75+BU75+BQ75+BN75 -> 21
A76: 70 | B76: =OVERALL!B73 -> 2322673 | C76: =OVERALL!C73 -> USMAN ALI | BB76: 22 | BD76: =BB76+BC76 -> 22 | BE76: 33 | BF76: =(BD76/BE76)*100 -> 66.666667 | BH76: 70 | BI76: =OVERALL!B73 -> 2322673 | BJ76: =OVERALL!C73 -> USMAN ALI | BK76: =BD76 -> 22 | BL76: =BE76 -> 33 | BM76: =(BK76/BL76)*100 -> 66.666667 | BN76: =IF(BM76>=95.5,"6",IF(BM76>=90.5,"5", IF(BM76>=85.5,"4",IF(BM76>=80.5,"3",IF(BM76>=75.5,"2","0"))))) -> 0 | BO76: 3 | BP76: 8 | BQ76: =ROUND((BO76+BP76)/2, 2) -> 5.5 | BR76: 8 | BS76: 8 | BT76: 8 | BU76: =(BT76+BS76+BR76)/3 -> 8 | BV76: 2 | BW76: =BV76+BU76+BQ76+BN76 -> 15.5

Sheet DM
D1: ATTENDANCE RECORD JAN-JUNE2025 (B.Tech CSE 4B) | BH1: CTIEMT : Evaluation Sheet for Internal Awards (Theory)
BH2: Session: JAN TO JUNE 2025
BH3: Department: CSE | BP3: Semester: B.TECH 4B
D4: Ms. Ritika Agnihotri | BH4: Subject Name: Discrete Mathematics | BP4: Subject Code: BTCS 401-18
A5: DATE | BB5: PRESENT | BC5: DL (IF ANY) | BD5: Total Attended | BE5: Total Delievered | BF5: PERCENTAGE | BH5: S.No. | BI5: Reg No. | BJ5: Name of Student | BK5: Total Lec Att | BL5: Total Lec Del | BM5: Att %age | BN5: Att Marks (6) | BO5: MST I (24) | BP5: MST II (24) | BQ5: Average MST I & II (24) | BR5: Assignments | BU5: Assignments AVG (10) | BV5: Grace | BW5: Grand Total (40)
A6: S.No. | B6: Reg No. | C6: Name of Student | D6: 1 | E6: 2 | F6: 3 | G6: 4 | H6: 5 | I6: 6 | J6: 7 | K6: 8 | L6: 9 | M6: 10 | N6: 11 | O6: 12 | P6: 13 | Q6: 14 | R6: 15 | S6: 16 | T6: 17 | U6: 18 | V6: 19 | W6: 20 | X6: 21 | Y6: 22 | Z6: 23 | AA6: 24 | AB6: 25 | AC6: 26 | AD6: 27 | AE6: 28 | AF6: 29 | AG6: 30 | AH6: 31 | AI6: 32 | AJ6: 33 | AK6: 34 | AL6: 35 | AM6: 36 | AN6: 37 | AO6: 38 | AP6: 39 | AQ6: 40 | AR6: 41 | AS6: 42 | AT6: 43 | AU6: 44 | AV6: 45 | AW6: 46 | AX6: 47 | AY6: 48 | AZ6: 49 | BA6: 50 | BR6: 1 | BS6: 2 | BT6: 3
A7: 1 | B7: =OVERALL!B4 -> 2301249 | C7: =OVERALL!C4 -> Rahul Sharma | BB7: 19 | BD7: =BB7+BC7 -> 19 | BE7: 45 | BF7: =(BD7/BE7)*100 -> 42.222222 | BH7: 1 | BI7: =OVERALL!B4 -> 2301249 | BJ7: =OVERALL!C4 -> Rahul Sharma | BK7: =BD7 -> 19 | BL7: =BE7 -> 45 | BM7: =(BK7/BL7)*100 -> 42.222222 | BN7: =IF(BM7>=95.5,"6",IF(BM7>=90.5,"5", IF(BM7>=85.5,"4",IF(BM7>=80.5,"3",IF(BM7>=75.5,"2","0"))))) -> 0 | BO7: 5 | BP7: 13 | BQ7: =(BO7+BP7)/2 -> 9 | BR7: 8 | BS7: 0 | BT7: 0 | BU7: =(BR7+BS7+BT7)/3 -> 2.6666667 | BV7: 5 | BW7: =BV7+BU7+BQ7+BN7 -> 16.666667
A8: 2 | B8: =OVERALL!B5 -> 2301251 | C8: =OVERALL!C5 -> Raj Kumar | BB8: 29 | BD8: =BB8+BC8 -> 29 | BE8: 45 | BF8: =(BD8/BE8)*100 -> 64.444444 | BH8: 2 | BI8: =OVERALL!B5 -> 2301251 | BJ8: =OVERALL!C5 -> Raj Kumar | BK8: =BD8 -> 29 | BL8: =BE8 -> 45 | BM8: =(BK8/BL8)*100 -> 64.444444 | BN8: =IF(BM8>=95.5,"6",IF(BM8>=90.5,"5", IF(BM8>=85.5,"4",IF(BM8>=80.5,"3",IF(BM8>=75.5,"2","0"))))) -> 0 | BO8: 12 | BP8: 10 | BQ8: =(BO8+BP8)/2 -> 11 | BR8: 0 | BS8: 7 | BT8: 8 | BU8: =(BR8+BS8+BT8)/3 -> 5 | BW8: =BV8+BU8+BQ8+BN8 -> 16
A9: 3 | B9: =OVERALL!B6 -> 2301252 | C9: =OVERALL!C6 -> Rajan Sharma | BB9: 34 | BD9: =BB9+BC9 -> 34 | BE9: 45 | BF9: =(BD9/BE9)*100 -> 75.555556 | BH9: 3 | BI9: =OVERALL!B6 -> 2301252 | BJ9: =OVERALL!C6 -> Rajan Sharma | BK9: =BD9 -> 34 | BL9: =BE9 -> 45 | BM9: =(BK9/BL9)*100 -> 75.555556 | BN9: =IF(BM9>=95.5,"6",IF(BM9>=90.5,"5", IF(BM9>=85.5,"4",IF(BM9>=80.5,"3",IF(BM9>=75.5,"2","0"))))) -> 2 | BO9: 14 | BP9: 12 | BQ9: =(BO9+BP9)/2 -> 13 | BR9: 8 | BS9: 6 | BT9: 8 | BU9: =(BR9+BS9+BT9)/3 -> 7.3333333 | BW9: =BV9+BU9+BQ9+BN9 -> 22.333333
A10: 4 | B10: =OVERALL!B7 -> 2301253 | C10: =OVERALL!C7 -> Rajwinder Kaur | BB10: 30 | BD10: =BB10+BC10 -> 30 | BE10: 45 | BF10: =(BD10/BE10)*100 -> 66.666667 | BH10: 4 | BI10: =OVERALL!B7 -> 2301253 | BJ10: =OVERALL!C7 -> Rajwinder Kaur | BK10: =BD10 -> 30 | BL10: =BE10 -> 45 | BM10: =(BK10/BL10)*100 -> 66.666667 | BN10: =IF(BM10>=95.5,"6",IF(BM10>=90.5,"5", IF(BM10>=85.5,"4",IF(BM10>=80.5,"3",IF(BM10>=75.5,"2","0"))))) -> 0 | BO10: 22 | BP10: 15 | BQ10: =(BO10+BP10)/2 -> 18.5 | BR10: 8 | BS10: 9 | BT10: 9 | BU10: =(BR10+BS10+BT10)/3 -> 8.6666667 | BW10: =BV10+BU10+BQ10+BN10 -> 27.166667
A11: 5 | B11: =OVERALL!B8 -> 2301255 | C11: =OVERALL!C8 -> Ravi Bhushan Kumar | BB11: 36 | BD11: =BB11+BC11 -> 36 | BE11: 45 | BF11: =(BD11/BE11)*100 -> 80 | BH11: 5 | BI11: =OVERALL!B8 -> 2301255 | BJ11: =OVERALL!C8 -> Ravi Bhushan Kumar | BK11: =BD11 -> 36 | BL11: =BE11 -> 45 | BM11: =(BK11/BL11)*100 -> 80 | BN11: =IF(BM11>=95.5,"6",IF(BM11>=90.5,"5", IF(BM11>=85.5,"4",IF(BM11>=80.5,"3",IF(BM11>=75.5,"2","0"))))) -> 2 | BO11: 12 | BP11: 18 | BQ11: =(BO11+BP11)/2 -> 15 | BR11: 8 | BS11: 8 | BT11: 8 | BU11: =(BR11+BS11+BT11)/3 -> 8 | BV11: 5 | BW11: =BV11+BU11+BQ11+BN11 -> 30
A12: 6 | B12: =OVERALL!B9 -> 2301256 | C12: =OVERALL!C9 -> Reshma | BB12: 37 | BD12: =BB12+BC12 -> 37 | BE12: 45 | BF12: =(BD12/BE12)*100 -> 82.222222 | BH12: 6 | BI12: =OVERALL!B9 -> 2301256 | BJ12: =OVERALL!C9 -> Reshma | BK12: =BD12 -> 37 | BL12: =BE12 -> 45 | BM12: =(BK12/BL12)*100 -> 82.222222 | BN12: =IF(BM12>=95.5,"6",IF(BM12>=90.5,"5", IF(BM12>=85.5,"4",IF(BM12>=80.5,"3",IF(BM12>=75.5,"2","0"))))) -> 3 | BO12: 13 | BP12: 19 | BQ12: =(BO12+BP12)/2 -> 16 | BR12: 8 | BS12: 8 | BT12: 7 | BU12: =(BR12+BS12+BT12)/3 -> 7.6666667 | BW12: =BV12+BU12+BQ12+BN12 -> 26.666667
A13: 7 | B13: =OVERALL!B10 -> 2301257 | C13: =OVERALL!C10 -> Ritesh Kumar Choudhary | BB13: 29 | BC13: 1 | BD13: =BB13+BC13 -> 30 | BE13: 45 | BF13: =(BD13/BE13)*100 -> 66.666667 | BH13: 7 | BI13: =OVERALL!B10 -> 2301257 | BJ13: =OVERALL!C10 -> Ritesh Kumar Choudhary | BK13: =BD13 -> 30 | BL13: =BE13 -> 45 | BM13: =(BK13/BL13)*100 -> 66.666667 | BN13: =IF(BM13>=95.5,"6",IF(BM13>=90.5,"5", IF(BM13>=85.5,"4",IF(BM13>=80.5,"3",IF(BM13>=75.5,"2","0"))))) -> 0 | BO13: 17 | BP13: 19 | BQ13: =(BO13+BP13)/2 -> 18 | BR13: 0 | BS13: 0 | BT13: 0 | BU13: =(BR13+BS13+BT13)/3 -> 0 | BV13: 5 | BW13: =BV13+BU13+BQ13+BN13 -> 23
A14: 8 | B14: =OVERALL!B11 -> 2301258 | C14: =OVERALL!C11 -> Ritesh Thakur | BB14: 3 | BC14: 5 | BD14: =BB14+BC14 -> 8 | BE14: 45 | BF14: =(BD14/BE14)*100 -> 17.777778 | BH14: 8 | BI14: =OVERALL!B11 -> 2301258 | BJ14: =OVERALL!C11 -> Ritesh Thakur | BK14: =BD14 -> 8 | BL14: =BE14 -> 45 | BM14: =(BK14/BL14)*100 -> 17.777778 | BN14: =IF(BM14>=95.5,"6",IF(BM14>=90.5,"5", IF(BM14>=85.5,"4",IF(BM14>=80.5,"3",IF(BM14>=75.5,"2","0"))))) -> 0 | BO14: 0 | BP14: 17 | BQ14: =(BO14+BP14)/2 -> 8.5 | BR14: 9 | BS14: 0 | BT14: 0 | BU14: =(BR14+BS14+BT14)/3 -> 3 | BW14: =BV14+BU14+BQ14+BN14 -> 11.5
A15: 9 | B15: =OVERALL!B12 -> 2301259 | C15: =OVERALL!C12 -> Riya Thakur | BB15: 29 | BD15: =BB15+BC15 -> 29 | BE15: 45 | BF15: =(BD15/BE15)*100 -> 64.444444 | BH15: 9 | BI15: =OVERALL!B12 -> 2301259 | BJ15: =OVERALL!C12 -> Riya Thakur | BK15: =BD15 -> 29 | BL15: =BE15 -> 45 | BM15: =(BK15/BL15)*100 -> 64.444444 | BN15: =IF(BM15>=95.5,"6",IF(BM15>=90.5,"5", IF(BM15>=85.5,"4",IF(BM15>=80.5,"3",IF(BM15>=75.5,"2","0"))))) -> 0 | BO15: 10 | BP15: 23 | BQ15: =(BO15+BP15)/2 -> 16.5 | BR15: 8 | BS15: 8 | BT15: 8 | BU15: =(BR15+BS15+BT15)/3 -> 8 | BW15: =BV15+BU15+BQ15+BN15 -> 24.5
A16: 10 | B16: =OVERALL!B13 -> 2301260 | C16: =OVERALL!C13 -> Rounit Dhiman | BB16: 34 | BD16: =BB16+BC16 -> 34 | BE16: 45 | BF16: =(BD16/BE16)*100 -> 75.555556 | BH16: 10 | BI16: =OVERALL!B13 -> 2301260 | BJ16: =OVERALL!C13 -> Rounit Dhiman | BK16: =BD16 -> 34 | BL16: =BE16 -> 45 | BM16: =(BK16/BL16)*100 -> 75.555556 | BN16: =IF(BM16>=95.5,"6",IF(BM16>=90.5,"5", IF(BM16>=85.5,"4",IF(BM16>=80.5,"3",IF(BM16>=75.5,"2","0"))))) -> 2 | BO16: 15 | BP16: 18 | BQ16: =(BO16+BP16)/2 -> 16.5 | BR16: 7 | BS16: 7 | BT16: 0 | BU16: =(BR16+BS16+BT16)/3 -> 4.6666667 | BV16: 5 | BW16: =BV16+BU16+BQ16+BN16 -> 28.166667
A17: 11 | B17: =OVERALL!B14 -> 2301261 | C17: =OVERALL!C14 -> Rubby Kumari | BB17: 15 | BD17: =BB17+BC17 -> 15 | BE17: 45 | BF17: =(BD17/BE17)*100 -> 33.333333 | BH17: 11 | BI17: =OVERALL!B14 -> 2301261 | BJ17: =OVERALL!C14 -> Rubby Kumari | BK17: =BD17 -> 15 | BL17: =BE17 -> 45 | BM17: =(BK17/BL17)*100 -> 33.333333 | BN17: =IF(BM17>=95.5,"6",IF(BM17>=90.5,"5", IF(BM17>=85.5,"4",IF(BM17>=80.5,"3",IF(BM17>=75.5,"2","0"))))) -> 0 | BO17: 0 | BP17: 9 | BQ17: =(BO17+BP17)/2 -> 4.5 | BR17: 0 | BS17: 8 | BT17: 0 | BU17: =(BR17+BS17+BT17)/3 -> 2.6666667 | BW17: =BV17+BU17+BQ17+BN17 -> 7.1666667
A18: 12 | B18: =OVERALL!B15 -> 2301262 | C18: =OVERALL!C15 -> Sakshi Devi | BB18: 33 | BD18: =BB18+BC18 -> 33 | BE18: 45 | BF18: =(BD18/BE18)*100 -> 73.333333 | BH18: 12 | BI18: =OVERALL!B15 -> 2301262 | BJ18: =OVERALL!C15 -> Sakshi Devi | BK18: =BD18 -> 33 | BL18: =BE18 -> 45 | BM18: =(BK18/BL18)*100 -> 73.333333 | BN18: =IF(BM18>=95.5,"6",IF(BM18>=90.5,"5", IF(BM18>=85.5,"4",IF(BM18>=80.5,"3",IF(BM18>=75.5,"2","0"))))) -> 0 | BO18: 5 | BP18: 10 | BQ18: =(BO18+BP18)/2 -> 7.5 | BR18: 7 | BS18: 6 | BT18: 7 | BU18: =(BR18+BS18+BT18)/3 -> 6.6666667 | BW18: =BV18+BU18+BQ18+BN18 -> 14.166667
A19: 13 | B19: =OVERALL!B16 -> 2301263 | C19: =OVERALL!C16 -> Sanchi Sharma | BB19: 42 | BD19: =BB19+BC19 -> 42 | BE19: 45 | BF19: =(BD19/BE19)*100 -> 93.333333 | BH19: 13 | BI19: =OVERALL!B16 -> 2301263 | BJ19: =OVERALL!C16 -> Sanchi Sharma | BK19: =BD19 -> 42 | BL19: =BE19 -> 45 | BM19: =(BK19/BL19)*100 -> 93.333333 | BN19: =IF(BM19>=95.5,"6",IF(BM19>=90.5,"5", IF(BM19>=85.5,"4",IF(BM19>=80.5,"3",IF(BM19>=75.5,"2","0"))))) -> 5 | BO19: 16 | BP19: 23 | BQ19: =(BO19+BP19)/2 -> 19.5 | BR19: 8 | BS19: 8 | BT19: 9 | BU19: =(BR19+BS19+BT19)/3 -> 8.3333333 | BV19: 3 | BW19: =BV19+BU19+BQ19+BN19 -> 35.833333
A20: 14 | B20: =OVERALL!B17 -> 2301264 | C20: =OVERALL!C17 -> Sarbjit Singh | BB20: 21 | BD20: =BB20+BC20 -> 21 | BE20: 45 | BF20: =(BD20/BE20)*100 -> 46.666667 | BH20: 14 | BI20: =OVERALL!B17 -> 2301264 | BJ20: =OVERALL!C17 -> Sarbjit Singh | BK20: =BD20 -> 21 | BL20: =BE20 -> 45 | BM20: =(BK20/BL20)*100 -> 46.666667 | BN20: =IF(BM20>=95.5,"6",IF(BM20>=90.5,"5", IF(BM20>=85.5,"4",IF(BM20>=80.5,"3",IF(BM20>=75.5,"2","0"))))) -> 0 | BO20: 0 | BP20: 0 | BQ20: =(BO20+BP20)/2 -> 0 | BR20: 0 | BS20: 6 | BT20: 7 | BU20: =(BR20+BS20+BT20)/3 -> 4.3333333 | BV20: 5 | BW20: =BV20+BU20+BQ20+BN20 -> 9.3333333
A21: 15 | B21: =OVERALL!B18 -> 2301265 | C21: =OVERALL!C18 -> Sarif Mayangmayum | BB21: 34 | BC21: 1 | BD21: =BB21+BC21 -> 35 | BE21: 45 | BF21: =(BD21/BE21)*100 -> 77.777778 | BH21: 15 | BI21: =OVERALL!B18 -> 2301265 | BJ21: =OVERALL!C18 -> Sarif Mayangmayum | BK21: =BD21 -> 35 | BL21: =BE21 -> 45 | BM21: =(BK21/BL21)*100 -> 77.777778 | BN21: =IF(BM21>=95.5,"6",IF(BM21>=90.5,"5", IF(BM21>=85.5,"4",IF(BM21>=80.5,"3",IF(BM21>=75.5,"2","0"))))) -> 2 | BO21: 17 | BP21: 20 | BQ21: =(BO21+BP21)/2 -> 18.5 | BR21: 8 | BS21: 8 | BT21: 7 | BU21: =(BR21+BS21+BT21)/3 -> 7.6666667 | BW21: =BV21+BU21+BQ21+BN21 -> 28.166667
A22: 16 | B22: =OVERALL!B19 -> 2301267 | C22: =OVERALL!C19 -> Shivam Kumar Chaubey | BB22: 29 | BD22: =BB22+BC22 -> 29 | BE22: 45 | BF22: =(BD22/BE22)*100 -> 64.444444 | BH22: 16 | BI22: =OVERALL!B19 -> 2301267 | BJ22: =OVERALL!C19 -> Shivam Kumar Chaubey | BK22: =BD22 -> 29 | BL22: =BE22 -> 45 | BM22: =(BK22/BL22)*100 -> 64.444444 | BN22: =IF(BM22>=95.5,"6",IF(BM22>=90.5,"5", IF(BM22>=85.5,"4",IF(BM22>=80.5,"3",IF(BM22>=75.5,"2","0"))))) -> 0 | BO22: 11 | BP22: 10 | BQ22: =(BO22+BP22)/2 -> 10.5 | BR22: 9 | BS22: 9 | BT22: 8 | BU22: =(BR22+BS22+BT22)/3 -> 8.6666667 | BV22: 5 | BW22: =BV22+BU22+BQ22+BN22 -> 24.166667
A23: 17 | B23: =OVERALL!B20 -> 2301268 | C23: =OVERALL!C20 -> Simba Godfrey | BB23: 30 | BC23: 1 | BD23: =BB23+BC23 -> 31 | BE23: 45 | BF23: =(BD23/BE23)*100 -> 68.888889 | BH23: 17 | BI23: =OVERALL!B20 -> 2301268 | BJ23: =OVERALL!C20 -> Simba Godfrey | BK23: =BD23 -> 31 | BL23: =BE23 -> 45 | BM23: =(BK23/BL23)*100 -> 68.888889 | BN23: =IF(BM23>=95.5,"6",IF(BM23>=90.5,"5", IF(BM23>=85.5,"4",IF(BM23>=80.5,"3",IF(BM23>=75.5,"2","0"))))) -> 0 | BO23: 0 | BP23: 10 | BQ23: =(BO23+BP23)/2 -> 5 | BR23: 8 | BS23: 8 | BT23: 8 | BU23: =(BR23+BS23+BT23)/3 -> 8 | BV23: 5 | BW23: =BV23+BU23+BQ23+BN23 -> 18
A24: 18 | B24: =OVERALL!B21 -> 2301269 | C24: =OVERALL!C21 -> Simran Kaur | BB24: 39 | BD24: =BB24+BC24 -> 39 | BE24: 45 | BF24: =(BD24/BE24)*100 -> 86.666667 | BH24: 18 | BI24: =OVERALL!B21 -> 2301269 | BJ24: =OVERALL!C21 -> Simran Kaur | BK24: =BD24 -> 39 | BL24: =BE24 -> 45 | BM24: =(BK24/BL24)*100 -> 86.666667 | BN24: =IF(BM24>=95.5,"6",IF(BM24>=90.5,"5", IF(BM24>=85.5,"4",IF(BM24>=80.5,"3",IF(BM24>=75.5,"2","0"))))) -> 4 | BO24: 6 | BP24: 16 | BQ24: =(BO24+BP24)/2 -> 11 | BR24: 9 | BS24: 8 | BT24: 8 | BU24: =(BR24+BS24+BT24)/3 -> 8.3333333 | BW24: =BV24+BU24+BQ24+BN24 -> 23.333333
A25: 19 | B25: =OVERALL!B22 -> 2301270 | C25: =OVERALL!C22 -> Simranjit Singh | BB25: 23 | BD25: =BB25+BC25 -> 23 | BE25: 45 | BF25: =(BD25/BE25)*100 -> 51.111111 | BH25: 19 | BI25: =OVERALL!B22 -> 2301270 | BJ25: =OVERALL!C22 -> Simranjit Singh | BK25: =BD25 -> 23 | BL25: =BE25 -> 45 | BM25: =(BK25/BL25)*100 -> 51.111111 | BN25: =IF(BM25>=95.5,"6",IF(BM25>=90.5,"5", IF(BM25>=85.5,"4",IF(BM25>=80.5,"3",IF(BM25>=75.5,"2","0"))))) -> 0 | BO25: 0 | BP25: 15 | BQ25: =(BO25+BP25)/2 -> 7.5 | BR25: 5 | BS25: 6 | BT25: 7 | BU25: =(BR25+BS25+BT25)/3 -> 6 | BV25: 5 | BW25: =BV25+BU25+BQ25+BN25 -> 18.5
A26: 20 | B26: =OVERALL!B23 -> 2301271 | C26: =OVERALL!C23 -> Sudip Sunar | BB26: 32 | BC26: 1 | BD26: =BB26+BC26 -> 33 | BE26: 45 | BF26: =(BD26/BE26)*100 -> 73.333333 | BH26: 20 | BI26: =OVERALL!B23 -> 2301271 | BJ26: =OVERALL!C23 -> Sudip Sunar | BK26: =BD26 -> 33 | BL26: =BE26 -> 45 | BM26: =(BK26/BL26)*100 -> 73.333333 | BN26: =IF(BM26>=95.5,"6",IF(BM26>=90.5,"5", IF(BM26>=85.5,"4",IF(BM26>=80.5,"3",IF(BM26>=75.5,"2","0"))))) -> 0 | BO26: 13 | BP26: 16 | BQ26: =(BO26+BP26)/2 -> 14.5 | BR26: 7 | BS26: 7 | BT26: 8 | BU26: =(BR26+BS26+BT26)/3 -> 7.3333333 | BW26: =BV26+BU26+BQ26+BN26 -> 21.833333
A27: 21 | B27: =OVERALL!B24 -> 2301272 | C27: =OVERALL!C24 -> Sujal Sharma | BB27: 2 | BD27: =BB27+BC27 -> 2 | BE27: 45 | BF27: =(BD27/BE27)*100 -> 4.4444444 | BH27: 21 | BI27: =OVERALL!B24 -> 2301272 | BJ27: =OVERALL!C24 -> Sujal Sharma | BK27: =BD27 -> 2 | BL27: =BE27 -> 45 | BM27: =(BK27/BL27)*100 -> 4.4444444 | BN27: =IF(BM27>=95.5,"6",IF(BM27>=90.5,"5", IF(BM27>=85.5,"4",IF(BM27>=80.5,"3",IF(BM27>=75.5,"2","0"))))) -> 0 | BO27: 0 | BP27: 0 | BQ27: =(BO27+BP27)/2 -> 0 | BR27: 0 | BS27: 0 | BT27: 0 | BU27: =(BR27+BS27+BT27)/3 -> 0 | BW27: =BV27+BU27+BQ27+BN27 -> 0
A28: 22 | B28: =OVERALL!B25 -> 2301273 | C28: =OVERALL!C25 -> Sukhraj Singh | BB28: 20 | BC28: 5 | BD28: =BB28+BC28 -> 25 | BE28: 45 | BF28: =(BD28/BE28)*100 -> 55.555556 | BH28: 22 | BI28: =OVERALL!B25 -> 2301273 | BJ28: =OVERALL!C25 -> Sukhraj Singh | BK28: =BD28 -> 25 | BL28: =BE28 -> 45 | BM28: =(BK28/BL28)*100 -> 55.555556 | BN28: =IF(BM28>=95.5,"6",IF(BM28>=90.5,"5", IF(BM28>=85.5,"4",IF(BM28>=80.5,"3",IF(BM28>=75.5,"2","0"))))) -> 0 | BO28: 5 | BP28: 5 | BQ28: =(BO28+BP28)/2 -> 5 | BR28: 0 | BS28: 0 | BT28: 8 | BU28: =(BR28+BS28+BT28)/3 -> 2.6666667 | BV28: 5 | BW28: =BV28+BU28+BQ28+BN28 -> 12.666667
A29: 23 | B29: =OVERALL!B26 -> 2301274 | C29: =OVERALL!C26 -> Sukhreet Kaur | BB29: 31 | BD29: =BB29+BC29 -> 31 | BE29: 45 | BF29: =(BD29/BE29)*100 -> 68.888889 | BH29: 23 | BI29: =OVERALL!B26 -> 2301274 | BJ29: =OVERALL!C26 -> Sukhreet Kaur | BK29: =BD29 -> 31 | BL29: =BE29 -> 45 | BM29: =(BK29/BL29)*100 -> 68.888889 | BN29: =IF(BM29>=95.5,"6",IF(BM29>=90.5,"5", IF(BM29>=85.5,"4",IF(BM29>=80.5,"3",IF(BM29>=75.5,"2","0"))))) -> 0 | BO29: 10 | BP29: 19 | BQ29: =(BO29+BP29)/2 -> 14.5 | BR29: 7 | BS29: 8 | BT29: 9 | BU29: =(BR29+BS29+BT29)/3 -> 8 | BW29: =BV29+BU29+BQ29+BN29 -> 22.5
A30: 24 | B30: =OVERALL!B27 -> 2301275 | C30: =OVERALL!C27 -> Suman Krishna | BB30: 28 | BD30: =BB30+BC30 -> 28 | BE30: 45 | BF30: =(BD30/BE30)*100 -> 62.222222 | BH30: 24 | BI30: =OVERALL!B27 -> 2301275 | BJ30: =OVERALL!C27 -> Suman Krishna | BK30: =BD30 -> 28 | BL30: =BE30 -> 45 | BM30: =(BK30/BL30)*100 -> 62.222222 | BN30: =IF(BM30>=95.5,"6",IF(BM30>=90.5,"5", IF(BM30>=85.5,"4",IF(BM30>=80.5,"3",IF(BM30>=75.5,"2","0"))))) -> 0 | BO30: 10 | BP30: 20 | BQ30: =(BO30+BP30)/2 -> 15 | BR30: 9 | BS30: 9 | BT30: 8 | BU30: =(BR30+BS30+BT30)/3 -> 8.6666667 | BV30: 5 | BW30: =BV30+BU30+BQ30+BN30 -> 28.666667
A31: 25 | B31: =OVERALL!B28 -> 2301277 | C31: =OVERALL!C28 -> Tamana | BB31: 24 | BD31: =BB31+BC31 -> 24 | BE31: 45 | BF31: =(BD31/BE31)*100 -> 53.333333 | BH31: 25 | BI31: =OVERALL!B28 -> 2301277 | BJ31: =OVERALL!C28 -> Tamana | BK31: =BD31 -> 24 | BL31: =BE31 -> 45 | BM31: =(BK31/BL31)*100 -> 53.333333 | BN31: =IF(BM31>=95.5,"6",IF(BM31>=90.5,"5", IF(BM31>=85.5,"4",IF(BM31>=80.5,"3",IF(BM31>=75.5,"2","0"))))) -> 0 | BO31: 12 | BP31: 22 | BQ31: =(BO31+BP31)/2 -> 17 | BR31: 9 | BS31: 8 | BT31: 0 | BU31: =(BR31+BS31+BT31)/3 -> 5.6666667 | BV31: 5 | BW31: =BV31+BU31+BQ31+BN31 -> 27.666667
A32: 26 | B32: =OVERALL!B29 -> 2301278 | C32: =OVERALL!C29 -> Tamana Farooq Khanday | BB32: 11 | BD32: =BB32+BC32 -> 11 | BE32: 45 | BF32: =(BD32/BE32)*100 -> 24.444444 | BH32: 26 | BI32: =OVERALL!B29 -> 2301278 | BJ32: =OVERALL!C29 -> Tamana Farooq Khanday | BK32: =BD32 -> 11 | BL32: =BE32 -> 45 | BM32: =(BK32/BL32)*100 -> 24.444444 | BN32: =IF(BM32>=95.5,"6",IF(BM32>=90.5,"5", IF(BM32>=85.5,"4",IF(BM32>=80.5,"3",IF(BM32>=75.5,"2","0"))))) -> 0 | BO32: 0 | BP32: 19 | BQ32: =(BO32+BP32)/2 -> 9.5 | BR32: 6 | BS32: 7 | BT32: 6 | BU32: =(BR32+BS32+BT32)/3 -> 6.3333333 | BW32: =BV32+BU32+BQ32+BN32 -> 15.833333
A33: 27 | B33: =OVERALL!B30 -> 2301279 | C33: =OVERALL!C30 -> Tania | BB33: 33 | BD33: =BB33+BC33 -> 33 | BE33: 45 | BF33: =(BD33/BE33)*100 -> 73.333333 | BH33: 27 | BI33: =OVERALL!B30 -> 2301279 | BJ33: =OVERALL!C30 -> Tania | BK33: =BD33 -> 33 | BL33: =BE33 -> 45 | BM33: =(BK33/BL33)*100 -> 73.333333 | BN33: =IF(BM33>=95.5,"6",IF(BM33>=90.5,"5", IF(BM33>=85.5,"4",IF(BM33>=80.5,"3",IF(BM33>=75.5,"2","0"))))) -> 0 | BO33: 0 | BP33: 14 | BQ33: =(BO33+BP33)/2 -> 7 | BR33: 8 | BS33: 8 | BT33: 8 | BU33: =(BR33+BS33+BT33)/3 -> 8 | BW33: =BV33+BU33+BQ33+BN33 -> 15
A34: 28 | B34: =OVERALL!B31 -> 2301280 | C34: =OVERALL!C31 -> Taniya | BB34: 21 | BD34: =BB34+BC34 -> 21 | BE34: 45 | BF34: =(BD34/BE34)*100 -> 46.666667 | BH34: 28 | BI34: =OVERALL!B31 -> 2301280 | BJ34: =OVERALL!C31 -> Taniya | BK34: =BD34 -> 21 | BL34: =BE34 -> 45 | BM34: =(BK34/BL34)*100 -> 46.666667 | BN34: =IF(BM34>=95.5,"6",IF(BM34>=90.5,"5", IF(BM34>=85.5,"4",IF(BM34>=80.5,"3",IF(BM34>=75.5,"2","0"))))) -> 0 | BO34: 0 | BP34: 14 | BQ34: =(BO34+BP34)/2 -> 7 | BR34: 7 | BS34: 7 | BT34: 7 | BU34: =(BR34+BS34+BT34)/3 -> 7 | BW34: =BV34+BU34+BQ34+BN34 -> 14
A35: 29 | B35: =OVERALL!B32 -> 2301281 | C35: =OVERALL!C32 -> Taziko Trakha | BB35: 31 | BC35: 1 | BD35: =BB35+BC35 -> 32 | BE35: 45 | BF35: =(BD35/BE35)*100 -> 71.111111 | BH35: 29 | BI35: =OVERALL!B32 -> 2301281 | BJ35: =OVERALL!C32 -> Taziko Trakha | BK35: =BD35 -> 32 | BL35: =BE35 -> 45 | BM35: =(BK35/BL35)*100 -> 71.111111 | BN35: =IF(BM35>=95.5,"6",IF(BM35>=90.5,"5", IF(BM35>=85.5,"4",IF(BM35>=80.5,"3",IF(BM35>=75.5,"2","0"))))) -> 0 | BO35: 2 | BP35: 10 | BQ35: =(BO35+BP35)/2 -> 6 | BR35: 8 | BS35: 7 | BT35: 6 | BU35: =(BR35+BS35+BT35)/3 -> 7 | BW35: =BV35+BU35+BQ35+BN35 -> 13
A36: 30 | B36: =OVERALL!B33 -> 2301283 | C36: =OVERALL!C33 -> Vaibhav Shahi | BB36: 24 | BD36: =BB36+BC36 -> 24 | BE36: 45 | BF36: =(BD36/BE36)*100 -> 53.333333 | BH36: 30 | BI36: =OVERALL!B33 -> 2301283 | BJ36: =OVERALL!C33 -> Vaibhav Shahi | BK36: =BD36 -> 24 | BL36: =BE36 -> 45 | BM36: =(BK36/BL36)*100 -> 53.333333 | BN36: =IF(BM36>=95.5,"6",IF(BM36>=90.5,"5", IF(BM36>=85.5,"4",IF(BM36>=80.5,"3",IF(BM36>=75.5,"2","0"))))) -> 0 | BO36: 1 | BP36: 8 | BQ36: =(BO36+BP36)/2 -> 4.5 | BR36: 7 | BS36: 0 | BT36: 8 | BU36: =(BR36+BS36+BT36)/3 -> 5 | BW36: =BV36+BU36+BQ36+BN36 -> 9.5
A37: 31 | B37: =OVERALL!B34 -> 2301285 | C37: =OVERALL!C34 -> Vansh Sharma | BB37: 8 | BD37: =BB37+BC37 -> 8 | BE37: 45 | BF37: =(BD37/BE37)*100 -> 17.777778 | BH37: 31 | BI37: =OVERALL!B34 -> 2301285 | BJ37: =OVERALL!C34 -> Vansh Sharma | BK37: =BD37 -> 8 | BL37: =BE37 -> 45 | BM37: =(BK37/BL37)*100 -> 17.777778 | BN37: =IF(BM37>=95.5,"6",IF(BM37>=90.5,"5", IF(BM37>=85.5,"4",IF(BM37>=80.5,"3",IF(BM37>=75.5,"2","0"))))) -> 0 | BO37: 0 | BP37: 0 | BQ37: =(BO37+BP37)/2 -> 0 | BR37: 8 | BS37: 0 | BT37: 0 | BU37: =(BR37+BS37+BT37)/3 -> 2.6666667 | BW37: =BV37+BU37+BQ37+BN37 -> 2.6666667
A38: 32 | B38: =OVERALL!B35 -> 2301286 | C38: =OVERALL!C35 -> Vikramjit Singh | BB38: 2 | BC38: 5 | BD38: =BB38+BC38 -> 7 | BE38: 45 | BF38: =(BD38/BE38)*100 -> 15.555556 | BH38: 32 | BI38: =OVERALL!B35 -> 2301286 | BJ38: =OVERALL!C35 -> Vikramjit Singh | BK38: =BD38 -> 7 | BL38: =BE38 -> 45 | BM38: =(BK38/BL38)*100 -> 15.555556 | BN38: =IF(BM38>=95.5,"6",IF(BM38>=90.5,"5", IF(BM38>=85.5,"4",IF(BM38>=80.5,"3",IF(BM38>=75.5,"2","0"))))) -> 0 | BO38: 0 | BP38: 0 | BQ38: =(BO38+BP38)/2 -> 0 | BR38: 0 | BS38: 0 | BT38: 0 | BU38: =(BR38+BS38+BT38)/3 -> 0 | BW38: =BV38+BU38+BQ38+BN38 -> 0
A39: 33 | B39: =OVERALL!B36 -> 2339508 | C39: =OVERALL!C36 -> TANISHA | BB39: 28 | BD39: =BB39+BC39 -> 28 | BE39: 45 | BF39: =(BD39/BE39)*100 -> 62.222222 | BH39: 33 | BI39: =OVERALL!B36 -> 2339508 | BJ39: =OVERALL!C36 -> TANISHA | BK39: =BD39 -> 28 | BL39: =BE39 -> 45 | BM39: =(BK39/BL39)*100 -> 62.222222 | BN39: =IF(BM39>=95.5,"6",IF(BM39>=90.5,"5", IF(BM39>=85.5,"4",IF(BM39>=80.5,"3",IF(BM39>=75.5,"2","0"))))) -> 0 | BO39: 7 | BP39: 13 | BQ39: =(BO39+BP39)/2 -> 10 | BR39: 7 | BS39: 6 | BT39: 8 | BU39: =(BR39+BS39+BT39)/3 -> 7 | BV39: 5 | BW39: =BV39+BU39+BQ39+BN39 -> 22
A40: 34 | B40: =OVERALL!B37 -> 2339509 | C40: =OVERALL!C37 -> TOHIED AHMED | BB40: 5 | BD40: =BB40+BC40 -> 5 | BE40: 45 | BF40: =(BD40/BE40)*100 -> 11.111111 | BH40: 34 | BI40: =OVERALL!B37 -> 2339509 | BJ40: =OVERALL!C37 -> TOHIED AHMED | BK40: =BD40 -> 5 | BL40: =BE40 -> 45 | BM40: =(BK40/BL40)*100 -> 11.111111 | BN40: =IF(BM40>=95.5,"6",IF(BM40>=90.5,"5", IF(BM40>=85.5,"4",IF(BM40>=80.5,"3",IF(BM40>=75.5,"2","0"))))) -> 0 | BO40: 0 | BP40: 0 | BQ40: =(BO40+BP40)/2 -> 0 | BR40: 0 | BS40: 0 | BT40: 0 | BU40: =(BR40+BS40+BT40)/3 -> 0 | BW40: =BV40+BU40+BQ40+BN40 -> 0
A41: 35 | B41: =OVERALL!B38 -> Leet | C41: =OVERALL!C38 -> Gagan | BB41: 32 | BD41: =BB41+BC41 -> 32 | BE41: 45 | BF41: =(BD41/BE41)*100 -> 71.111111 | BH41: 35 | BI41: =OVERALL!B38 -> Leet | BJ41: =OVERALL!C38 -> Gagan | BK41: =BD41 -> 32 | BL41: =BE41 -> 45 | BM41: =(BK41/BL41)*100 -> 71.111111 | BN41: =IF(BM41>=95.5,"6",IF(BM41>=90.5,"5", IF(BM41>=85.5,"4",IF(BM41>=80.5,"3",IF(BM41>=75.5,"2","0"))))) -> 0 | BO41: 7 | BP41: 13 | BQ41: =(BO41+BP41)/2 -> 10 | BR41: 8 | BS41: 8 | BT41: 7 | BU41: =(BR41+BS41+BT41)/3 -> 7.6666667 | BV41: 5 | BW41: =BV41+BU41+BQ41+BN41 -> 22.666667
A42: 36 | B42: =OVERALL!B39 -> Leet | C42: =OVERALL!C39 -> Manisha | BB42: 39 | BD42: =BB42+BC42 -> 39 | BE42: 45 | BF42: =(BD42/BE42)*100 -> 86.666667 | BH42: 36 | BI42: =OVERALL!B39 -> Leet | BJ42: =OVERALL!C39 -> Manisha | BK42: =BD42 -> 39 | BL42: =BE42 -> 45 | BM42: =(BK42/BL42)*100 -> 86.666667 | BN42: =IF(BM42>=95.5,"6",IF(BM42>=90.5,"5", IF(BM42>=85.5,"4",IF(BM42>=80.5,"3",IF(BM42>=75.5,"2","0"))))) -> 4 | BO42: 3 | BP42: 18 | BQ42: =(BO42+BP42)/2 -> 10.5 | BR42: 8 | BS42: 8 | BT42: 8 | BU42: =(BR42+BS42+BT42)/3 -> 8 | BV42: 5 | BW42: =BV42+BU42+BQ42+BN42 -> 27.5
A43: 37 | B43: =OVERALL!B40 -> Leet | C43: =OVERALL!C40 -> Richa | BB43: 31 | BD43: =BB43+BC43 -> 31 | BE43: 45 | BF43: =(BD43/BE43)*100 -> 68.888889 | BH43: 37 | BI43: =OVERALL!B40 -> Leet | BJ43: =OVERALL!C40 -> Richa | BK43: =BD43 -> 31 | BL43: =BE43 -> 45 | BM43: =(BK43/BL43)*100 -> 68.888889 | BN43: =IF(BM43>=95.5,"6",IF(BM43>=90.5,"5", IF(BM43>=85.5,"4",IF(BM43>=80.5,"3",IF(BM43>=75.5,"2","0"))))) -> 0 | BO43: 11 | BP43: 18 | BQ43: =(BO43+BP43)/2 -> 14.5 | BR43: 8 | BS43: 8 | BT43: 8 | BU43: =(BR43+BS43+BT43)/3 -> 8 | BV43: 5 | BW43: =BV43+BU43+BQ43+BN43 -> 27.5
A44: 38 | B44: =OVERALL!B41 -> Leet | C44: =OVERALL!C41 -> Prakriti | BB44: 35 | BD44: =BB44+BC44 -> 35 | BE44: 45 | BF44: =(BD44/BE44)*100 -> 77.777778 | BH44: 38 | BI44: =OVERALL!B41 -> Leet | BJ44: =OVERALL!C41 -> Prakriti | BK44: =BD44 -> 35 | BL44: =BE44 -> 45 | BM44: =(BK44/BL44)*100 -> 77.777778 | BN44: =IF(BM44>=95.5,"6",IF(BM44>=90.5,"5", IF(BM44>=85.5,"4",IF(BM44>=80.5,"3",IF(BM44>=75.5,"2","0"))))) -> 2 | BO44: 7 | BP44: 20 | BQ44: =(BO44+BP44)/2 -> 13.5 | BR44: 9 | BS44: 9 | BT44: 8 | BU44: =(BR44+BS44+BT44)/3 -> 8.6666667 | BV44: 5 | BW44: =BV44+BU44+BQ44+BN44 -> 29.166667
A45: 39 | B45: =OVERALL!B42 -> leet | C45: =OVERALL!C42 -> Shubham | BB45: 29 | BD45: =BB45+BC45 -> 29 | BE45: 45 | BF45: =(BD45/BE45)*100 -> 64.444444 | BH45: 39 | BI45: =OVERALL!B42 -> leet | BJ45: =OVERALL!C42 -> Shubham | BK45: =BD45 -> 29 | BL45: =BE45 -> 45 | BM45: =(BK45/BL45)*100 -> 64.444444 | BN45: =IF(BM45>=95.5,"6",IF(BM45>=90.5,"5", IF(BM45>=85.5,"4",IF(BM45>=80.5,"3",IF(BM45>=75.5,"2","0"))))) -> 0 | BO45: 7 | BP45: 18 | BQ45: =(BO45+BP45)/2 -> 12.5 | BR45: 8 | BS45: 7 | BT45: 8 | BU45: =(BR45+BS45+BT45)/3 -> 7.6666667 | BV45: 5 | BW45: =BV45+BU45+BQ45+BN45 -> 25.166667
A46: 40 | B46: =OVERALL!B43 -> 2301381 | C46: =OVERALL!C43 -> ADITYA | BB46: 35 | BD46: =BB46+BC46 -> 35 | BE46: 45 | BF46: =(BD46/BE46)*100 -> 77.777778 | BH46: 40 | BI46: =OVERALL!B43 -> 2301381 | BJ46: =OVERALL!C43 -> ADITYA | BK46: =BD46 -> 35 | BL46: =BE46 -> 45 | BM46: =(BK46/BL46)*100 -> 77.777778 | BN46: =IF(BM46>=95.5,"6",IF(BM46>=90.5,"5", IF(BM46>=85.5,"4",IF(BM46>=80.5,"3",IF(BM46>=75.5,"2","0"))))) -> 2 | BO46: 13 | BP46: 11 | BQ46: =(BO46+BP46)/2 -> 12 | BR46: 9 | BS46: 8 | BT46: 8 | BU46: =(BR46+BS46+BT46)/3 -> 8.3333333 | BV46: 5 | BW46: =BV46+BU46+BQ46+BN46 -> 27.333333
A47: 41 | B47: =OVERALL!B44 -> 2301382 | C47: =OVERALL!C44 -> ANMOL | BB47: 20 | BD47: =BB47+BC47 -> 20 | BE47: 45 | BF47: =(BD47/BE47)*100 -> 44.444444 | BH47: 41 | BI47: =OVERALL!B44 -> 2301382 | BJ47: =OVERALL!C44 -> ANMOL | BK47: =BD47 -> 20 | BL47: =BE47 -> 45 | BM47: =(BK47/BL47)*100 -> 44.444444 | BN47: =IF(BM47>=95.5,"6",IF(BM47>=90.5,"5", IF(BM47>=85.5,"4",IF(BM47>=80.5,"3",IF(BM47>=75.5,"2","0"))))) -> 0 | BO47: 13 | BP47: 10 | BQ47: =(BO47+BP47)/2 -> 11.5 | BR47: 9 | BS47: 8 | BT47: 8 | BU47: =(BR47+BS47+BT47)/3 -> 8.3333333 | BW47: =BV47+BU47+BQ47+BN47 -> 19.833333
A48: 42 | B48: =OVERALL!B45 -> 2301383 | C48: =OVERALL!C45 -> AURSH SHARMA | BB48: 34 | BD48: =BB48+BC48 -> 34 | BE48: 45 | BF48: =(BD48/BE48)*100 -> 75.555556 | BH48: 42 | BI48: =OVERALL!B45 -> 2301383 | BJ48: =OVERALL!C45 -> AURSH SHARMA | BK48: =BD48 -> 34 | BL48: =BE48 -> 45 | BM48: =(BK48/BL48)*100 -> 75.555556 | BN48: =IF(BM48>=95.5,"6",IF(BM48>=90.5,"5", IF(BM48>=85.5,"4",IF(BM48>=80.5,"3",IF(BM48>=75.5,"2","0"))))) -> 2 | BO48: 10 | BP48: 17 | BQ48: =(BO48+BP48)/2 -> 13.5 | BR48: 7 | BS48: 8 | BT48: 9 | BU48: =(BR48+BS48+BT48)/3 -> 8 | BV48: 5 | BW48: =BV48+BU48+BQ48+BN48 -> 28.5
A49: 43 | B49: =OVERALL!B46 -> 2301384 | C49: =OVERALL!C46 -> AVNEET SINGH | BB49: 28 | BD49: =BB49+BC49 -> 28 | BE49: 45 | BF49: =(BD49/BE49)*100 -> 62.222222 | BH49: 43 | BI49: =OVERALL!B46 -> 2301384 | BJ49: =OVERALL!C46 -> AVNEET SINGH | BK49: =BD49 -> 28 | BL49: =BE49 -> 45 | BM49: =(BK49/BL49)*100 -> 62.222222 | BN49: =IF(BM49>=95.5,"6",IF(BM49>=90.5,"5", IF(BM49>=85.5,"4",IF(BM49>=80.5,"3",IF(BM49>=75.5,"2","0"))))) -> 0 | BO49: 10 | BP49: 13 | BQ49: =(BO49+BP49)/2 -> 11.5 | BR49: 8 | BS49: 7 | BT49: 8 | BU49: =(BR49+BS49+BT49)/3 -> 7.6666667 | BW49: =BV49+BU49+BQ49+BN49 -> 19.166667
A50: 44 | B50: =OVERALL!B47 -> 2301385 | C50: =OVERALL!C47 -> BOBBY | BB50: 26 | BD50: =BB50+BC50 -> 26 | BE50: 45 | BF50: =(BD50/BE50)*100 -> 57.777778 | BH50: 44 | BI50: =OVERALL!B47 -> 2301385 | BJ50: =OVERALL!C47 -> BOBBY | BK50: =BD50 -> 26 | BL50: =BE50 -> 45 | BM50: =(BK50/BL50)*100 -> 57.777778 | BN50: =IF(BM50>=95.5,"6",IF(BM50>=90.5,"5", IF(BM50>=85.5,"4",IF(BM50>=80.5,"3",IF(BM50>=75.5,"2","0"))))) -> 0 | BO50: 10 | BP50: 11 | BQ50: =(BO50+BP50)/2 -> 10.5 | BR50: 7 | BS50: 8 | BT50: 7 | BU50: =(BR50+BS50+BT50)/3 -> 7.3333333 | BV50: 5 | BW50: =BV50+BU50+BQ50+BN50 -> 22.833333
A51: 45 | B51: =OVERALL!B48 -> 2301386 | C51: =OVERALL!C48 -> CHARANJIT SINGH | BB51: 16 | BD51: =BB51+BC51 -> 16 | BE51: 45 | BF51: =(BD51/BE51)*100 -> 35.555556 | BH51: 45 | BI51: =OVERALL!B48 -> 2301386 | BJ51: =OVERALL!C48 -> CHARANJIT SINGH | BK51: =BD51 -> 16 | BL51: =BE51 -> 45 | BM51: =(BK51/BL51)*100 -> 35.555556 | BN51: =IF(BM51>=95.5,"6",IF(BM51>=90.5,"5", IF(BM51>=85.5,"4",IF(BM51>=80.5,"3",IF(BM51>=75.5,"2","0"))))) -> 0 | BO51: 0 | BP51: 11 | BQ51: =(BO51+BP51)/2 -> 5.5 | BR51: 8 | BS51: 0 | BT51: 8 | BU51: =(BR51+BS51+BT51)/3 -> 5.3333333 | BV51: 5 | BW51: =BV51+BU51+BQ51+BN51 -> 15.833333
A52: 46 | B52: =OVERALL!B49 -> 2301387 | C52: =OVERALL!C49 -> INDERBIR SINGH | BB52: 15 | BD52: =BB52+BC52 -> 15 | BE52: 45 | BF52: =(BD52/BE52)*100 -> 33.333333 | BH52: 46 | BI52: =OVERALL!B49 -> 2301387 | BJ52: =OVERALL!C49 -> INDERBIR SINGH | BK52: =BD52 -> 15 | BL52: =BE52 -> 45 | BM52: =(BK52/BL52)*100 -> 33.333333 | BN52: =IF(BM52>=95.5,"6",IF(BM52>=90.5,"5", IF(BM52>=85.5,"4",IF(BM52>=80.5,"3",IF(BM52>=75.5,"2","0"))))) -> 0 | BO52: 0 | BP52: 7 | BQ52: =(BO52+BP52)/2 -> 3.5 | BR52: 8 | BS52: 8 | BT52: 7 | BU52: =(BR52+BS52+BT52)/3 -> 7.6666667 | BW52: =BV52+BU52+BQ52+BN52 -> 11.166667
A53: 47 | B53: =OVERALL!B50 -> 2301389 | C53: =OVERALL!C50 -> JASMEEN | BB53: 27 | BD53: =BB53+BC53 -> 27 | BE53: 45 | BF53: =(BD53/BE53)*100 -> 60 | BH53: 47 | BI53: =OVERALL!B50 -> 2301389 | BJ53: =OVERALL!C50 -> JASMEEN | BK53: =BD53 -> 27 | BL53: =BE53 -> 45 | BM53: =(BK53/BL53)*100 -> 60 | BN53: =IF(BM53>=95.5,"6",IF(BM53>=90.5,"5", IF(BM53>=85.5,"4",IF(BM53>=80.5,"3",IF(BM53>=75.5,"2","0"))))) -> 0 | BO53: 12 | BP53: 19 | BQ53: =(BO53+BP53)/2 -> 15.5 | BR53: 8 | BS53: 8 | BT53: 0 | BU53: =(BR53+BS53+BT53)/3 -> 5.3333333 | BW53: =BV53+BU53+BQ53+BN53 -> 20.833333
A54: 48 | B54: =OVERALL!B51 -> 2301390 | C54: =OVERALL!C51 -> KUNDAN | BB54: 30 | BD54: =BB54+BC54 -> 30 | BE54: 45 | BF54: =(BD54/BE54)*100 -> 66.666667 | BH54: 48 | BI54: =OVERALL!B51 -> 2301390 | BJ54: =OVERALL!C51 -> KUNDAN | BK54: =BD54 -> 30 | BL54: =BE54 -> 45 | BM54: =(BK54/BL54)*100 -> 66.666667 | BN54: =IF(BM54>=95.5,"6",IF(BM54>=90.5,"5", IF(BM54>=85.5,"4",IF(BM54>=80.5,"3",IF(BM54>=75.5,"2","0"))))) -> 0 | BO54: 11 | BP54: 8 | BQ54: =(BO54+BP54)/2 -> 9.5 | BR54: 8 | BS54: 7 | BT54: 8 | BU54: =(BR54+BS54+BT54)/3 -> 7.6666667 | BV54: 5 | BW54: =BV54+BU54+BQ54+BN54 -> 22.166667
A55: 49 | B55: =OVERALL!B52 -> 2301391 | C55: =OVERALL!C52 -> MANVEER SINGH | BB55: 33 | BD55: =BB55+BC55 -> 33 | BE55: 45 | BF55: =(BD55/BE55)*100 -> 73.333333 | BH55: 49 | BI55: =OVERALL!B52 -> 2301391 | BJ55: =OVERALL!C52 -> MANVEER SINGH | BK55: =BD55 -> 33 | BL55: =BE55 -> 45 | BM55: =(BK55/BL55)*100 -> 73.333333 | BN55: =IF(BM55>=95.5,"6",IF(BM55>=90.5,"5", IF(BM55>=85.5,"4",IF(BM55>=80.5,"3",IF(BM55>=75.5,"2","0"))))) -> 0 | BO55: 10 | BP55: 16 | BQ55: =(BO55+BP55)/2 -> 13 | BR55: 9 | BS55: 9 | BT55: 9 | BU55: =(BR55+BS55+BT55)/3 -> 9 | BW55: =BV55+BU55+BQ55+BN55 -> 22
A56: 50 | B56: =OVERALL!B53 -> 2301392 | C56: =OVERALL!C53 -> MOHIT KUMAR | BB56: 26 | BD56: =BB56+BC56 -> 26 | BE56: 45 | BF56: =(BD56/BE56)*100 -> 57.777778 | BH56: 50 | BI56: =OVERALL!B53 -> 2301392 | BJ56: =OVERALL!C53 -> MOHIT KUMAR | BK56: =BD56 -> 26 | BL56: =BE56 -> 45 | BM56: =(BK56/BL56)*100 -> 57.777778 | BN56: =IF(BM56>=95.5,"6",IF(BM56>=90.5,"5", IF(BM56>=85.5,"4",IF(BM56>=80.5,"3",IF(BM56>=75.5,"2","0"))))) -> 0 | BO56: 2 | BP56: 0 | BQ56: =(BO56+BP56)/2 -> 1 | BR56: 6 | BS56: 7 | BT56: 8 | BU56: =(BR56+BS56+BT56)/3 -> 7 | BW56: =BV56+BU56+BQ56+BN56 -> 8
A57: 51 | B57: =OVERALL!B54 -> 2301393 | C57: =OVERALL!C54 -> NAVNEET | BB57: 16 | BD57: =BB57+BC57 -> 16 | BE57: 45 | BF57: =(BD57/BE57)*100 -> 35.555556 | BH57: 51 | BI57: =OVERALL!B54 -> 2301393 | BJ57: =OVERALL!C54 -> NAVNEET | BK57: =BD57 -> 16 | BL57: =BE57 -> 45 | BM57: =(BK57/BL57)*100 -> 35.555556 | BN57: =IF(BM57>=95.5,"6",IF(BM57>=90.5,"5", IF(BM57>=85.5,"4",IF(BM57>=80.5,"3",IF(BM57>=75.5,"2","0"))))) -> 0 | BO57: 0 | BP57: 1 | BQ57: =(BO57+BP57)/2 -> 0.5 | BR57: 0 | BS57: 0 | BT57: 0 | BU57: =(BR57+BS57+BT57)/3 -> 0 | BV57: 5 | BW57: =BV57+BU57+BQ57+BN57 -> 5.5
A58: 52 | B58: =OVERALL!B55 -> 2301394 | C58: =OVERALL!C55 -> NITIN VERMA | BB58: 30 | BD58: =BB58+BC58 -> 30 | BE58: 45 | BF58: =(BD58/BE58)*100 -> 66.666667 | BH58: 52 | BI58: =OVERALL!B55 -> 2301394 | BJ58: =OVERALL!C55 -> NITIN VERMA | BK58: =BD58 -> 30 | BL58: =BE58 -> 45 | BM58: =(BK58/BL58)*100 -> 66.666667 | BN58: =IF(BM58>=95.5,"6",IF(BM58>=90.5,"5", IF(BM58>=85.5,"4",IF(BM58>=80.5,"3",IF(BM58>=75.5,"2","0"))))) -> 0 | BO58: 19 | BP58: 20 | BQ58: =(BO58+BP58)/2 -> 19.5 | BR58: 7 | BS58: 8 | BT58: 9 | BU58: =(BR58+BS58+BT58)/3 -> 8 | BV58: 5 | BW58: =BV58+BU58+BQ58+BN58 -> 32.5
A59: 53 | B59: =OVERALL!B56 -> 2301395 | C59: =OVERALL!C56 -> POOJA | BB59: 13 | BD59: =BB59+BC59 -> 13 | BE59: 45 | BF59: =(BD59/BE59)*100 -> 28.888889 | BH59: 53 | BI59: =OVERALL!B56 -> 2301395 | BJ59: =OVERALL!C56 -> POOJA | BK59: =BD59 -> 13 | BL59: =BE59 -> 45 | BM59: =(BK59/BL59)*100 -> 28.888889 | BN59: =IF(BM59>=95.5,"6",IF(BM59>=90.5,"5", IF(BM59>=85.5,"4",IF(BM59>=80.5,"3",IF(BM59>=75.5,"2","0"))))) -> 0 | BO59: 11 | BP59: 16 | BQ59: =(BO59+BP59)/2 -> 13.5 | BR59: 8 | BS59: 8 | BT59: 7 | BU59: =(BR59+BS59+BT59)/3 -> 7.6666667 | BW59: =BV59+BU59+BQ59+BN59 -> 21.166667
A60: 54 | B60: =OVERALL!B57 -> 2301396 | C60: =OVERALL!C57 -> PRIYA | BB60: 36 | BD60: =BB60+BC60 -> 36 | BE60: 45 | BF60: =(BD60/BE60)*100 -> 80 | BH60: 54 | BI60: =OVERALL!B57 -> 2301396 | BJ60: =OVERALL!C57 -> PRIYA | BK60: =BD60 -> 36 | BL60: =BE60 -> 45 | BM60: =(BK60/BL60)*100 -> 80 | BN60: =IF(BM60>=95.5,"6",IF(BM60>=90.5,"5", IF(BM60>=85.5,"4",IF(BM60>=80.5,"3",IF(BM60>=75.5,"2","0"))))) -> 2 | BO60: 11 | BP60: 20 | BQ60: =(BO60+BP60)/2 -> 15.5 | BR60: 8 | BS60: 8 | BT60: 9 | BU60: =(BR60+BS60+BT60)/3 -> 8.3333333 | BW60: =BV60+BU60+BQ60+BN60 -> 25.833333
A61: 55 | B61: =OVERALL!B58 -> 2301397 | C61: =OVERALL!C58 -> SAHIL | BB61: 25 | BD61: =BB61+BC61 -> 25 | BE61: 45 | BF61: =(BD61/BE61)*100 -> 55.555556 | BH61: 55 | BI61: =OVERALL!B58 -> 2301397 | BJ61: =OVERALL!C58 -> SAHIL | BK61: =BD61 -> 25 | BL61: =BE61 -> 45 | BM61: =(BK61/BL61)*100 -> 55.555556 | BN61: =IF(BM61>=95.5,"6",IF(BM61>=90.5,"5", IF(BM61>=85.5,"4",IF(BM61>=80.5,"3",IF(BM61>=75.5,"2","0"))))) -> 0 | BO61: 4 | BP61: 8 | BQ61: =(BO61+BP61)/2 -> 6 | BR61: 7 | BS61: 7 | BT61: 7 | BU61: =(BR61+BS61+BT61)/3 -> 7 | BW61: =BV61+BU61+BQ61+BN61 -> 13
A62: 56 | B62: =OVERALL!B59 -> 2301398 | C62: =OVERALL!C59 -> SANJANA | BB62: 30 | BD62: =BB62+BC62 -> 30 | BE62: 45 | BF62: =(BD62/BE62)*100 -> 66.666667 | BH62: 56 | BI62: =OVERALL!B59 -> 2301398 | BJ62: =OVERALL!C59 -> SANJANA | BK62: =BD62 -> 30 | BL62: =BE62 -> 45 | BM62: =(BK62/BL62)*100 -> 66.666667 | BN62: =IF(BM62>=95.5,"6",IF(BM62>=90.5,"5", IF(BM62>=85.5,"4",IF(BM62>=80.5,"3",IF(BM62>=75.5,"2","0"))))) -> 0 | BO62: 7 | BP62: 17 | BQ62: =(BO62+BP62)/2 -> 12 | BR62: 9 | BS62: 9 | BT62: 8 | BU62: =(BR62+BS62+BT62)/3 -> 8.6666667 | BW62: =BV62+BU62+BQ62+BN62 -> 20.666667
A63: 57 | B63: =OVERALL!B60 -> 2301399 | C63: =OVERALL!C60 -> SANJAY | BB63: 22 | BD63: =BB63+BC63 -> 22 | BE63: 45 | BF63: =(BD63/BE63)*100 -> 48.888889 | BH63: 57 | BI63: =OVERALL!B60 -> 2301399 | BJ63: =OVERALL!C60 -> SANJAY | BK63: =BD63 -> 22 | BL63: =BE63 -> 45 | BM63: =(BK63/BL63)*100 -> 48.888889 | BN63: =IF(BM63>=95.5,"6",IF(BM63>=90.5,"5", IF(BM63>=85.5,"4",IF(BM63>=80.5,"3",IF(BM63>=75.5,"2","0"))))) -> 0 | BO63: 10 | BP63: 0 | BQ63: =(BO63+BP63)/2 -> 5 | BR63: 0 | BS63: 0 | BT63: 0 | BU63: =(BR63+BS63+BT63)/3 -> 0 | BW63: =BV63+BU63+BQ63+BN63 -> 5
A64: 58 | B64: =OVERALL!B61 -> 2301401 | C64: =OVERALL!C61 -> SMILE JASSAL | BB64: 35 | BD64: =BB64+BC64 -> 35 | BE64: 45 | BF64: =(BD64/BE64)*100 -> 77.777778 | BH64: 58 | BI64: =OVERALL!B61 -> 2301401 | BJ64: =OVERALL!C61 -> SMILE JASSAL | BK64: =BD64 -> 35 | BL64: =BE64 -> 45 | BM64: =(BK64/BL64)*100 -> 77.777778 | BN64: =IF(BM64>=95.5,"6",IF(BM64>=90.5,"5", IF(BM64>=85.5,"4",IF(BM64>=80.5,"3",IF(BM64>=75.5,"2","0"))))) -> 2 | BO64: 5 | BP64: 13 | BQ64: =(BO64+BP64)/2 -> 9 | BR64: 9 | BS64: 9 | BT64: 8 | BU64: =(BR64+BS64+BT64)/3 -> 8.6666667 | BW64: =BV64+BU64+BQ64+BN64 -> 19.666667
A65: 59 | B65: =OVERALL!B62 -> 2301402 | C65: =OVERALL!C62 -> SUMIT BHARAJ | BB65: 28 | BD65: =BB65+BC65 -> 28 | BE65: 45 | BF65: =(BD65/BE65)*100 -> 62.222222 | BH65: 59 | BI65: =OVERALL!B62 -> 2301402 | BJ65: =OVERALL!C62 -> SUMIT BHARAJ | BK65: =BD65 -> 28 | BL65: =BE65 -> 45 | BM65: =(BK65/BL65)*100 -> 62.222222 | BN65: =IF(BM65>=95.5,"6",IF(BM65>=90.5,"5", IF(BM65>=85.5,"4",IF(BM65>=80.5,"3",IF(BM65>=75.5,"2","0"))))) -> 0 | BO65: 5 | BP65: 14 | BQ65: =(BO65+BP65)/2 -> 9.5 | BR65: 8 | BS65: 8 | BT65: 8 | BU65: =(BR65+BS65+BT65)/3 -> 8 | BV65: 5 | BW65: =BV65+BU65+BQ65+BN65 -> 22.5
A66: 60 | B66: =OVERALL!B63 -> 2301403 | C66: =OVERALL!C63 -> SUNAKSHI | BB66: 36 | BD66: =BB66+BC66 -> 36 | BE66: 45 | BF66: =(BD66/BE66)*100 -> 80 | BH66: 60 | BI66: =OVERALL!B63 -> 2301403 | BJ66: =OVERALL!C63 -> SUNAKSHI | BK66: =BD66 -> 36 | BL66: =BE66 -> 45 | BM66: =(BK66/BL66)*100 -> 80 | BN66: =IF(BM66>=95.5,"6",IF(BM66>=90.5,"5", IF(BM66>=85.5,"4",IF(BM66>=80.5,"3",IF(BM66>=75.5,"2","0"))))) -> 2 | BO66: 12 | BP66: 22 | BQ66: =(BO66+BP66)/2 -> 17 | BR66: 9 | BS66: 8 | BT66: 9 | BU66: =(BR66+BS66+BT66)/3 -> 8.6666667 | BW66: =BV66+BU66+BQ66+BN66 -> 27.666667
A67: 61 | B67: =OVERALL!B64 -> 2301404 | C67: =OVERALL!C64 -> VANSH | BB67: 27 | BD67: =BB67+BC67 -> 27 | BE67: 45 | BF67: =(BD67/BE67)*100 -> 60 | BH67: 61 | BI67: =OVERALL!B64 -> 2301404 | BJ67: =OVERALL!C64 -> VANSH | BK67: =BD67 -> 27 | BL67: =BE67 -> 45 | BM67: =(BK67/BL67)*100 -> 60 | BN67: =IF(BM67>=95.5,"6",IF(BM67>=90.5,"5", IF(BM67>=85.5,"4",IF(BM67>=80.5,"3",IF(BM67>=75.5,"2","0"))))) -> 0 | BO67: 8 | BP67: 14 | BQ67: =(BO67+BP67)/2 -> 11 | BR67: 6 | BS67: 6 | BT67: 7 | BU67: =(BR67+BS67+BT67)/3 -> 6.3333333 | BW67: =BV67+BU67+BQ67+BN67 -> 17.333333
A68: 62 | B68: =OVERALL!B65 -> 2301405 | C68: =OVERALL!C65 -> VARINDER BHATOY | BB68: 25 | BD68: =BB68+BC68 -> 25 | BE68: 45 | BF68: =(BD68/BE68)*100 -> 55.555556 | BH68: 62 | BI68: =OVERALL!B65 -> 2301405 | BJ68: =OVERALL!C65 -> VARINDER BHATOY | BK68: =BD68 -> 25 | BL68: =BE68 -> 45 | BM68: =(BK68/BL68)*100 -> 55.555556 | BN68: =IF(BM68>=95.5,"6",IF(BM68>=90.5,"5", IF(BM68>=85.5,"4",IF(BM68>=80.5,"3",IF(BM68>=75.5,"2","0"))))) -> 0 | BO68: 0 | BP68: 0 | BQ68: =(BO68+BP68)/2 -> 0 | BR68: 6 | BS68: 0 | BT68: 8 | BU68: =(BR68+BS68+BT68)/3 -> 4.6666667 | BW68: =BV68+BU68+BQ68+BN68 -> 4.6666667
A69: 63 | B69: =OVERALL!B66 -> 2301407 | C69: =OVERALL!C66 -> YASHODHA | BB69: 37 | BD69: =BB69+BC69 -> 37 | BE69: 45 | BF69: =(BD69/BE69)*100 -> 82.222222 | BH69: 63 | BI69: =OVERALL!B66 -> 2301407 | BJ69: =OVERALL!C66 -> YASHODHA | BK69: =BD69 -> 37 | BL69: =BE69 -> 45 | BM69: =(BK69/BL69)*100 -> 82.222222 | BN69: =IF(BM69>=95.5,"6",IF(BM69>=90.5,"5", IF(BM69>=85.5,"4",IF(BM69>=80.5,"3",IF(BM69>=75.5,"2","0"))))) -> 3 | BO69: 3 | BP69: 0 | BQ69: =(BO69+BP69)/2 -> 1.5 | BR69: 9 | BS69: 9 | BT69: 7 | BU69: =(BR69+BS69+BT69)/3 -> 8.3333333 | BW69: =BV69+BU69+BQ69+BN69 -> 12.833333
A70: 64 | B70: =OVERALL!B67 -> 2301408 | C70: =OVERALL!C67 -> YOGESH SINGH | BB70: 1 | BD70: =BB70+BC70 -> 1 | BE70: 45 | BF70: =(BD70/BE70)*100 -> 2.2222222 | BH70: 64 | BI70: =OVERALL!B67 -> 2301408 | BJ70: =OVERALL!C67 -> YOGESH SINGH | BK70: =BD70 -> 1 | BL70: =BE70 -> 45 | BM70: =(BK70/BL70)*100 -> 2.2222222 | BN70: =IF(BM70>=95.5,"6",IF(BM70>=90.5,"5", IF(BM70>=85.5,"4",IF(BM70>=80.5,"3",IF(BM70>=75.5,"2","0"))))) -> 0 | BO70: 0 | BP70: 0 | BQ70: =(BO70+BP70)/2 -> 0 | BR70: 7 | BS70: 8 | BT70: 7 | BU70: =(BR70+BS70+BT70)/3 -> 7.3333333 | BV70: 5 | BW70: =BV70+BU70+BQ70+BN70 -> 12.333333
A71: 65 | B71: =OVERALL!B68 -> 2322658 | C71: =OVERALL!C68 -> BHAWANI THAKUR | BB71: 38 | BD71: =BB71+BC71 -> 38 | BE71: 45 | BF71: =(BD71/BE71)*100 -> 84.444444 | BH71: 65 | BI71: =OVERALL!B68 -> 2322658 | BJ71: =OVERALL!C68 -> BHAWANI THAKUR | BK71: =BD71 -> 38 | BL71: =BE71 -> 45 | BM71: =(BK71/BL71)*100 -> 84.444444 | BN71: =IF(BM71>=95.5,"6",IF(BM71>=90.5,"5", IF(BM71>=85.5,"4",IF(BM71>=80.5,"3",IF(BM71>=75.5,"2","0"))))) -> 3 | BO71: 6 | BP71: 22 | BQ71: =(BO71+BP71)/2 -> 14 | BR71: 0 | BS71: 8 | BT71: 8 | BU71: =(BR71+BS71+BT71)/3 -> 5.3333333 | BV71: 3 | BW71: =BV71+BU71+BQ71+BN71 -> 25.333333
A72: 66 | B72: =OVERALL!B69 -> 2322659 | C72: =OVERALL!C69 -> HARGUN KAUR | BB72: 30 | BC72: 11 | BD72: =BB72+BC72 -> 41 | BE72: 45 | BF72: =(BD72/BE72)*100 -> 91.111111 | BH72: 66 | BI72: =OVERALL!B69 -> 2322659 | BJ72: =OVERALL!C69 -> HARGUN KAUR | BK72: =BD72 -> 41 | BL72: =BE72 -> 45 | BM72: =(BK72/BL72)*100 -> 91.111111 | BN72: =IF(BM72>=95.5,"6",IF(BM72>=90.5,"5", IF(BM72>=85.5,"4",IF(BM72>=80.5,"3",IF(BM72>=75.5,"2","0"))))) -> 5 | BO72: 20 | BP72: 24 | BQ72: =(BO72+BP72)/2 -> 22 | BR72: 8 | BS72: 9 | BT72: 8 | BU72: =(BR72+BS72+BT72)/3 -> 8.3333333 | BV72: 1 | BW72: =BV72+BU72+BQ72+BN72 -> 36.333333
A73: 67 | B73: =OVERALL!B70 -> 2322665 | C73: =OVERALL!C70 -> PAWAN KUMAR | BB73: 17 | BD73: =BB73+BC73 -> 17 | BE73: 45 | BF73: =(BD73/BE73)*100 -> 37.777778 | BH73: 67 | BI73: =OVERALL!B70 -> 2322665 | BJ73: =OVERALL!C70 -> PAWAN KUMAR | BK73: =BD73 -> 17 | BL73: =BE73 -> 45 | BM73: =(BK73/BL73)*100 -> 37.777778 | BN73: =IF(BM73>=95.5,"6",IF(BM73>=90.5,"5", IF(BM73>=85.5,"4",IF(BM73>=80.5,"3",IF(BM73>=75.5,"2","0"))))) -> 0 | BO73: 8 | BP73: 17 | BQ73: =(BO73+BP73)/2 -> 12.5 | BR73: 7 | BS73: 7 | BT73: 8 | BU73: =(BR73+BS73+BT73)/3 -> 7.3333333 | BV73: 3 | BW73: =BV73+BU73+BQ73+BN73 -> 22.833333
A74: 68 | B74: =OVERALL!B71 -> 2322666 | C74: =OVERALL!C71 -> PRINCE ABHISHEK | BB74: 26 | BD74: =BB74+BC74 -> 26 | BE74: 45 | BF74: =(BD74/BE74)*100 -> 57.777778 | BH74: 68 | BI74: =OVERALL!B71 -> 2322666 | BJ74: =OVERALL!C71 -> PRINCE ABHISHEK | BK74: =BD74 -> 26 | BL74: =BE74 -> 45 | BM74: =(BK74/BL74)*100 -> 57.777778 | BN74: =IF(BM74>=95.5,"6",IF(BM74>=90.5,"5", IF(BM74>=85.5,"4",IF(BM74>=80.5,"3",IF(BM74>=75.5,"2","0"))))) -> 0 | BO74: 8 | BP74: 20 | BQ74: =(BO74+BP74)/2 -> 14 | BR74: 7 | BS74: 8 | BT74: 0 | BU74: =(BR74+BS74+BT74)/3 -> 5 | BV74: 3 | BW74: =BV74+BU74+BQ74+BN74 -> 22
A75: 69 | B75: =OVERALL!B72 -> 2322670 | C75: =OVERALL!C72 -> SUMIT MAHEY | BB75: 10 | BD75: =BB75+BC75 -> 10 | BE75: 45 | BF75: =(BD75/BE75)*100 -> 22.222222 | BH75: 69 | BI75: =OVERALL!B72 -> 2322670 | BJ75: =OVERALL!C72 -> SUMIT MAHEY | BK75: =BD75 -> 10 | BL75: =BE75 -> 45 | BM75: =(BK75/BL75)*100 -> 22.222222 | BN75: =IF(BM75>=95.5,"6",IF(BM75>=90.5,"5", IF(BM75>=85.5,"4",IF(BM75>=80.5,"3",IF(BM75>=75.5,"2","0"))))) -> 0 | BO75: 4 | BP75: 13 | BQ75: =(BO75+BP75)/2 -> 8.5 | BR75: 6 | BS75: 6 | BT75: 0 | BU75: =(BR75+BS75+BT75)/3 -> 4 | BV75: 3 | BW75: =BV75+BU75+BQ75+BN75 -> 15.5
A76: 70 | B76: =OVERALL!B73 -> 2322673 | C76: =OVERALL!C73 -> USMAN ALI | BB76: 22 | BD76: =BB76+BC76 -> 22 | BE76: 45 | BF76: =(BD76/BE76)*100 -> 48.888889 | BH76: 70 | BI76: =OVERALL!B73 -> 2322673 | BJ76: =OVERALL!C73 -> USMAN ALI | BK76: =BD76 -> 22 | BL76: =BE76 -> 45 | BM76: =(BK76/BL76)*100 -> 48.888889 | BN76: =IF(BM76>=95.5,"6",IF(BM76>=90.5,"5", IF(BM76>=85.5,"4",IF(BM76>=80.5,"3",IF(BM76>=75.5,"2","0"))))) -> 0 | BO76: 3 | BP76: 10 | BQ76: =(BO76+BP76)/2 -> 6.5 | BR76: 7 | BS76: 8 | BT76: 9 | BU76: =(BR76+BS76+BT76)/3 -> 8 | BV76: 3 | BW76: =BV76+BU76+BQ76+BN76 -> 17.5

Sheet OS
A1: =OVERALL!A1 -> ATTENDANCE RECORD JAN-JUNE 2025 (B.Tech CSE 4B) | BH1: CTIEMT : Evaluation Sheet for Internal Awards (Theory)
BH2: Session: JAN TO JUNE 2025
BH3: Department: CSE | BP3: Semester: B.TECH 4B
A4: Dr. Sandeep Ranjan | BH4: Subject Name: Operating Systems | BP4: Subject Code: BTCS 402-18
A5: DATE | BB5: PRESENT | BC5: DL (IF ANY) | BD5: Total Attended | BE5: Total Delievered | BF5: PERCENTAGE | BH5: S.No. | BI5: Reg No. | BJ5: Name of Student | BK5: Total Lec Att | BL5: Total Lec Del | BM5: Att %age | BN5: Att Marks (6) | BO5: MST I (24) | BP5: MST II (24) | BQ5: Average MST I & II (24) | BR5: Assignments | BU5: Assignments AVG (10) | BV5: Grace | BW5: Grand Total (40)
A6: S.No. | B6: Reg No. | C6: Name of Student | D6: 1 | E6: 2 | F6: 3 | G6: 4 | H6: 5 | I6: 6 | J6: 7 | K6: 8 | L6: 9 | M6: 10 | N6: 11 | O6: 12 | P6: 13 | Q6: 14 | R6: 15 | S6: 16 | T6: 17 | U6: 18 | V6: 19 | W6: 20 | X6: 21 | Y6: 22 | Z6: 23 | AA6: 24 | AB6: 25 | AC6: 26 | AD6: 27 | AE6: 28 | AF6: 29 | AG6: 30 | AH6: 31 | AI6: 32 | AJ6: 33 | AK6: 34 | AL6: 35 | AM6: 36 | AN6: 37 | AO6: 38 | AP6: 39 | AQ6: 40 | AR6: 41 | AS6: 42 | AT6: 43 | AU6: 44 | AV6: 45 | AW6: 46 | AX6: 47 | AY6: 48 | AZ6: 49 | BA6: 50 | BR6: 1 | BS6: 2 | BT6: 3
A7: 1 | B7: =OVERALL!B4 -> 2301249 | C7: =OVERALL!C4 -> Rahul Sharma | BB7: 17 | BD7: =BB7+BC7 -> 17 | BE7: 33 | BF7: =(BD7/BE7)*100 -> 51.515152 | BH7: 1 | BI7: =OVERALL!B4 -> 2301249 | BJ7: =OVERALL!C4 -> Rahul Sharma | BK7: 17 | BL7: 33 | BM7: =(BK7/BL7)*100 -> 51.515152 | BN7: =IF(BM7>=95.5,"6",IF(BM7>=90.5,"5", IF(BM7>=85.5,"4",IF(BM7>=80.5,"3",IF(BM7>=75.5,"2","0"))))) -> 0 | BO7: 7 | BP7: 8 | BQ7: =(BO7+BP7)/2 -> 7.5 | BR7: 9 | BS7: 8 | BT7: 8 | BU7: =(BR7+BS7+BT7)/3 -> 8.3333333 | BV7: 5 | BW7: =BV7+BU7+BQ7+BN7 -> 20.833333
A8: 2 | B8: =OVERALL!B5 -> 2301251 | C8: =OVERALL!C5 -> Raj Kumar | BB8: 21 | BD8: =BB8+BC8 -> 21 | BE8: 33 | BF8: =(BD8/BE8)*100 -> 63.636364 | BH8: 2 | BI8: =OVERALL!B5 -> 2301251 | BJ8: =OVERALL!C5 -> Raj Kumar | BK8: 21 | BL8: 33 | BM8: =(BK8/BL8)*100 -> 63.636364 | BN8: =IF(BM8>=95.5,"6",IF(BM8>=90.5,"5", IF(BM8>=85.5,"4",IF(BM8>=80.5,"3",IF(BM8>=75.5,"2","0"))))) -> 0 | BO8: 7 | BP8: 6 | BQ8: =(BO8+BP8)/2 -> 6.5 | BR8: 8 | BS8: 9 | BT8: 9 | BU8: =(BR8+BS8+BT8)/3 -> 8.6666667 | BW8: =BV8+BU8+BQ8+BN8 -> 15.166667
A9: 3 | B9: =OVERALL!B6 -> 2301252 | C9: =OVERALL!C6 -> Rajan Sharma | BB9: 27 | BD9: =BB9+BC9 -> 27 | BE9: 33 | BF9: =(BD9/BE9)*100 -> 81.818182 | BH9: 3 | BI9: =OVERALL!B6 -> 2301252 | BJ9: =OVERALL!C6 -> Rajan Sharma | BK9: 27 | BL9: 33 | BM9: =(BK9/BL9)*100 -> 81.818182 | BN9: =IF(BM9>=95.5,"6",IF(BM9>=90.5,"5", IF(BM9>=85.5,"4",IF(BM9>=80.5,"3",IF(BM9>=75.5,"2","0"))))) -> 3 | BO9: 7 | BP9: 19 | BQ9: =(BO9+BP9)/2 -> 13 | BR9: 8 | BS9: 9 | BT9: 9 | BU9: =(BR9+BS9+BT9)/3 -> 8.6666667 | BW9: =BV9+BU9+BQ9+BN9 -> 24.666667
A10: 4 | B10: =OVERALL!B7 -> 2301253 | C10: =OVERALL!C7 -> Rajwinder Kaur | BB10: 28 | BD10: =BB10+BC10 -> 28 | BE10: 33 | BF10: =(BD10/BE10)*100 -> 84.848485 | BH10: 4 | BI10: =OVERALL!B7 -> 2301253 | BJ10: =OVERALL!C7 -> Rajwinder Kaur | BK10: 28 | BL10: 33 | BM10: =(BK10/BL10)*100 -> 84.848485 | BN10: =IF(BM10>=95.5,"6",IF(BM10>=90.5,"5", IF(BM10>=85.5,"4",IF(BM10>=80.5,"3",IF(BM10>=75.5,"2","0"))))) -> 3 | BO10: 10 | BP10: 11 | BQ10: =(BO10+BP10)/2 -> 10.5 | BR10: 9 | BS10: 9 | BT10: 9 | BU10: =(BR10+BS10+BT10)/3 -> 9 | BW10: =BV10+BU10+BQ10+BN10 -> 22.5
A11: 5 | B11: =OVERALL!B8 -> 2301255 | C11: =OVERALL!C8 -> Ravi Bhushan Kumar | BB11: 25 | BD11: =BB11+BC11 -> 25 | BE11: 33 | BF11: =(BD11/BE11)*100 -> 75.757576 | BH11: 5 | BI11: =OVERALL!B8 -> 2301255 | BJ11: =OVERALL!C8 -> Ravi Bhushan Kumar | BK11: 25 | BL11: 33 | BM11: =(BK11/BL11)*100 -> 75.757576 | BN11: =IF(BM11>=95.5,"6",IF(BM11>=90.5,"5", IF(BM11>=85.5,"4",IF(BM11>=80.5,"3",IF(BM11>=75.5,"2","0"))))) -> 2 | BO11: 14 | BP11: 0 | BQ11: =(BO11+BP11)/2 -> 7 | BR11: 10 | BS11: 10 | BT11: 8 | BU11: =(BR11+BS11+BT11)/3 -> 9.3333333 | BV11: 5 | BW11: =BV11+BU11+BQ11+BN11 -> 23.333333
A12: 6 | B12: =OVERALL!B9 -> 2301256 | C12: =OVERALL!C9 -> Reshma | BB12: 31 | BD12: =BB12+BC12 -> 31 | BE12: 33 | BF12: =(BD12/BE12)*100 -> 93.939394 | BH12: 6 | BI12: =OVERALL!B9 -> 2301256 | BJ12: =OVERALL!C9 -> Reshma | BK12: 31 | BL12: 33 | BM12: =(BK12/BL12)*100 -> 93.939394 | BN12: =IF(BM12>=95.5,"6",IF(BM12>=90.5,"5", IF(BM12>=85.5,"4",IF(BM12>=80.5,"3",IF(BM12>=75.5,"2","0"))))) -> 5 | BO12: 13 | BP12: 13 | BQ12: =(BO12+BP12)/2 -> 13 | BR12: 9 | BS12: 9 | BT12: 9 | BU12: =(BR12+BS12+BT12)/3 -> 9 | BW12: =BV12+BU12+BQ12+BN12 -> 27
A13: 7 | B13: =OVERALL!B10 -> 2301257 | C13: =OVERALL!C10 -> Ritesh Kumar Choudhary | BB13: 22 | BD13: =BB13+BC13 -> 22 | BE13: 33 | BF13: =(BD13/BE13)*100 -> 66.666667 | BH13: 7 | BI13: =OVERALL!B10 -> 2301257 | BJ13: =OVERALL!C10 -> Ritesh Kumar Choudhary | BK13: 22 | BL13: 33 | BM13: =(BK13/BL13)*100 -> 66.666667 | BN13: =IF(BM13>=95.5,"6",IF(BM13>=90.5,"5", IF(BM13>=85.5,"4",IF(BM13>=80.5,"3",IF(BM13>=75.5,"2","0"))))) -> 0 | BO13: 13 | BP13: 13 | BQ13: =(BO13+BP13)/2 -> 13 | BR13: 9 | BS13: 9 | BT13: 7 | BU13: =(BR13+BS13+BT13)/3 -> 8.3333333 | BV13: 5 | BW13: =BV13+BU13+BQ13+BN13 -> 26.333333
A14: 8 | B14: =OVERALL!B11 -> 2301258 | C14: =OVERALL!C11 -> Ritesh Thakur | BB14: 4 | BD14: =BB14+BC14 -> 4 | BE14: 33 | BF14: =(BD14/BE14)*100 -> 12.121212 | BH14: 8 | BI14: =OVERALL!B11 -> 2301258 | BJ14: =OVERALL!C11 -> Ritesh Thakur | BK14: 4 | BL14: 33 | BM14: =(BK14/BL14)*100 -> 12.121212 | BN14: =IF(BM14>=95.5,"6",IF(BM14>=90.5,"5", IF(BM14>=85.5,"4",IF(BM14>=80.5,"3",IF(BM14>=75.5,"2","0"))))) -> 0 | BO14: 0 | BP14: 11 | BQ14: =(BO14+BP14)/2 -> 5.5 | BR14: 7 | BS14: 7 | BT14: 9 | BU14: =(BR14+BS14+BT14)/3 -> 7.6666667 | BW14: =BV14+BU14+BQ14+BN14 -> 13.166667
A15: 9 | B15: =OVERALL!B12 -> 2301259 | C15: =OVERALL!C12 -> Riya Thakur | BB15: 26 | BD15: =BB15+BC15 -> 26 | BE15: 33 | BF15: =(BD15/BE15)*100 -> 78.787879 | BH15: 9 | BI15: =OVERALL!B12 -> 2301259 | BJ15: =OVERALL!C12 -> Riya Thakur | BK15: 26 | BL15: 33 | BM15: =(BK15/BL15)*100 -> 78.787879 | BN15: =IF(BM15>=95.5,"6",IF(BM15>=90.5,"5", IF(BM15>=85.5,"4",IF(BM15>=80.5,"3",IF(BM15>=75.5,"2","0"))))) -> 2 | BO15: 6 | BP15: 15 | BQ15: =(BO15+BP15)/2 -> 10.5 | BR15: 9 | BS15: 9 | BT15: 8 | BU15: =(BR15+BS15+BT15)/3 -> 8.6666667 | BW15: =BV15+BU15+BQ15+BN15 -> 21.166667
A16: 10 | B16: =OVERALL!B13 -> 2301260 | C16: =OVERALL!C13 -> Rounit Dhiman | BB16: 28 | BD16: =BB16+BC16 -> 28 | BE16: 33 | BF16: =(BD16/BE16)*100 -> 84.848485 | BH16: 10 | BI16: =OVERALL!B13 -> 2301260 | BJ16: =OVERALL!C13 -> Rounit Dhiman | BK16: 28 | BL16: 33 | BM16: =(BK16/BL16)*100 -> 84.848485 | BN16: =IF(BM16>=95.5,"6",IF(BM16>=90.5,"5", IF(BM16>=85.5,"4",IF(BM16>=80.5,"3",IF(BM16>=75.5,"2","0"))))) -> 3 | BO16: 3 | BP16: 16 | BQ16: =(BO16+BP16)/2 -> 9.5 | BR16: 9 | BS16: 8 | BT16: 9 | BU16: =(BR16+BS16+BT16)/3 -> 8.6666667 | BV16: 5 | BW16: =BV16+BU16+BQ16+BN16 -> 26.166667
A17: 11 | B17: =OVERALL!B14 -> 2301261 | C17: =OVERALL!C14 -> Rubby Kumari | BB17: 17 | BD17: =BB17+BC17 -> 17 | BE17: 33 | BF17: =(BD17/BE17)*100 -> 51.515152 | BH17: 11 | BI17: =OVERALL!B14 -> 2301261 | BJ17: =OVERALL!C14 -> Rubby Kumari | BK17: 17 | BL17: 33 | BM17: =(BK17/BL17)*100 -> 51.515152 | BN17: =IF(BM17>=95.5,"6",IF(BM17>=90.5,"5", IF(BM17>=85.5,"4",IF(BM17>=80.5,"3",IF(BM17>=75.5,"2","0"))))) -> 0 | BO17: 10 | BP17: 11 | BQ17: =(BO17+BP17)/2 -> 10.5 | BR17: 9 | BS17: 7 | BT17: 7 | BU17: =(BR17+BS17+BT17)/3 -> 7.6666667 | BW17: =BV17+BU17+BQ17+BN17 -> 18.166667
A18: 12 | B18: =OVERALL!B15 -> 2301262 | C18: =OVERALL!C15 -> Sakshi Devi | BB18: 28 | BD18: =BB18+BC18 -> 28 | BE18: 33 | BF18: =(BD18/BE18)*100 -> 84.848485 | BH18: 12 | BI18: =OVERALL!B15 -> 2301262 | BJ18: =OVERALL!C15 -> Sakshi Devi | BK18: 28 | BL18: 33 | BM18: =(BK18/BL18)*100 -> 84.848485 | BN18: =IF(BM18>=95.5,"6",IF(BM18>=90.5,"5", IF(BM18>=85.5,"4",IF(BM18>=80.5,"3",IF(BM18>=75.5,"2","0"))))) -> 3 | BO18: 8 | BP18: 0 | BQ18: =(BO18+BP18)/2 -> 4 | BR18: 8 | BS18: 9 | BT18: 8 | BU18: =(BR18+BS18+BT18)/3 -> 8.3333333 | BW18: =BV18+BU18+BQ18+BN18 -> 15.333333
A19: 13 | B19: =OVERALL!B16 -> 2301263 | C19: =OVERALL!C16 -> Sanchi Sharma | BB19: 30 | BD19: =BB19+BC19 -> 30 | BE19: 33 | BF19: =(BD19/BE19)*100 -> 90.909091 | BH19: 13 | BI19: =OVERALL!B16 -> 2301263 | BJ19: =OVERALL!C16 -> Sanchi Sharma | BK19: 30 | BL19: 33 | BM19: =(BK19/BL19)*100 -> 90.909091 | BN19: =IF(BM19>=95.5,"6",IF(BM19>=90.5,"5", IF(BM19>=85.5,"4",IF(BM19>=80.5,"3",IF(BM19>=75.5,"2","0"))))) -> 5 | BO19: 15 | BP19: 11 | BQ19: =(BO19+BP19)/2 -> 13 | BR19: 7 | BS19: 8 | BT19: 9 | BU19: =(BR19+BS19+BT19)/3 -> 8 | BV19: 5 | BW19: =BV19+BU19+BQ19+BN19 -> 31
A20: 14 | B20: =OVERALL!B17 -> 2301264 | C20: =OVERALL!C17 -> Sarbjit Singh | BB20: 20 | BD20: =BB20+BC20 -> 20 | BE20: 33 | BF20: =(BD20/BE20)*100 -> 60.606061 | BH20: 14 | BI20: =OVERALL!B17 -> 2301264 | BJ20: =OVERALL!C17 -> Sarbjit Singh | BK20: 20 | BL20: 33 | BM20: =(BK20/BL20)*100 -> 60.606061 | BN20: =IF(BM20>=95.5,"6",IF(BM20>=90.5,"5", IF(BM20>=85.5,"4",IF(BM20>=80.5,"3",IF(BM20>=75.5,"2","0"))))) -> 0 | BO20: 0 | BP20: 1 | BQ20: =(BO20+BP20)/2 -> 0.5 | BR20: 8 | BS20: 9 | BT20: 8 | BU20: =(BR20+BS20+BT20)/3 -> 8.3333333 | BV20: 5 | BW20: =BV20+BU20+BQ20+BN20 -> 13.833333
A21: 15 | B21: =OVERALL!B18 -> 2301265 | C21: =OVERALL!C18 -> Sarif Mayangmayum | BB21: 23 | BD21: =BB21+BC21 -> 23 | BE21: 33 | BF21: =(BD21/BE21)*100 -> 69.69697 | BH21: 15 | BI21: =OVERALL!B18 -> 2301265 | BJ21: =OVERALL!C18 -> Sarif Mayangmayum | BK21: 23 | BL21: 33 | BM21: =(BK21/BL21)*100 -> 69.69697 | BN21: =IF(BM21>=95.5,"6",IF(BM21>=90.5,"5", IF(BM21>=85.5,"4",IF(BM21>=80.5,"3",IF(BM21>=75.5,"2","0"))))) -> 0 | BO21: 11 | BP21: 15 | BQ21: =(BO21+BP21)/2 -> 13 | BR21: 9 | BS21: 9 | BT21: 9 | BU21: =(BR21+BS21+BT21)/3 -> 9 | BW21: =BV21+BU21+BQ21+BN21 -> 22
A22: 16 | B22: =OVERALL!B19 -> 2301267 | C22: =OVERALL!C19 -> Shivam Kumar Chaubey | BB22: 26 | BD22: =BB22+BC22 -> 26 | BE22: 33 | BF22: =(BD22/BE22)*100 -> 78.787879 | BH22: 16 | BI22: =OVERALL!B19 -> 2301267 | BJ22: =OVERALL!C19 -> Shivam Kumar Chaubey | BK22: 26 | BL22: 33 | BM22: =(BK22/BL22)*100 -> 78.787879 | BN22: =IF(BM22>=95.5,"6",IF(BM22>=90.5,"5", IF(BM22>=85.5,"4",IF(BM22>=80.5,"3",IF(BM22>=75.5,"2","0"))))) -> 2 | BO22: 6 | BP22: 10 | BQ22: =(BO22+BP22)/2 -> 8 | BR22: 9 | BS22: 10 | BT22: 8 | BU22: =(BR22+BS22+BT22)/3 -> 9 | BV22: 5 | BW22: =BV22+BU22+BQ22+BN22 -> 24
A23: 17 | B23: =OVERALL!B20 -> 2301268 | C23: =OVERALL!C20 -> Simba Godfrey | BB23: 25 | BD23: =BB23+BC23 -> 25 | BE23: 33 | BF23: =(BD23/BE23)*100 -> 75.757576 | BH23: 17 | BI23: =OVERALL!B20 -> 2301268 | BJ23: =OVERALL!C20 -> Simba Godfrey | BK23: 25 | BL23: 33 | BM23: =(BK23/BL23)*100 -> 75.757576 | BN23: =IF(BM23>=95.5,"6",IF(BM23>=90.5,"5", IF(BM23>=85.5,"4",IF(BM23>=80.5,"3",IF(BM23>=75.5,"2","0"))))) -> 2 | BO23: 10 | BP23: 4 | BQ23: =(BO23+BP23)/2 -> 7 | BR23: 7 | BS23: 8 | BT23: 8 | BU23: =(BR23+BS23+BT23)/3 -> 7.6666667 | BV23: 5 | BW23: =BV23+BU23+BQ23+BN23 -> 21.666667
A24: 18 | B24: =OVERALL!B21 -> 2301269 | C24: =OVERALL!C21 -> Simran Kaur | BB24: 29 | BD24: =BB24+BC24 -> 29 | BE24: 33 | BF24: =(BD24/BE24)*100 -> 87.878788 | BH24: 18 | BI24: =OVERALL!B21 -> 2301269 | BJ24: =OVERALL!C21 -> Simran Kaur | BK24: 29 | BL24: 33 | BM24: =(BK24/BL24)*100 -> 87.878788 | BN24: =IF(BM24>=95.5,"6",IF(BM24>=90.5,"5", IF(BM24>=85.5,"4",IF(BM24>=80.5,"3",IF(BM24>=75.5,"2","0"))))) -> 4 | BO24: 8 | BP24: 4 | BQ24: =(BO24+BP24)/2 -> 6 | BR24: 9 | BS24: 9 | BT24: 10 | BU24: =(BR24+BS24+BT24)/3 -> 9.3333333 | BW24: =BV24+BU24+BQ24+BN24 -> 19.333333
A25: 19 | B25: =OVERALL!B22 -> 2301270 | C25: =OVERALL!C22 -> Simranjit Singh | BB25: 20 | BD25: =BB25+BC25 -> 20 | BE25: 33 | BF25: =(BD25/BE25)*100 -> 60.606061 | BH25: 19 | BI25: =OVERALL!B22 -> 2301270 | BJ25: =OVERALL!C22 -> Simranjit Singh | BK25: 20 | BL25: 33 | BM25: =(BK25/BL25)*100 -> 60.606061 | BN25: =IF(BM25>=95.5,"6",IF(BM25>=90.5,"5", IF(BM25>=85.5,"4",IF(BM25>=80.5,"3",IF(BM25>=75.5,"2","0"))))) -> 0 | BO25: 2 | BP25: 9 | BQ25: =(BO25+BP25)/2 -> 5.5 | BR25: 8 | BS25: 9 | BT25: 9 | BU25: =(BR25+BS25+BT25)/3 -> 8.6666667 | BV25: 5 | BW25: =BV25+BU25+BQ25+BN25 -> 19.166667
A26: 20 | B26: =OVERALL!B23 -> 2301271 | C26: =OVERALL!C23 -> Sudip Sunar | BB26: 26 | BD26: =BB26+BC26 -> 26 | BE26: 33 | BF26: =(BD26/BE26)*100 -> 78.787879 | BH26: 20 | BI26: =OVERALL!B23 -> 2301271 | BJ26: =OVERALL!C23 -> Sudip Sunar | BK26: 26 | BL26: 33 | BM26: =(BK26/BL26)*100 -> 78.787879 | BN26: =IF(BM26>=95.5,"6",IF(BM26>=90.5,"5", IF(BM26>=85.5,"4",IF(BM26>=80.5,"3",IF(BM26>=75.5,"2","0"))))) -> 2 | BO26: 4 | BP26: 15 | BQ26: =(BO26+BP26)/2 -> 9.5 | BR26: 8 | BS26: 8 | BT26: 9 | BU26: =(BR26+BS26+BT26)/3 -> 8.3333333 | BW26: =BV26+BU26+BQ26+BN26 -> 19.833333
A27: 21 | B27: =OVERALL!B24 -> 2301272 | C27: =OVERALL!C24 -> Sujal Sharma | BB27: 2 | BD27: =BB27+BC27 -> 2 | BE27: 33 | BF27: =(BD27/BE27)*100 -> 6.0606061 | BH27: 21 | BI27: =OVERALL!B24 -> 2301272 | BJ27: =OVERALL!C24 -> Sujal Sharma | BK27: 2 | BL27: 33 | BM27: =(BK27/BL27)*100 -> 6.0606061 | BN27: =IF(BM27>=95.5,"6",IF(BM27>=90.5,"5", IF(BM27>=85.5,"4",IF(BM27>=80.5,"3",IF(BM27>=75.5,"2","0"))))) -> 0 | BO27: 0 | BP27: 0 | BQ27: =(BO27+BP27)/2 -> 0 | BR27: 0 | BS27: 0 | BT27: 0 | BU27: =(BR27+BS27+BT27)/3 -> 0 | BW27: =BV27+BU27+BQ27+BN27 -> 0
A28: 22 | B28: =OVERALL!B25 -> 2301273 | C28: =OVERALL!C25 -> Sukhraj Singh | BB28: 19 | BD28: =BB28+BC28 -> 19 | BE28: 33 | BF28: =(BD28/BE28)*100 -> 57.575758 | BH28: 22 | BI28: =OVERALL!B25 -> 2301273 | BJ28: =OVERALL!C25 -> Sukhraj Singh | BK28: 19 | BL28: 33 | BM28: =(BK28/BL28)*100 -> 57.575758 | BN28: =IF(BM28>=95.5,"6",IF(BM28>=90.5,"5", IF(BM28>=85.5,"4",IF(BM28>=80.5,"3",IF(BM28>=75.5,"2","0"))))) -> 0 | BO28: 6 | BP28: 6 | BQ28: =(BO28+BP28)/2 -> 6 | BR28: 8 | BS28: 7 | BT28: 8 | BU28: =(BR28+BS28+BT28)/3 -> 7.6666667 | BV28: 5 | BW28: =BV28+BU28+BQ28+BN28 -> 18.666667
A29: 23 | B29: =OVERALL!B26 -> 2301274 | C29: =OVERALL!C26 -> Sukhreet Kaur | BB29: 26 | BD29: =BB29+BC29 -> 26 | BE29: 33 | BF29: =(BD29/BE29)*100 -> 78.787879 | BH29: 23 | BI29: =OVERALL!B26 -> 2301274 | BJ29: =OVERALL!C26 -> Sukhreet Kaur | BK29: 26 | BL29: 33 | BM29: =(BK29/BL29)*100 -> 78.787879 | BN29: =IF(BM29>=95.5,"6",IF(BM29>=90.5,"5", IF(BM29>=85.5,"4",IF(BM29>=80.5,"3",IF(BM29>=75.5,"2","0"))))) -> 2 | BO29: 3 | BP29: 8 | BQ29: =(BO29+BP29)/2 -> 5.5 | BR29: 9 | BS29: 9 | BT29: 8 | BU29: =(BR29+BS29+BT29)/3 -> 8.6666667 | BW29: =BV29+BU29+BQ29+BN29 -> 16.166667
A30: 24 | B30: =OVERALL!B27 -> 2301275 | C30: =OVERALL!C27 -> Suman Krishna | BB30: 23 | BD30: =BB30+BC30 -> 23 | BE30: 33 | BF30: =(BD30/BE30)*100 -> 69.69697 | BH30: 24 | BI30: =OVERALL!B27 -> 2301275 | BJ30: =OVERALL!C27 -> Suman Krishna | BK30: 23 | BL30: 33 | BM30: =(BK30/BL30)*100 -> 69.69697 | BN30: =IF(BM30>=95.5,"6",IF(BM30>=90.5,"5", IF(BM30>=85.5,"4",IF(BM30>=80.5,"3",IF(BM30>=75.5,"2","0"))))) -> 0 | BO30: 4 | BP30: 9 | BQ30: =(BO30+BP30)/2 -> 6.5 | BR30: 9 | BS30: 10 | BT30: 10 | BU30: =(BR30+BS30+BT30)/3 -> 9.6666667 | BV30: 5 | BW30: =BV30+BU30+BQ30+BN30 -> 21.166667
A31: 25 | B31: =OVERALL!B28 -> 2301277 | C31: =OVERALL!C28 -> Tamana | BB31: 22 | BD31: =BB31+BC31 -> 22 | BE31: 33 | BF31: =(BD31/BE31)*100 -> 66.666667 | BH31: 25 | BI31: =OVERALL!B28 -> 2301277 | BJ31: =OVERALL!C28 -> Tamana | BK31: 22 | BL31: 33 | BM31: =(BK31/BL31)*100 -> 66.666667 | BN31: =IF(BM31>=95.5,"6",IF(BM31>=90.5,"5", IF(BM31>=85.5,"4",IF(BM31>=80.5,"3",IF(BM31>=75.5,"2","0"))))) -> 0 | BO31: 6 | BP31: 14 | BQ31: =(BO31+BP31)/2 -> 10 | BR31: 8 | BS31: 8 | BT31: 9 | BU31: =(BR31+BS31+BT31)/3 -> 8.3333333 | BV31: 5 | BW31: =BV31+BU31+BQ31+BN31 -> 23.333333
A32: 26 | B32: =OVERALL!B29 -> 2301278 | C32: =OVERALL!C29 -> Tamana Farooq Khanday | BB32: 8 | BD32: =BB32+BC32 -> 8 | BE32: 33 | BF32: =(BD32/BE32)*100 -> 24.242424 | BH32: 26 | BI32: =OVERALL!B29 -> 2301278 | BJ32: =OVERALL!C29 -> Tamana Farooq Khanday | BK32: 8 | BL32: 33 | BM32: =(BK32/BL32)*100 -> 24.242424 | BN32: =IF(BM32>=95.5,"6",IF(BM32>=90.5,"5", IF(BM32>=85.5,"4",IF(BM32>=80.5,"3",IF(BM32>=75.5,"2","0"))))) -> 0 | BO32: 0 | BP32: 11 | BQ32: =(BO32+BP32)/2 -> 5.5 | BR32: 8 | BS32: 7 | BT32: 7 | BU32: =(BR32+BS32+BT32)/3 -> 7.3333333 | BW32: =BV32+BU32+BQ32+BN32 -> 12.833333
A33: 27 | B33: =OVERALL!B30 -> 2301279 | C33: =OVERALL!C30 -> Tania | BB33: 30 | BD33: =BB33+BC33 -> 30 | BE33: 33 | BF33: =(BD33/BE33)*100 -> 90.909091 | BH33: 27 | BI33: =OVERALL!B30 -> 2301279 | BJ33: =OVERALL!C30 -> Tania | BK33: 30 | BL33: 33 | BM33: =(BK33/BL33)*100 -> 90.909091 | BN33: =IF(BM33>=95.5,"6",IF(BM33>=90.5,"5", IF(BM33>=85.5,"4",IF(BM33>=80.5,"3",IF(BM33>=75.5,"2","0"))))) -> 5 | BO33: 6 | BP33: 13 | BQ33: =(BO33+BP33)/2 -> 9.5 | BR33: 9 | BS33: 9 | BT33: 8 | BU33: =(BR33+BS33+BT33)/3 -> 8.6666667 | BW33: =BV33+BU33+BQ33+BN33 -> 23.166667
A34: 28 | B34: =OVERALL!B31 -> 2301280 | C34: =OVERALL!C31 -> Taniya | BB34: 21 | BD34: =BB34+BC34 -> 21 | BE34: 33 | BF34: =(BD34/BE34)*100 -> 63.636364 | BH34: 28 | BI34: =OVERALL!B31 -> 2301280 | BJ34: =OVERALL!C31 -> Taniya | BK34: 21 | BL34: 33 | BM34: =(BK34/BL34)*100 -> 63.636364 | BN34: =IF(BM34>=95.5,"6",IF(BM34>=90.5,"5", IF(BM34>=85.5,"4",IF(BM34>=80.5,"3",IF(BM34>=75.5,"2","0"))))) -> 0 | BO34: 5 | BP34: 10 | BQ34: =(BO34+BP34)/2 -> 7.5 | BR34: 9 | BS34: 9 | BT34: 10 | BU34: =(BR34+BS34+BT34)/3 -> 9.3333333 | BW34: =BV34+BU34+BQ34+BN34 -> 16.833333
A35: 29 | B35: =OVERALL!B32 -> 2301281 | C35: =OVERALL!C32 -> Taziko Trakha | BB35: 23 | BD35: =BB35+BC35 -> 23 | BE35: 33 | BF35: =(BD35/BE35)*100 -> 69.69697 | BH35: 29 | BI35: =OVERALL!B32 -> 2301281 | BJ35: =OVERALL!C32 -> Taziko Trakha | BK35: 23 | BL35: 33 | BM35: =(BK35/BL35)*100 -> 69.69697 | BN35: =IF(BM35>=95.5,"6",IF(BM35>=90.5,"5", IF(BM35>=85.5,"4",IF(BM35>=80.5,"3",IF(BM35>=75.5,"2","0"))))) -> 0 | BO35: 0 | BP35: 9 | BQ35: =(BO35+BP35)/2 -> 4.5 | BR35: 9 | BS35: 9 | BT35: 8 | BU35: =(BR35+BS35+BT35)/3 -> 8.6666667 | BW35: =BV35+BU35+BQ35+BN35 -> 13.166667
A36: 30 | B36: =OVERALL!B33 -> 2301283 | C36: =OVERALL!C33 -> Vaibhav Shahi | BB36: 20 | BD36: =BB36+BC36 -> 20 | BE36: 33 | BF36: =(BD36/BE36)*100 -> 60.606061 | BH36: 30 | BI36: =OVERALL!B33 -> 2301283 | BJ36: =OVERALL!C33 -> Vaibhav Shahi | BK36: 20 | BL36: 33 | BM36: =(BK36/BL36)*100 -> 60.606061 | BN36: =IF(BM36>=95.5,"6",IF(BM36>=90.5,"5", IF(BM36>=85.5,"4",IF(BM36>=80.5,"3",IF(BM36>=75.5,"2","0"))))) -> 0 | BO36: 0 | BP36: 0 | BQ36: =(BO36+BP36)/2 -> 0 | BR36: 7 | BS36: 8 | BT36: 8 | BU36: =(BR36+BS36+BT36)/3 -> 7.6666667 | BW36: =BV36+BU36+BQ36+BN36 -> 7.6666667
A37: 31 | B37: =OVERALL!B34 -> 2301285 | C37: =OVERALL!C34 -> Vansh Sharma | BB37: 7 | BD37: =BB37+BC37 -> 7 | BE37: 33 | BF37: =(BD37/BE37)*100 -> 21.212121 | BH37: 31 | BI37: =OVERALL!B34 -> 2301285 | BJ37: =OVERALL!C34 -> Vansh Sharma | BK37: 7 | BL37: 33 | BM37: =(BK37/BL37)*100 -> 21.212121 | BN37: =IF(BM37>=95.5,"6",IF(BM37>=90.5,"5", IF(BM37>=85.5,"4",IF(BM37>=80.5,"3",IF(BM37>=75.5,"2","0"))))) -> 0 | BO37: 5 | BP37: 0 | BQ37: =(BO37+BP37)/2 -> 2.5 | BR37: 10 | BS37: 7 | BT37: 7 | BU37: =(BR37+BS37+BT37)/3 -> 8 | BW37: =BV37+BU37+BQ37+BN37 -> 10.5
A38: 32 | B38: =OVERALL!B35 -> 2301286 | C38: =OVERALL!C35 -> Vikramjit Singh | BB38: 3 | BD38: =BB38+BC38 -> 3 | BE38: 33 | BF38: =(BD38/BE38)*100 -> 9.0909091 | BH38: 32 | BI38: =OVERALL!B35 -> 2301286 | BJ38: =OVERALL!C35 -> Vikramjit Singh | BK38: 3 | BL38: 33 | BM38: =(BK38/BL38)*100 -> 9.0909091 | BN38: =IF(BM38>=95.5,"6",IF(BM38>=90.5,"5", IF(BM38>=85.5,"4",IF(BM38>=80.5,"3",IF(BM38>=75.5,"2","0"))))) -> 0 | BO38: 8 | BP38: 0 | BQ38: =(BO38+BP38)/2 -> 4 | BR38: 7 | BS38: 7 | BT38: 0 | BU38: =(BR38+BS38+BT38)/3 -> 4.6666667 | BW38: =BV38+BU38+BQ38+BN38 -> 8.6666667
A39: 33 | B39: =OVERALL!B36 -> 2339508 | C39: =OVERALL!C36 -> TANISHA | BB39: 18 | BD39: =BB39+BC39 -> 18 | BE39: 33 | BF39: =(BD39/BE39)*100 -> 54.545455 | BH39: 33 | BI39: =OVERALL!B36 -> 2339508 | BJ39: =OVERALL!C36 -> TANISHA | BK39: 18 | BL39: 33 | BM39: =(BK39/BL39)*100 -> 54.545455 | BN39: =IF(BM39>=95.5,"6",IF(BM39>=90.5,"5", IF(BM39>=85.5,"4",IF(BM39>=80.5,"3",IF(BM39>=75.5,"2","0"))))) -> 0 | BO39: 9 | BP39: 5 | BQ39: =(BO39+BP39)/2 -> 7 | BR39: 9 | BS39: 9 | BT39: 9 | BU39: =(BR39+BS39+BT39)/3 -> 9 | BV39: 5 | BW39: =BV39+BU39+BQ39+BN39 -> 21
A40: 34 | B40: =OVERALL!B37 -> 2339509 | C40: =OVERALL!C37 -> TOHIED AHMED | BB40: 6 | BD40: =BB40+BC40 -> 6 | BE40: 33 | BF40: =(BD40/BE40)*100 -> 18.181818 | BH40: 34 | BI40: =OVERALL!B37 -> 2339509 | BJ40: =OVERALL!C37 -> TOHIED AHMED | BK40: 6 | BL40: 33 | BM40: =(BK40/BL40)*100 -> 18.181818 | BN40: =IF(BM40>=95.5,"6",IF(BM40>=90.5,"5", IF(BM40>=85.5,"4",IF(BM40>=80.5,"3",IF(BM40>=75.5,"2","0"))))) -> 0 | BO40: 0 | BP40: 0 | BQ40: =(BO40+BP40)/2 -> 0 | BR40: 7 | BS40: 0 | BT40: 0 | BU40: =(BR40+BS40+BT40)/3 -> 2.3333333 | BW40: =BV40+BU40+BQ40+BN40 -> 2.3333333
A41: 35 | B41: =OVERALL!B38 -> Leet | C41: =OVERALL!C38 -> Gagan | BB41: 28 | BD41: =BB41+BC41 -> 28 | BE41: 33 | BF41: =(BD41/BE41)*100 -> 84.848485 | BH41: 35 | BI41: =OVERALL!B38 -> Leet | BJ41: =OVERALL!C38 -> Gagan | BK41: 28 | BL41: 33 | BM41: =(BK41/BL41)*100 -> 84.848485 | BN41: =IF(BM41>=95.5,"6",IF(BM41>=90.5,"5", IF(BM41>=85.5,"4",IF(BM41>=80.5,"3",IF(BM41>=75.5,"2","0"))))) -> 3 | BO41: 7 | BP41: 12 | BQ41: =(BO41+BP41)/2 -> 9.5 | BR41: 9 | BS41: 9 | BT41: 9 | BU41: =(BR41+BS41+BT41)/3 -> 9 | BV41: 5 | BW41: =BV41+BU41+BQ41+BN41 -> 26.5
A42: 36 | B42: =OVERALL!B39 -> Leet | C42: =OVERALL!C39 -> Manisha | BB42: 29 | BD42: =BB42+BC42 -> 29 | BE42: 33 | BF42: =(BD42/BE42)*100 -> 87.878788 | BH42: 36 | BI42: =OVERALL!B39 -> Leet | BJ42: =OVERALL!C39 -> Manisha | BK42: 29 | BL42: 33 | BM42: =(BK42/BL42)*100 -> 87.878788 | BN42: =IF(BM42>=95.5,"6",IF(BM42>=90.5,"5", IF(BM42>=85.5,"4",IF(BM42>=80.5,"3",IF(BM42>=75.5,"2","0"))))) -> 4 | BO42: 9 | BP42: 14 | BQ42: =(BO42+BP42)/2 -> 11.5 | BR42: 9 | BS42: 10 | BT42: 9 | BU42: =(BR42+BS42+BT42)/3 -> 9.3333333 | BV42: 5 | BW42: =BV42+BU42+BQ42+BN42 -> 29.833333
A43: 37 | B43: =OVERALL!B40 -> Leet | C43: =OVERALL!C40 -> Richa | BB43: 29 | BD43: =BB43+BC43 -> 29 | BE43: 33 | BF43: =(BD43/BE43)*100 -> 87.878788 | BH43: 37 | BI43: =OVERALL!B40 -> Leet | BJ43: =OVERALL!C40 -> Richa | BK43: 29 | BL43: 33 | BM43: =(BK43/BL43)*100 -> 87.878788 | BN43: =IF(BM43>=95.5,"6",IF(BM43>=90.5,"5", IF(BM43>=85.5,"4",IF(BM43>=80.5,"3",IF(BM43>=75.5,"2","0"))))) -> 4 | BO43: 8 | BP43: 20 | BQ43: =(BO43+BP43)/2 -> 14 | BR43: 9 | BS43: 9 | BT43: 9 | BU43: =(BR43+BS43+BT43)/3 -> 9 | BV43: 5 | BW43: =BV43+BU43+BQ43+BN43 -> 32
A44: 38 | B44: =OVERALL!B41 -> Leet | C44: =OVERALL!C41 -> Prakriti | BB44: 31 | BD44: =BB44+BC44 -> 31 | BE44: 33 | BF44: =(BD44/BE44)*100 -> 93.939394 | BH44: 38 | BI44: =OVERALL!B41 -> Leet | BJ44: =OVERALL!C41 -> Prakriti | BK44: 31 | BL44: 33 | BM44: =(BK44/BL44)*100 -> 93.939394 | BN44: =IF(BM44>=95.5,"6",IF(BM44>=90.5,"5", IF(BM44>=85.5,"4",IF(BM44>=80.5,"3",IF(BM44>=75.5,"2","0"))))) -> 5 | BO44: 10 | BP44: 17 | BQ44: =(BO44+BP44)/2 -> 13.5 | BR44: 9 | BS44: 9 | BT44: 10 | BU44: =(BR44+BS44+BT44)/3 -> 9.3333333 | BV44: 5 | BW44: =BV44+BU44+BQ44+BN44 -> 32.833333
A45: 39 | B45: =OVERALL!B42 -> leet | C45: =OVERALL!C42 -> Shubham | BB45: 73 | BD45: =BB45+BC45 -> 73 | BE45: 33 | BF45: =(BD45/BE45)*100 -> 221.21212 | BH45: 39 | BI45: =OVERALL!B42 -> leet | BJ45: =OVERALL!C42 -> Shubham | BK45: 73 | BL45: 33 | BM45: =(BK45/BL45)*100 -> 221.21212 | BN45: =IF(BM45>=95.5,"6",IF(BM45>=90.5,"5", IF(BM45>=85.5,"4",IF(BM45>=80.5,"3",IF(BM45>=75.5,"2","0"))))) -> 6 | BO45: 7 | BP45: 12 | BQ45: =(BO45+BP45)/2 -> 9.5 | BR45: 8 | BS45: 8 | BT45: 9 | BU45: =(BR45+BS45+BT45)/3 -> 8.3333333 | BV45: 5 | BW45: =BV45+BU45+BQ45+BN45 -> 28.833333
A46: 40 | B46: =OVERALL!B43 -> 2301381 | C46: =OVERALL!C43 -> ADITYA | BB46: 33 | BD46: =BB46+BC46 -> 33 | BE46: 33 | BF46: =(BD46/BE46)*100 -> 100 | BH46: 40 | BI46: =OVERALL!B43 -> 2301381 | BJ46: =OVERALL!C43 -> ADITYA | BK46: 33 | BL46: 33 | BM46: =(BK46/BL46)*100 -> 100 | BN46: =IF(BM46>=95.5,"6",IF(BM46>=90.5,"5", IF(BM46>=85.5,"4",IF(BM46>=80.5,"3",IF(BM46>=75.5,"2","0"))))) -> 6 | BO46: 8 | BP46: 15 | BQ46: =(BO46+BP46)/2 -> 11.5 | BR46: 9 | BS46: 8 | BT46: 9 | BU46: =(BR46+BS46+BT46)/3 -> 8.6666667 | BV46: 5 | BW46: =BV46+BU46+BQ46+BN46 -> 31.166667
A47: 41 | B47: =OVERALL!B44 -> 2301382 | C47: =OVERALL!C44 -> ANMOL | BB47: 22 | BD47: =BB47+BC47 -> 22 | BE47: 33 | BF47: =(BD47/BE47)*100 -> 66.666667 | BH47: 41 | BI47: =OVERALL!B44 -> 2301382 | BJ47: =OVERALL!C44 -> ANMOL | BK47: 22 | BL47: 33 | BM47: =(BK47/BL47)*100 -> 66.666667 | BN47: =IF(BM47>=95.5,"6",IF(BM47>=90.5,"5", IF(BM47>=85.5,"4",IF(BM47>=80.5,"3",IF(BM47>=75.5,"2","0"))))) -> 0 | BO47: 15 | BP47: 17 | BQ47: =(BO47+BP47)/2 -> 16 | BR47: 8 | BS47: 8 | BT47: 9 | BU47: =(BR47+BS47+BT47)/3 -> 8.3333333 | BW47: =BV47+BU47+BQ47+BN47 -> 24.333333
A48: 42 | B48: =OVERALL!B45 -> 2301383 | C48: =OVERALL!C45 -> AURSH SHARMA | BB48: 25 | BD48: =BB48+BC48 -> 25 | BE48: 33 | BF48: =(BD48/BE48)*100 -> 75.757576 | BH48: 42 | BI48: =OVERALL!B45 -> 2301383 | BJ48: =OVERALL!C45 -> AURSH SHARMA | BK48: 25 | BL48: 33 | BM48: =(BK48/BL48)*100 -> 75.757576 | BN48: =IF(BM48>=95.5,"6",IF(BM48>=90.5,"5", IF(BM48>=85.5,"4",IF(BM48>=80.5,"3",IF(BM48>=75.5,"2","0"))))) -> 2 | BO48: 12 | BP48: 20 | BQ48: =(BO48+BP48)/2 -> 16 | BR48: 9 | BS48: 8 | BT48: 8 | BU48: =(BR48+BS48+BT48)/3 -> 8.3333333 | BV48: 5 | BW48: =BV48+BU48+BQ48+BN48 -> 31.333333
A49: 43 | B49: =OVERALL!B46 -> 2301384 | C49: =OVERALL!C46 -> AVNEET SINGH | BB49: 20 | BD49: =BB49+BC49 -> 20 | BE49: 33 | BF49: =(BD49/BE49)*100 -> 60.606061 | BH49: 43 | BI49: =OVERALL!B46 -> 2301384 | BJ49: =OVERALL!C46 -> AVNEET SINGH | BK49: 20 | BL49: 33 | BM49: =(BK49/BL49)*100 -> 60.606061 | BN49: =IF(BM49>=95.5,"6",IF(BM49>=90.5,"5", IF(BM49>=85.5,"4",IF(BM49>=80.5,"3",IF(BM49>=75.5,"2","0"))))) -> 0 | BO49: 11 | BP49: 15 | BQ49: =(BO49+BP49)/2 -> 13 | BR49: 8 | BS49: 9 | BT49: 9 | BU49: =(BR49+BS49+BT49)/3 -> 8.6666667 | BW49: =BV49+BU49+BQ49+BN49 -> 21.666667
A50: 44 | B50: =OVERALL!B47 -> 2301385 | C50: =OVERALL!C47 -> BOBBY | BB50: 25 | BD50: =BB50+BC50 -> 25 | BE50: 33 | BF50: =(BD50/BE50)*100 -> 75.757576 | BH50: 44 | BI50: =OVERALL!B47 -> 2301385 | BJ50: =OVERALL!C47 -> BOBBY | BK50: 25 | BL50: 33 | BM50: =(BK50/BL50)*100 -> 75.757576 | BN50: =IF(BM50>=95.5,"6",IF(BM50>=90.5,"5", IF(BM50>=85.5,"4",IF(BM50>=80.5,"3",IF(BM50>=75.5,"2","0"))))) -> 2 | BO50: 10 | BP50: 15 | BQ50: =(BO50+BP50)/2 -> 12.5 | BR50: 9 | BS50: 8 | BT50: 8 | BU50: =(BR50+BS50+BT50)/3 -> 8.3333333 | BV50: 5 | BW50: =BV50+BU50+BQ50+BN50 -> 27.833333
A51: 45 | B51: =OVERALL!B48 -> 2301386 | C51: =OVERALL!C48 -> CHARANJIT SINGH | BB51: 13 | BD51: =BB51+BC51 -> 13 | BE51: 33 | BF51: =(BD51/BE51)*100 -> 39.393939 | BH51: 45 | BI51: =OVERALL!B48 -> 2301386 | BJ51: =OVERALL!C48 -> CHARANJIT SINGH | BK51: 13 | BL51: 33 | BM51: =(BK51/BL51)*100 -> 39.393939 | BN51: =IF(BM51>=95.5,"6",IF(BM51>=90.5,"5", IF(BM51>=85.5,"4",IF(BM51>=80.5,"3",IF(BM51>=75.5,"2","0"))))) -> 0 | BO51: 0 | BP51: 17 | BQ51: =(BO51+BP51)/2 -> 8.5 | BR51: 8 | BS51: 9 | BT51: 9 | BU51: =(BR51+BS51+BT51)/3 -> 8.6666667 | BV51: 5 | BW51: =BV51+BU51+BQ51+BN51 -> 22.166667
A52: 46 | B52: =OVERALL!B49 -> 2301387 | C52: =OVERALL!C49 -> INDERBIR SINGH | BB52: 13 | BD52: =BB52+BC52 -> 13 | BE52: 33 | BF52: =(BD52/BE52)*100 -> 39.393939 | BH52: 46 | BI52: =OVERALL!B49 -> 2301387 | BJ52: =OVERALL!C49 -> INDERBIR SINGH | BK52: 13 | BL52: 33 | BM52: =(BK52/BL52)*100 -> 39.393939 | BN52: =IF(BM52>=95.5,"6",IF(BM52>=90.5,"5", IF(BM52>=85.5,"4",IF(BM52>=80.5,"3",IF(BM52>=75.5,"2","0"))))) -> 0 | BO52: 6 | BP52: 19 | BQ52: =(BO52+BP52)/2 -> 12.5 | BR52: 8 | BS52: 9 | BT52: 8 | BU52: =(BR52+BS52+BT52)/3 -> 8.3333333 | BW52: =BV52+BU52+BQ52+BN52 -> 20.833333
A53: 47 | B53: =OVERALL!B50 -> 2301389 | C53: =OVERALL!C50 -> JASMEEN | BB53: 19 | BD53: =BB53+BC53 -> 19 | BE53: 33 | BF53: =(BD53/BE53)*100 -> 57.575758 | BH53: 47 | BI53: =OVERALL!B50 -> 2301389 | BJ53: =OVERALL!C50 -> JASMEEN | BK53: 19 | BL53: 33 | BM53: =(BK53/BL53)*100 -> 57.575758 | BN53: =IF(BM53>=95.5,"6",IF(BM53>=90.5,"5", IF(BM53>=85.5,"4",IF(BM53>=80.5,"3",IF(BM53>=75.5,"2","0"))))) -> 0 | BO53: 7 | BP53: 12 | BQ53: =(BO53+BP53)/2 -> 9.5 | BR53: 9 | BS53: 8 | BT53: 8 | BU53: =(BR53+BS53+BT53)/3 -> 8.3333333 | BW53: =BV53+BU53+BQ53+BN53 -> 17.833333
A54: 48 | B54: =OVERALL!B51 -> 2301390 | C54: =OVERALL!C51 -> KUNDAN | BB54: 23 | BD54: =BB54+BC54 -> 23 | BE54: 33 | BF54: =(BD54/BE54)*100 -> 69.69697 | BH54: 48 | BI54: =OVERALL!B51 -> 2301390 | BJ54: =OVERALL!C51 -> KUNDAN | BK54: 23 | BL54: 33 | BM54: =(BK54/BL54)*100 -> 69.69697 | BN54: =IF(BM54>=95.5,"6",IF(BM54>=90.5,"5", IF(BM54>=85.5,"4",IF(BM54>=80.5,"3",IF(BM54>=75.5,"2","0"))))) -> 0 | BO54: 4 | BP54: 7 | BQ54: =(BO54+BP54)/2 -> 5.5 | BR54: 9 | BS54: 9 | BT54: 8 | BU54: =(BR54+BS54+BT54)/3 -> 8.6666667 | BV54: 5 | BW54: =BV54+BU54+BQ54+BN54 -> 19.166667
A55: 49 | B55: =OVERALL!B52 -> 2301391 | C55: =OVERALL!C52 -> MANVEER SINGH | BB55: 25 | BD55: =BB55+BC55 -> 25 | BE55: 33 | BF55: =(BD55/BE55)*100 -> 75.757576 | BH55: 49 | BI55: =OVERALL!B52 -> 2301391 | BJ55: =OVERALL!C52 -> MANVEER SINGH | BK55: 25 | BL55: 33 | BM55: =(BK55/BL55)*100 -> 75.757576 | BN55: =IF(BM55>=95.5,"6",IF(BM55>=90.5,"5", IF(BM55>=85.5,"4",IF(BM55>=80.5,"3",IF(BM55>=75.5,"2","0"))))) -> 2 | BO55: 5 | BP55: 14 | BQ55: =(BO55+BP55)/2 -> 9.5 | BR55: 8 | BS55: 8 | BT55: 9 | BU55: =(BR55+BS55+BT55)/3 -> 8.3333333 | BW55: =BV55+BU55+BQ55+BN55 -> 19.833333
A56: 50 | B56: =OVERALL!B53 -> 2301392 | C56: =OVERALL!C53 -> MOHIT KUMAR | BB56: 19 | BD56: =BB56+BC56 -> 19 | BE56: 33 | BF56: =(BD56/BE56)*100 -> 57.575758 | BH56: 50 | BI56: =OVERALL!B53 -> 2301392 | BJ56: =OVERALL!C53 -> MOHIT KUMAR | BK56: 19 | BL56: 33 | BM56: =(BK56/BL56)*100 -> 57.575758 | BN56: =IF(BM56>=95.5,"6",IF(BM56>=90.5,"5", IF(BM56>=85.5,"4",IF(BM56>=80.5,"3",IF(BM56>=75.5,"2","0"))))) -> 0 | BO56: 0 | BP56: 12 | BQ56: =(BO56+BP56)/2 -> 6 | BR56: 8 | BS56: 8 | BT56: 9 | BU56: =(BR56+BS56+BT56)/3 -> 8.3333333 | BW56: =BV56+BU56+BQ56+BN56 -> 14.333333
A57: 51 | B57: =OVERALL!B54 -> 2301393 | C57: =OVERALL!C54 -> NAVNEET | BB57: 11 | BD57: =BB57+BC57 -> 11 | BE57: 33 | BF57: =(BD57/BE57)*100 -> 33.333333 | BH57: 51 | BI57: =OVERALL!B54 -> 2301393 | BJ57: =OVERALL!C54 -> NAVNEET | BK57: 11 | BL57: 33 | BM57: =(BK57/BL57)*100 -> 33.333333 | BN57: =IF(BM57>=95.5,"6",IF(BM57>=90.5,"5", IF(BM57>=85.5,"4",IF(BM57>=80.5,"3",IF(BM57>=75.5,"2","0"))))) -> 0 | BO57: 0 | BP57: 12 | BQ57: =(BO57+BP57)/2 -> 6 | BR57: 0 | BS57: 0 | BT57: 0 | BU57: =(BR57+BS57+BT57)/3 -> 0 | BV57: 5 | BW57: =BV57+BU57+BQ57+BN57 -> 11
A58: 52 | B58: =OVERALL!B55 -> 2301394 | C58: =OVERALL!C55 -> NITIN VERMA | BB58: 23 | BD58: =BB58+BC58 -> 23 | BE58: 33 | BF58: =(BD58/BE58)*100 -> 69.69697 | BH58: 52 | BI58: =OVERALL!B55 -> 2301394 | BJ58: =OVERALL!C55 -> NITIN VERMA | BK58: 23 | BL58: 33 | BM58: =(BK58/BL58)*100 -> 69.69697 | BN58: =IF(BM58>=95.5,"6",IF(BM58>=90.5,"5", IF(BM58>=85.5,"4",IF(BM58>=80.5,"3",IF(BM58>=75.5,"2","0"))))) -> 0 | BO58: 9 | BP58: 11 | BQ58: =(BO58+BP58)/2 -> 10 | BR58: 9 | BS58: 9 | BT58: 9 | BU58: =(BR58+BS58+BT58)/3 -> 9 | BV58: 5 | BW58: =BV58+BU58+BQ58+BN58 -> 24
A59: 53 | B59: =OVERALL!B56 -> 2301395 | C59: =OVERALL!C56 -> POOJA | BB59: 15 | BD59: =BB59+BC59 -> 15 | BE59: 33 | BF59: =(BD59/BE59)*100 -> 45.454545 | BH59: 53 | BI59: =OVERALL!B56 -> 2301395 | BJ59: =OVERALL!C56 -> POOJA | BK59: 15 | BL59: 33 | BM59: =(BK59/BL59)*100 -> 45.454545 | BN59: =IF(BM59>=95.5,"6",IF(BM59>=90.5,"5", IF(BM59>=85.5,"4",IF(BM59>=80.5,"3",IF(BM59>=75.5,"2","0"))))) -> 0 | BO59: 0 | BP59: 11 | BQ59: =(BO59+BP59)/2 -> 5.5 | BR59: 8 | BS59: 8 | BT59: 9 | BU59: =(BR59+BS59+BT59)/3 -> 8.3333333 | BW59: =BV59+BU59+BQ59+BN59 -> 13.833333
A60: 54 | B60: =OVERALL!B57 -> 2301396 | C60: =OVERALL!C57 -> PRIYA | BB60: 26 | BD60: =BB60+BC60 -> 26 | BE60: 33 | BF60: =(BD60/BE60)*100 -> 78.787879 | BH60: 54 | BI60: =OVERALL!B57 -> 2301396 | BJ60: =OVERALL!C57 -> PRIYA | BK60: 26 | BL60: 33 | BM60: =(BK60/BL60)*100 -> 78.787879 | BN60: =IF(BM60>=95.5,"6",IF(BM60>=90.5,"5", IF(BM60>=85.5,"4",IF(BM60>=80.5,"3",IF(BM60>=75.5,"2","0"))))) -> 2 | BO60: 8 | BP60: 16 | BQ60: =(BO60+BP60)/2 -> 12 | BR60: 9 | BS60: 9 | BT60: 9 | BU60: =(BR60+BS60+BT60)/3 -> 9 | BW60: =BV60+BU60+BQ60+BN60 -> 23
A61: 55 | B61: =OVERALL!B58 -> 2301397 | C61: =OVERALL!C58 -> SAHIL | BB61: 18 | BD61: =BB61+BC61 -> 18 | BE61: 33 | BF61: =(BD61/BE61)*100 -> 54.545455 | BH61: 55 | BI61: =OVERALL!B58 -> 2301397 | BJ61: =OVERALL!C58 -> SAHIL | BK61: 18 | BL61: 33 | BM61: =(BK61/BL61)*100 -> 54.545455 | BN61: =IF(BM61>=95.5,"6",IF(BM61>=90.5,"5", IF(BM61>=85.5,"4",IF(BM61>=80.5,"3",IF(BM61>=75.5,"2","0"))))) -> 0 | BO61: 4 | BP61: 6 | BQ61: =(BO61+BP61)/2 -> 5 | BR61: 9 | BS61: 8 | BT61: 8 | BU61: =(BR61+BS61+BT61)/3 -> 8.3333333 | BW61: =BV61+BU61+BQ61+BN61 -> 13.333333
A62: 56 | B62: =OVERALL!B59 -> 2301398 | C62: =OVERALL!C59 -> SANJANA | BB62: 22 | BD62: =BB62+BC62 -> 22 | BE62: 33 | BF62: =(BD62/BE62)*100 -> 66.666667 | BH62: 56 | BI62: =OVERALL!B59 -> 2301398 | BJ62: =OVERALL!C59 -> SANJANA | BK62: 22 | BL62: 33 | BM62: =(BK62/BL62)*100 -> 66.666667 | BN62: =IF(BM62>=95.5,"6",IF(BM62>=90.5,"5", IF(BM62>=85.5,"4",IF(BM62>=80.5,"3",IF(BM62>=75.5,"2","0"))))) -> 0 | BO62: 2 | BP62: 10 | BQ62: =(BO62+BP62)/2 -> 6 | BR62: 8 | BS62: 9 | BT62: 9 | BU62: =(BR62+BS62+BT62)/3 -> 8.6666667 | BW62: =BV62+BU62+BQ62+BN62 -> 14.666667
A63: 57 | B63: =OVERALL!B60 -> 2301399 | C63: =OVERALL!C60 -> SANJAY | BB63: 15 | BD63: =BB63+BC63 -> 15 | BE63: 33 | BF63: =(BD63/BE63)*100 -> 45.454545 | BH63: 57 | BI63: =OVERALL!B60 -> 2301399 | BJ63: =OVERALL!C60 -> SANJAY | BK63: 15 | BL63: 33 | BM63: =(BK63/BL63)*100 -> 45.454545 | BN63: =IF(BM63>=95.5,"6",IF(BM63>=90.5,"5", IF(BM63>=85.5,"4",IF(BM63>=80.5,"3",IF(BM63>=75.5,"2","0"))))) -> 0 | BO63: 3 | BP63: 8 | BQ63: =(BO63+BP63)/2 -> 5.5 | BR63: 8 | BS63: 8 | BT63: 9 | BU63: =(BR63+BS63+BT63)/3 -> 8.3333333 | BW63: =BV63+BU63+BQ63+BN63 -> 13.833333
A64: 58 | B64: =OVERALL!B61 -> 2301401 | C64: =OVERALL!C61 -> SMILE JASSAL | BB64: 26 | BD64: =BB64+BC64 -> 26 | BE64: 33 | BF64: =(BD64/BE64)*100 -> 78.787879 | BH64: 58 | BI64: =OVERALL!B61 -> 2301401 | BJ64: =OVERALL!C61 -> SMILE JASSAL | BK64: 26 | BL64: 33 | BM64: =(BK64/BL64)*100 -> 78.787879 | BN64: =IF(BM64>=95.5,"6",IF(BM64>=90.5,"5", IF(BM64>=85.5,"4",IF(BM64>=80.5,"3",IF(BM64>=75.5,"2","0"))))) -> 2 | BO64: 7 | BP64: 16 | BQ64: =(BO64+BP64)/2 -> 11.5 | BR64: 9 | BS64: 9 | BT64: 10 | BU64: =(BR64+BS64+BT64)/3 -> 9.3333333 | BW64: =BV64+BU64+BQ64+BN64 -> 22.833333
A65: 59 | B65: =OVERALL!B62 -> 2301402 | C65: =OVERALL!C62 -> SUMIT BHARAJ | BB65: 20 | BD65: =BB65+BC65 -> 20 | BE65: 33 | BF65: =(BD65/BE65)*100 -> 60.606061 | BH65: 59 | BI65: =OVERALL!B62 -> 2301402 | BJ65: =OVERALL!C62 -> SUMIT BHARAJ | BK65: 20 | BL65: 33 | BM65: =(BK65/BL65)*100 -> 60.606061 | BN65: =IF(BM65>=95.5,"6",IF(BM65>=90.5,"5", IF(BM65>=85.5,"4",IF(BM65>=80.5,"3",IF(BM65>=75.5,"2","0"))))) -> 0 | BO65: 9 | BP65: 5 | BQ65: =(BO65+BP65)/2 -> 7 | BR65: 9 | BS65: 9 | BT65: 9 | BU65: =(BR65+BS65+BT65)/3 -> 9 | BV65: 5 | BW65: =BV65+BU65+BQ65+BN65 -> 21
A66: 60 | B66: =OVERALL!B63 -> 2301403 | C66: =OVERALL!C63 -> SUNAKSHI | BB66: 27 | BD66: =BB66+BC66 -> 27 | BE66: 33 | BF66: =(BD66/BE66)*100 -> 81.818182 | BH66: 60 | BI66: =OVERALL!B63 -> 2301403 | BJ66: =OVERALL!C63 -> SUNAKSHI | BK66: 27 | BL66: 33 | BM66: =(BK66/BL66)*100 -> 81.818182 | BN66: =IF(BM66>=95.5,"6",IF(BM66>=90.5,"5", IF(BM66>=85.5,"4",IF(BM66>=80.5,"3",IF(BM66>=75.5,"2","0"))))) -> 3 | BO66: 11 | BP66: 14 | BQ66: =(BO66+BP66)/2 -> 12.5 | BR66: 10 | BS66: 9 | BT66: 9 | BU66: =(BR66+BS66+BT66)/3 -> 9.3333333 | BW66: =BV66+BU66+BQ66+BN66 -> 24.833333
A67: 61 | B67: =OVERALL!B64 -> 2301404 | C67: =OVERALL!C64 -> VANSH | BB67: 23 | BD67: =BB67+BC67 -> 23 | BE67: 33 | BF67: =(BD67/BE67)*100 -> 69.69697 | BH67: 61 | BI67: =OVERALL!B64 -> 2301404 | BJ67: =OVERALL!C64 -> VANSH | BK67: 23 | BL67: 33 | BM67: =(BK67/BL67)*100 -> 69.69697 | BN67: =IF(BM67>=95.5,"6",IF(BM67>=90.5,"5", IF(BM67>=85.5,"4",IF(BM67>=80.5,"3",IF(BM67>=75.5,"2","0"))))) -> 0 | BO67: 2 | BP67: 11 | BQ67: =(BO67+BP67)/2 -> 6.5 | BR67: 9 | BS67: 8 | BT67: 9 | BU67: =(BR67+BS67+BT67)/3 -> 8.6666667 | BV67: 5 | BW67: =BV67+BU67+BQ67+BN67 -> 20.166667
A68: 62 | B68: =OVERALL!B65 -> 2301405 | C68: =OVERALL!C65 -> VARINDER BHATOY | BB68: 17 | BD68: =BB68+BC68 -> 17 | BE68: 33 | BF68: =(BD68/BE68)*100 -> 51.515152 | BH68: 62 | BI68: =OVERALL!B65 -> 2301405 | BJ68: =OVERALL!C65 -> VARINDER BHATOY | BK68: 17 | BL68: 33 | BM68: =(BK68/BL68)*100 -> 51.515152 | BN68: =IF(BM68>=95.5,"6",IF(BM68>=90.5,"5", IF(BM68>=85.5,"4",IF(BM68>=80.5,"3",IF(BM68>=75.5,"2","0"))))) -> 0 | BO68: 1 | BP68: 13 | BQ68: =(BO68+BP68)/2 -> 7 | BR68: 8 | BS68: 8 | BT68: 8 | BU68: =(BR68+BS68+BT68)/3 -> 8 | BW68: =BV68+BU68+BQ68+BN68 -> 15
A69: 63 | B69: =OVERALL!B66 -> 2301407 | C69: =OVERALL!C66 -> YASHODHA | BB69: 25 | BD69: =BB69+BC69 -> 25 | BE69: 33 | BF69: =(BD69/BE69)*100 -> 75.757576 | BH69: 63 | BI69: =OVERALL!B66 -> 2301407 | BJ69: =OVERALL!C66 -> YASHODHA | BK69: 25 | BL69: 33 | BM69: =(BK69/BL69)*100 -> 75.757576 | BN69: =IF(BM69>=95.5,"6",IF(BM69>=90.5,"5", IF(BM69>=85.5,"4",IF(BM69>=80.5,"3",IF(BM69>=75.5,"2","0"))))) -> 2 | BO69: 6 | BP69: 6 | BQ69: =(BO69+BP69)/2 -> 6 | BR69: 9 | BS69: 8 | BT69: 8 | BU69: =(BR69+BS69+BT69)/3 -> 8.3333333 | BW69: =BV69+BU69+BQ69+BN69 -> 16.333333
A70: 64 | B70: =OVERALL!B67 -> 2301408 | C70: =OVERALL!C67 -> YOGESH SINGH | BB70: 0 | BD70: =BB70+BC70 -> 0 | BE70: 33 | BF70: =(BD70/BE70)*100 -> 0 | BH70: 64 | BI70: =OVERALL!B67 -> 2301408 | BJ70: =OVERALL!C67 -> YOGESH SINGH | BK70: 0 | BL70: 33 | BM70: =(BK70/BL70)*100 -> 0 | BN70: =IF(BM70>=95.5,"6",IF(BM70>=90.5,"5", IF(BM70>=85.5,"4",IF(BM70>=80.5,"3",IF(BM70>=75.5,"2","0"))))) -> 0 | BO70: 0 | BP70: 6 | BQ70: =(BO70+BP70)/2 -> 3 | BR70: 8 | BS70: 7 | BT70: 8 | BU70: =(BR70+BS70+BT70)/3 -> 7.6666667 | BV70: 5 | BW70: =BV70+BU70+BQ70+BN70 -> 15.666667
A71: 65 | B71: =OVERALL!B68 -> 2322658 | C71: =OVERALL!C68 -> BHAWANI THAKUR | BB71: 29 | BD71: =BB71+BC71 -> 29 | BE71: 33 | BF71: =(BD71/BE71)*100 -> 87.878788 | BH71: 65 | BI71: =OVERALL!B68 -> 2322658 | BJ71: =OVERALL!C68 -> BHAWANI THAKUR | BK71: 29 | BL71: 33 | BM71: =(BK71/BL71)*100 -> 87.878788 | BN71: =IF(BM71>=95.5,"6",IF(BM71>=90.5,"5", IF(BM71>=85.5,"4",IF(BM71>=80.5,"3",IF(BM71>=75.5,"2","0"))))) -> 4 | BO71: 4 | BP71: 8 | BQ71: =(BO71+BP71)/2 -> 6 | BR71: 10 | BS71: 9 | BT71: 8 | BU71: =(BR71+BS71+BT71)/3 -> 9 | BV71: 5 | BW71: =BV71+BU71+BQ71+BN71 -> 24
A72: 66 | B72: =OVERALL!B69 -> 2322659 | C72: =OVERALL!C69 -> HARGUN KAUR | BB72: 24 | BD72: =BB72+BC72 -> 24 | BE72: 33 | BF72: =(BD72/BE72)*100 -> 72.727273 | BH72: 66 | BI72: =OVERALL!B69 -> 2322659 | BJ72: =OVERALL!C69 -> HARGUN KAUR | BK72: 24 | BL72: 33 | BM72: =(BK72/BL72)*100 -> 72.727273 | BN72: =IF(BM72>=95.5,"6",IF(BM72>=90.5,"5", IF(BM72>=85.5,"4",IF(BM72>=80.5,"3",IF(BM72>=75.5,"2","0"))))) -> 0 | BO72: 14 | BP72: 19 | BQ72: =(BO72+BP72)/2 -> 16.5 | BR72: 10 | BS72: 10 | BT72: 10 | BU72: =(BR72+BS72+BT72)/3 -> 10 | BV72: 5 | BW72: =BV72+BU72+BQ72+BN72 -> 31.5
A73: 67 | B73: =OVERALL!B70 -> 2322665 | C73: =OVERALL!C70 -> PAWAN KUMAR | BB73: 12 | BD73: =BB73+BC73 -> 12 | BE73: 33 | BF73: =(BD73/BE73)*100 -> 36.363636 | BH73: 67 | BI73: =OVERALL!B70 -> 2322665 | BJ73: =OVERALL!C70 -> PAWAN KUMAR | BK73: 12 | BL73: 33 | BM73: =(BK73/BL73)*100 -> 36.363636 | BN73: =IF(BM73>=95.5,"6",IF(BM73>=90.5,"5", IF(BM73>=85.5,"4",IF(BM73>=80.5,"3",IF(BM73>=75.5,"2","0"))))) -> 0 | BO73: 5 | BP73: 10 | BQ73: =(BO73+BP73)/2 -> 7.5 | BR73: 8 | BS73: 8 | BT73: 8 | BU73: =(BR73+BS73+BT73)/3 -> 8 | BV73: 5 | BW73: =BV73+BU73+BQ73+BN73 -> 20.5
A74: 68 | B74: =OVERALL!B71 -> 2322666 | C74: =OVERALL!C71 -> PRINCE ABHISHEK | BB74: 21 | BD74: =BB74+BC74 -> 21 | BE74: 33 | BF74: =(BD74/BE74)*100 -> 63.636364 | BH74: 68 | BI74: =OVERALL!B71 -> 2322666 | BJ74: =OVERALL!C71 -> PRINCE ABHISHEK | BK74: 21 | BL74: 33 | BM74: =(BK74/BL74)*100 -> 63.636364 | BN74: =IF(BM74>=95.5,"6",IF(BM74>=90.5,"5", IF(BM74>=85.5,"4",IF(BM74>=80.5,"3",IF(BM74>=75.5,"2","0"))))) -> 0 | BO74: 15 | BP74: 12 | BQ74: =(BO74+BP74)/2 -> 13.5 | BR74: 9 | BS74: 9 | BT74: 9 | BU74: =(BR74+BS74+BT74)/3 -> 9 | BV74: 5 | BW74: =BV74+BU74+BQ74+BN74 -> 27.5
A75: 69 | B75: =OVERALL!B72 -> 2322670 | C75: =OVERALL!C72 -> SUMIT MAHEY | BB75: 15 | BD75: =BB75+BC75 -> 15 | BE75: 33 | BF75: =(BD75/BE75)*100 -> 45.454545 | BH75: 69 | BI75: =OVERALL!B72 -> 2322670 | BJ75: =OVERALL!C72 -> SUMIT MAHEY | BK75: 15 | BL75: 33 | BM75: =(BK75/BL75)*100 -> 45.454545 | BN75: =IF(BM75>=95.5,"6",IF(BM75>=90.5,"5", IF(BM75>=85.5,"4",IF(BM75>=80.5,"3",IF(BM75>=75.5,"2","0"))))) -> 0 | BO75: 9 | BP75: 8 | BQ75: =(BO75+BP75)/2 -> 8.5 | BR75: 8 | BS75: 9 | BT75: 8 | BU75: =(BR75+BS75+BT75)/3 -> 8.3333333 | BV75: 5 | BW75: =BV75+BU75+BQ75+BN75 -> 21.833333
A76: 70 | B76: =OVERALL!B73 -> 2322673 | C76: =OVERALL!C73 -> USMAN ALI | BB76: 19 | BD76: =BB76+BC76 -> 19 | BE76: 33 | BF76: =(BD76/BE76)*100 -> 57.575758 | BH76: 70 | BI76: =OVERALL!B73 -> 2322673 | BJ76: =OVERALL!C73 -> USMAN ALI | BK76: 19 | BL76: 33 | BM76: =(BK76/BL76)*100 -> 57.575758 | BN76: =IF(BM76>=95.5,"6",IF(BM76>=90.5,"5", IF(BM76>=85.5,"4",IF(BM76>=80.5,"3",IF(BM76>=75.5,"2","0"))))) -> 0 | BO76: 8 | BP76: 3 | BQ76: =(BO76+BP76)/2 -> 5.5 | BR76: 7 | BS76: 8 | BT76: 8 | BU76: =(BR76+BS76+BT76)/3 -> 7.6666667 | BV76: 5 | BW76: =BV76+BU76+BQ76+BN76 -> 18.166667
BJ77: Vishavjit Singh | BL77: 33 | BO77: 6 | BP77: 0 | BQ77: =(BO77+BP77)/2 -> 3 | BR77: 8 | BS77: 7 | BT77: 8 | BU77: =(BR77+BS77+BT77)/3 -> 7.6666667

Sheet COA
A1: =OVERALL!A1 -> ATTENDANCE RECORD JAN-JUNE 2025 (B.Tech CSE 4B) | BH1: CTIEMT : Evaluation Sheet for Internal Awards (Theory)
BH2: Session: JAN TO JUNE 2025
BH3: Department: CSE | BP3: Semester: B.TECH 4B
A4: Mr. Sukhdayal Dhanday | BH4: Subject Name: Computer Organization & Architecture | BP4: Subject Code: BTES 401-18
A5: DATE | BB5: PRESENT | BC5: DL (IF ANY) | BD5: Total Attended | BE5: Total Delievered | BF5: PERCENTAGE | BH5: S.No. | BI5: Reg No. | BJ5: Name of Student | BK5: Total Lec Att | BL5: Total Lec Del | BM5: Att %age | BN5: Att Marks (6) | BO5: MST I (24) | BP5: MST II (24) | BQ5: Average MST I & II (24) | BR5: Assignments | BU5: Assignments AVG (10) | BV5: Grace | BW5: Grand Total (40)
A6: S.No. | B6: Reg No. | C6: Name of Student | D6: 1 | E6: 2 | F6: 3 | G6: 4 | H6: 5 | I6: 6 | J6: 7 | K6: 8 | L6: 9 | M6: 10 | N6: 11 | O6: 12 | P6: 13 | Q6: 14 | R6: 15 | S6: 16 | T6: 17 | U6: 18 | V6: 19 | W6: 20 | X6: 21 | Y6: 22 | Z6: 23 | AA6: 24 | AB6: 25 | AC6: 26 | AD6: 27 | AE6: 28 | AF6: 29 | AG6: 30 | AH6: 31 | AI6: 32 | AJ6: 33 | AK6: 34 | AL6: 35 | AM6: 36 | AN6: 37 | AO6: 38 | AP6: 39 | AQ6: 40 | AR6: 41 | AS6: 42 | AT6: 43 | AU6: 44 | AV6: 45 | AW6: 46 | AX6: 47 | AY6: 48 | AZ6: 49 | BA6: 50 | BR6: 1 | BS6: 2 | BT6: 3
A7: 1 | B7: =OVERALL!B4 -> 2301249 | C7: =OVERALL!C4 -> Rahul Sharma | BB7: 15 | BD7: =BB7+BC7 -> 15 | BE7: 30 | BF7: =(BD7/BE7)*100 -> 50 | BH7: 1 | BI7: =OVERALL!B4 -> 2301249 | BJ7: =OVERALL!C4 -> Rahul Sharma | BK7: =BD7 -> 15 | BL7: =BE7 -> 30 | BM7: =(BK7/BL7)*100 -> 50 | BN7: =IF(BM7>=95.5,"6",IF(BM7>=90.5,"5", IF(BM7>=85.5,"4",IF(BM7>=80.5,"3",IF(BM7>=75.5,"2","0"))))) -> 0 | BO7: 8 | BP7: 15 | BQ7: =(BO7+BP7)/2 -> 11.5 | BR7: 9 | BS7: 9 | BT7: 9 | BU7: =(BR7+BS7+BT7)/3 -> 9 | BV7: 5 | BW7: =BV7+BU7+BQ7+BN7 -> 25.5
A8: 2 | B8: =OVERALL!B5 -> 2301251 | C8: =OVERALL!C5 -> Raj Kumar | BB8: 18 | BD8: =BB8+BC8 -> 18 | BE8: 30 | BF8: =(BD8/BE8)*100 -> 60 | BH8: 2 | BI8: =OVERALL!B5 -> 2301251 | BJ8: =OVERALL!C5 -> Raj Kumar | BK8: =BD8 -> 18 | BL8: =BE8 -> 30 | BM8: =(BK8/BL8)*100 -> 60 | BN8: =IF(BM8>=95.5,"6",IF(BM8>=90.5,"5", IF(BM8>=85.5,"4",IF(BM8>=80.5,"3",IF(BM8>=75.5,"2","0"))))) -> 0 | BO8: 10 | BP8: 12 | BQ8: =(BO8+BP8)/2 -> 11 | BR8: 9 | BS8: 10 | BT8: 8 | BU8: =(BR8+BS8+BT8)/3 -> 9 | BW8: =BV8+BU8+BQ8+BN8 -> 20
A9: 3 | B9: =OVERALL!B6 -> 2301252 | C9: =OVERALL!C6 -> Rajan Sharma | BB9: 20 | BD9: =BB9+BC9 -> 20 | BE9: 30 | BF9: =(BD9/BE9)*100 -> 66.666667 | BH9: 3 | BI9: =OVERALL!B6 -> 2301252 | BJ9: =OVERALL!C6 -> Rajan Sharma | BK9: =BD9 -> 20 | BL9: =BE9 -> 30 | BM9: =(BK9/BL9)*100 -> 66.666667 | BN9: =IF(BM9>=95.5,"6",IF(BM9>=90.5,"5", IF(BM9>=85.5,"4",IF(BM9>=80.5,"3",IF(BM9>=75.5,"2","0"))))) -> 0 | BO9: 12 | BP9: 9 | BQ9: =(BO9+BP9)/2 -> 10.5 | BR9: 8 | BS9: 9 | BT9: 8 | BU9: =(BR9+BS9+BT9)/3 -> 8.3333333 | BW9: =BV9+BU9+BQ9+BN9 -> 18.833333
A10: 4 | B10: =OVERALL!B7 -> 2301253 | C10: =OVERALL!C7 -> Rajwinder Kaur | BB10: 24 | BD10: =BB10+BC10 -> 24 | BE10: 30 | BF10: =(BD10/BE10)*100 -> 80 | BH10: 4 | BI10: =OVERALL!B7 -> 2301253 | BJ10: =OVERALL!C7 -> Rajwinder Kaur | BK10: =BD10 -> 24 | BL10: =BE10 -> 30 | BM10: =(BK10/BL10)*100 -> 80 | BN10: =IF(BM10>=95.5,"6",IF(BM10>=90.5,"5", IF(BM10>=85.5,"4",IF(BM10>=80.5,"3",IF(BM10>=75.5,"2","0"))))) -> 2 | BO10: 22 | BP10: 21 | BQ10: =(BO10+BP10)/2 -> 21.5 | BR10: 9 | BS10: 10 | BT10: 9 | BU10: =(BR10+BS10+BT10)/3 -> 9.3333333 | BW10: =BV10+BU10+BQ10+BN10 -> 32.833333
A11: 5 | B11: =OVERALL!B8 -> 2301255 | C11: =OVERALL!C8 -> Ravi Bhushan Kumar | BB11: 26 | BD11: =BB11+BC11 -> 26 | BE11: 30 | BF11: =(BD11/BE11)*100 -> 86.666667 | BH11: 5 | BI11: =OVERALL!B8 -> 2301255 | BJ11: =OVERALL!C8 -> Ravi Bhushan Kumar | BK11: =BD11 -> 26 | BL11: =BE11 -> 30 | BM11: =(BK11/BL11)*100 -> 86.666667 | BN11: =IF(BM11>=95.5,"6",IF(BM11>=90.5,"5", IF(BM11>=85.5,"4",IF(BM11>=80.5,"3",IF(BM11>=75.5,"2","0"))))) -> 4 | BO11: 21 | BP11: 22 | BQ11: =(BO11+BP11)/2 -> 21.5 | BR11: 10 | BS11: 10 | BT11: 9 | BU11: =(BR11+BS11+BT11)/3 -> 9.6666667 | BV11: 1 | BW11: =BV11+BU11+BQ11+BN11 -> 36.166667
A12: 6 | B12: =OVERALL!B9 -> 2301256 | C12: =OVERALL!C9 -> Reshma | BB12: 30 | BD12: =BB12+BC12 -> 30 | BE12: 30 | BF12: =(BD12/BE12)*100 -> 100 | BH12: 6 | BI12: =OVERALL!B9 -> 2301256 | BJ12: =OVERALL!C9 -> Reshma | BK12: =BD12 -> 30 | BL12: =BE12 -> 30 | BM12: =(BK12/BL12)*100 -> 100 | BN12: =IF(BM12>=95.5,"6",IF(BM12>=90.5,"5", IF(BM12>=85.5,"4",IF(BM12>=80.5,"3",IF(BM12>=75.5,"2","0"))))) -> 6 | BO12: 15 | BP12: 20 | BQ12: =(BO12+BP12)/2 -> 17.5 | BR12: 9 | BS12: 10 | BT12: 8 | BU12: =(BR12+BS12+BT12)/3 -> 9 | BW12: =BV12+BU12+BQ12+BN12 -> 32.5
A13: 7 | B13: =OVERALL!B10 -> 2301257 | C13: =OVERALL!C10 -> Ritesh Kumar Choudhary | BB13: 16 | BD13: =BB13+BC13 -> 16 | BE13: 30 | BF13: =(BD13/BE13)*100 -> 53.333333 | BH13: 7 | BI13: =OVERALL!B10 -> 2301257 | BJ13: =OVERALL!C10 -> Ritesh Kumar Choudhary | BK13: =BD13 -> 16 | BL13: =BE13 -> 30 | BM13: =(BK13/BL13)*100 -> 53.333333 | BN13: =IF(BM13>=95.5,"6",IF(BM13>=90.5,"5", IF(BM13>=85.5,"4",IF(BM13>=80.5,"3",IF(BM13>=75.5,"2","0"))))) -> 0 | BO13: 13 | BP13: 6 | BQ13: =(BO13+BP13)/2 -> 9.5 | BR13: 7 | BS13: 7 | BT13: 7 | BU13: =(BR13+BS13+BT13)/3 -> 7 | BV13: 5 | BW13: =BV13+BU13+BQ13+BN13 -> 21.5
A14: 8 | B14: =OVERALL!B11 -> 2301258 | C14: =OVERALL!C11 -> Ritesh Thakur | BB14: 1 | BD14: =BB14+BC14 -> 1 | BE14: 30 | BF14: =(BD14/BE14)*100 -> 3.3333333 | BH14: 8 | BI14: =OVERALL!B11 -> 2301258 | BJ14: =OVERALL!C11 -> Ritesh Thakur | BK14: =BD14 -> 1 | BL14: =BE14 -> 30 | BM14: =(BK14/BL14)*100 -> 3.3333333 | BN14: =IF(BM14>=95.5,"6",IF(BM14>=90.5,"5", IF(BM14>=85.5,"4",IF(BM14>=80.5,"3",IF(BM14>=75.5,"2","0"))))) -> 0 | BO14: 8 | BP14: 9 | BQ14: =(BO14+BP14)/2 -> 8.5 | BR14: 0 | BS14: 0 | BT14: 0 | BU14: =(BR14+BS14+BT14)/3 -> 0 | BW14: =BV14+BU14+BQ14+BN14 -> 8.5
A15: 9 | B15: =OVERALL!B12 -> 2301259 | C15: =OVERALL!C12 -> Riya Thakur | BB15: 26 | BD15: =BB15+BC15 -> 26 | BE15: 30 | BF15: =(BD15/BE15)*100 -> 86.666667 | BH15: 9 | BI15: =OVERALL!B12 -> 2301259 | BJ15: =OVERALL!C12 -> Riya Thakur | BK15: =BD15 -> 26 | BL15: =BE15 -> 30 | BM15: =(BK15/BL15)*100 -> 86.666667 | BN15: =IF(BM15>=95.5,"6",IF(BM15>=90.5,"5", IF(BM15>=85.5,"4",IF(BM15>=80.5,"3",IF(BM15>=75.5,"2","0"))))) -> 4 | BO15: 19 | BP15: 20 | BQ15: =(BO15+BP15)/2 -> 19.5 | BR15: 9 | BS15: 10 | BT15: 10 | BU15: =(BR15+BS15+BT15)/3 -> 9.6666667 | BW15: =BV15+BU15+BQ15+BN15 -> 33.166667
A16: 10 | B16: =OVERALL!B13 -> 2301260 | C16: =OVERALL!C13 -> Rounit Dhiman | BB16: 26 | BD16: =BB16+BC16 -> 26 | BE16: 30 | BF16: =(BD16/BE16)*100 -> 86.666667 | BH16: 10 | BI16: =OVERALL!B13 -> 2301260 | BJ16: =OVERALL!C13 -> Rounit Dhiman | BK16: =BD16 -> 26 | BL16: =BE16 -> 30 | BM16: =(BK16/BL16)*100 -> 86.666667 | BN16: =IF(BM16>=95.5,"6",IF(BM16>=90.5,"5", IF(BM16>=85.5,"4",IF(BM16>=80.5,"3",IF(BM16>=75.5,"2","0"))))) -> 4 | BO16: 10 | BP16: 13 | BQ16: =(BO16+BP16)/2 -> 11.5 | BR16: 9 | BS16: 9 | BT16: 9 | BU16: =(BR16+BS16+BT16)/3 -> 9 | BV16: 5 | BW16: =BV16+BU16+BQ16+BN16 -> 29.5
A17: 11 | B17: =OVERALL!B14 -> 2301261 | C17: =OVERALL!C14 -> Rubby Kumari | BB17: 14 | BD17: =BB17+BC17 -> 14 | BE17: 30 | BF17: =(BD17/BE17)*100 -> 46.666667 | BH17: 11 | BI17: =OVERALL!B14 -> 2301261 | BJ17: =OVERALL!C14 -> Rubby Kumari | BK17: =BD17 -> 14 | BL17: =BE17 -> 30 | BM17: =(BK17/BL17)*100 -> 46.666667 | BN17: =IF(BM17>=95.5,"6",IF(BM17>=90.5,"5", IF(BM17>=85.5,"4",IF(BM17>=80.5,"3",IF(BM17>=75.5,"2","0"))))) -> 0 | BO17: 9 | BP17: 15 | BQ17: =(BO17+BP17)/2 -> 12 | BR17: 9 | BS17: 0 | BT17: 7 | BU17: =(BR17+BS17+BT17)/3 -> 5.3333333 | BW17: =BV17+BU17+BQ17+BN17 -> 17.333333
A18: 12 | B18: =OVERALL!B15 -> 2301262 | C18: =OVERALL!C15 -> Sakshi Devi | BB18: 25 | BD18: =BB18+BC18 -> 25 | BE18: 30 | BF18: =(BD18/BE18)*100 -> 83.333333 | BH18: 12 | BI18: =OVERALL!B15 -> 2301262 | BJ18: =OVERALL!C15 -> Sakshi Devi | BK18: =BD18 -> 25 | BL18: =BE18 -> 30 | BM18: =(BK18/BL18)*100 -> 83.333333 | BN18: =IF(BM18>=95.5,"6",IF(BM18>=90.5,"5", IF(BM18>=85.5,"4",IF(BM18>=80.5,"3",IF(BM18>=75.5,"2","0"))))) -> 3 | BO18: 4 | BP18: 16 | BQ18: =(BO18+BP18)/2 -> 10 | BR18: 8 | BS18: 8 | BT18: 7 | BU18: =(BR18+BS18+BT18)/3 -> 7.6666667 | BW18: =BV18+BU18+BQ18+BN18 -> 20.666667
A19: 13 | B19: =OVERALL!B16 -> 2301263 | C19: =OVERALL!C16 -> Sanchi Sharma | BB19: 29 | BD19: =BB19+BC19 -> 29 | BE19: 30 | BF19: =(BD19/BE19)*100 -> 96.666667 | BH19: 13 | BI19: =OVERALL!B16 -> 2301263 | BJ19: =OVERALL!C16 -> Sanchi Sharma | BK19: =BD19 -> 29 | BL19: =BE19 -> 30 | BM19: =(BK19/BL19)*100 -> 96.666667 | BN19: =IF(BM19>=95.5,"6",IF(BM19>=90.5,"5", IF(BM19>=85.5,"4",IF(BM19>=80.5,"3",IF(BM19>=75.5,"2","0"))))) -> 6 | BO19: 19 | BP19: 21 | BQ19: =(BO19+BP19)/2 -> 20 | BR19: 9 | BS19: 9 | BT19: 10 | BU19: =(BR19+BS19+BT19)/3 -> 9.3333333 | BV19: 1 | BW19: =BV19+BU19+BQ19+BN19 -> 36.333333
A20: 14 | B20: =OVERALL!B17 -> 2301264 | C20: =OVERALL!C17 -> Sarbjit Singh | BB20: 17 | BD20: =BB20+BC20 -> 17 | BE20: 30 | BF20: =(BD20/BE20)*100 -> 56.666667 | BH20: 14 | BI20: =OVERALL!B17 -> 2301264 | BJ20: =OVERALL!C17 -> Sarbjit Singh | BK20: =BD20 -> 17 | BL20: =BE20 -> 30 | BM20: =(BK20/BL20)*100 -> 56.666667 | BN20: =IF(BM20>=95.5,"6",IF(BM20>=90.5,"5", IF(BM20>=85.5,"4",IF(BM20>=80.5,"3",IF(BM20>=75.5,"2","0"))))) -> 0 | BO20: 0 | BP20: 5 | BQ20: =(BO20+BP20)/2 -> 2.5 | BR20: 9 | BS20: 8 | BT20: 8 | BU20: =(BR20+BS20+BT20)/3 -> 8.3333333 | BV20: 5 | BW20: =BV20+BU20+BQ20+BN20 -> 15.833333
A21: 15 | B21: =OVERALL!B18 -> 2301265 | C21: =OVERALL!C18 -> Sarif Mayangmayum | BB21: 23 | BC21: 1 | BD21: =BB21+BC21 -> 24 | BE21: 30 | BF21: =(BD21/BE21)*100 -> 80 | BH21: 15 | BI21: =OVERALL!B18 -> 2301265 | BJ21: =OVERALL!C18 -> Sarif Mayangmayum | BK21: =BD21 -> 24 | BL21: =BE21 -> 30 | BM21: =(BK21/BL21)*100 -> 80 | BN21: =IF(BM21>=95.5,"6",IF(BM21>=90.5,"5", IF(BM21>=85.5,"4",IF(BM21>=80.5,"3",IF(BM21>=75.5,"2","0"))))) -> 2 | BO21: 17 | BP21: 19 | BQ21: =(BO21+BP21)/2 -> 18 | BR21: 9 | BS21: 10 | BT21: 5 | BU21: =(BR21+BS21+BT21)/3 -> 8 | BW21: =BV21+BU21+BQ21+BN21 -> 28
A22: 16 | B22: =OVERALL!B19 -> 2301267 | C22: =OVERALL!C19 -> Shivam Kumar Chaubey | BB22: 22 | BD22: =BB22+BC22 -> 22 | BE22: 30 | BF22: =(BD22/BE22)*100 -> 73.333333 | BH22: 16 | BI22: =OVERALL!B19 -> 2301267 | BJ22: =OVERALL!C19 -> Shivam Kumar Chaubey | BK22: =BD22 -> 22 | BL22: =BE22 -> 30 | BM22: =(BK22/BL22)*100 -> 73.333333 | BN22: =IF(BM22>=95.5,"6",IF(BM22>=90.5,"5", IF(BM22>=85.5,"4",IF(BM22>=80.5,"3",IF(BM22>=75.5,"2","0"))))) -> 0 | BO22: 15 | BP22: 13 | BQ22: =(BO22+BP22)/2 -> 14 | BR22: 10 | BS22: 10 | BT22: 10 | BU22: =(BR22+BS22+BT22)/3 -> 10 | BV22: 5 | BW22: =BV22+BU22+BQ22+BN22 -> 29
A23: 17 | B23: =OVERALL!B20 -> 2301268 | C23: =OVERALL!C20 -> Simba Godfrey | BB23: 21 | BC23: 1 | BD23: =BB23+BC23 -> 22 | BE23: 30 | BF23: =(BD23/BE23)*100 -> 73.333333 | BH23: 17 | BI23: =OVERALL!B20 -> 2301268 | BJ23: =OVERALL!C20 -> Simba Godfrey | BK23: =BD23 -> 22 | BL23: =BE23 -> 30 | BM23: =(BK23/BL23)*100 -> 73.333333 | BN23: =IF(BM23>=95.5,"6",IF(BM23>=90.5,"5", IF(BM23>=85.5,"4",IF(BM23>=80.5,"3",IF(BM23>=75.5,"2","0"))))) -> 0 | BO23: 7 | BP23: 19 | BQ23: =(BO23+BP23)/2 -> 13 | BR23: 9 | BS23: 9 | BT23: 8 | BU23: =(BR23+BS23+BT23)/3 -> 8.6666667 | BV23: 5 | BW23: =BV23+BU23+BQ23+BN23 -> 26.666667
A24: 18 | B24: =OVERALL!B21 -> 2301269 | C24: =OVERALL!C21 -> Simran Kaur | BB24: 26 | BD24: =BB24+BC24 -> 26 | BE24: 30 | BF24: =(BD24/BE24)*100 -> 86.666667 | BH24: 18 | BI24: =OVERALL!B21 -> 2301269 | BJ24: =OVERALL!C21 -> Simran Kaur | BK24: =BD24 -> 26 | BL24: =BE24 -> 30 | BM24: =(BK24/BL24)*100 -> 86.666667 | BN24: =IF(BM24>=95.5,"6",IF(BM24>=90.5,"5", IF(BM24>=85.5,"4",IF(BM24>=80.5,"3",IF(BM24>=75.5,"2","0"))))) -> 4 | BO24: 13 | BP24: 21 | BQ24: =(BO24+BP24)/2 -> 17 | BR24: 9 | BS24: 10 | BT24: 10 | BU24: =(BR24+BS24+BT24)/3 -> 9.6666667 | BW24: =BV24+BU24+BQ24+BN24 -> 30.666667
A25: 19 | B25: =OVERALL!B22 -> 2301270 | C25: =OVERALL!C22 -> Simranjit Singh | BB25: 22 | BD25: =BB25+BC25 -> 22 | BE25: 30 | BF25: =(BD25/BE25)*100 -> 73.333333 | BH25: 19 | BI25: =OVERALL!B22 -> 2301270 | BJ25: =OVERALL!C22 -> Simranjit Singh | BK25: =BD25 -> 22 | BL25: =BE25 -> 30 | BM25: =(BK25/BL25)*100 -> 73.333333 | BN25: =IF(BM25>=95.5,"6",IF(BM25>=90.5,"5", IF(BM25>=85.5,"4",IF(BM25>=80.5,"3",IF(BM25>=75.5,"2","0"))))) -> 0 | BO25: 14 | BP25: 14 | BQ25: =(BO25+BP25)/2 -> 14 | BR25: 10 | BS25: 10 | BT25: 9 | BU25: =(BR25+BS25+BT25)/3 -> 9.6666667 | BV25: 5 | BW25: =BV25+BU25+BQ25+BN25 -> 28.666667
A26: 20 | B26: =OVERALL!B23 -> 2301271 | C26: =OVERALL!C23 -> Sudip Sunar | BB26: 24 | BC26: 1 | BD26: =BB26+BC26 -> 25 | BE26: 30 | BF26: =(BD26/BE26)*100 -> 83.333333 | BH26: 20 | BI26: =OVERALL!B23 -> 2301271 | BJ26: =OVERALL!C23 -> Sudip Sunar | BK26: =BD26 -> 25 | BL26: =BE26 -> 30 | BM26: =(BK26/BL26)*100 -> 83.333333 | BN26: =IF(BM26>=95.5,"6",IF(BM26>=90.5,"5", IF(BM26>=85.5,"4",IF(BM26>=80.5,"3",IF(BM26>=75.5,"2","0"))))) -> 3 | BO26: 17 | BP26: 18 | BQ26: =(BO26+BP26)/2 -> 17.5 | BR26: 9 | BS26: 10 | BT26: 8 | BU26: =(BR26+BS26+BT26)/3 -> 9 | BW26: =BV26+BU26+BQ26+BN26 -> 29.5
A27: 21 | B27: =OVERALL!B24 -> 2301272 | C27: =OVERALL!C24 -> Sujal Sharma | BB27: 0 | BD27: =BB27+BC27 -> 0 | BE27: 30 | BF27: =(BD27/BE27)*100 -> 0 | BH27: 21 | BI27: =OVERALL!B24 -> 2301272 | BJ27: =OVERALL!C24 -> Sujal Sharma | BK27: =BD27 -> 0 | BL27: =BE27 -> 30 | BM27: =(BK27/BL27)*100 -> 0 | BN27: =IF(BM27>=95.5,"6",IF(BM27>=90.5,"5", IF(BM27>=85.5,"4",IF(BM27>=80.5,"3",IF(BM27>=75.5,"2","0"))))) -> 0 | BO27: 0 | BP27: 0 | BQ27: =(BO27+BP27)/2 -> 0 | BR27: 0 | BS27: 0 | BT27: 0 | BU27: =(BR27+BS27+BT27)/3 -> 0 | BW27: =BV27+BU27+BQ27+BN27 -> 0
A28: 22 | B28: =OVERALL!B25 -> 2301273 | C28: =OVERALL!C25 -> Sukhraj Singh | BB28: 18 | BD28: =BB28+BC28 -> 18 | BE28: 30 | BF28: =(BD28/BE28)*100 -> 60 | BH28: 22 | BI28: =OVERALL!B25 -> 2301273 | BJ28: =OVERALL!C25 -> Sukhraj Singh | BK28: =BD28 -> 18 | BL28: =BE28 -> 30 | BM28: =(BK28/BL28)*100 -> 60 | BN28: =IF(BM28>=95.5,"6",IF(BM28>=90.5,"5", IF(BM28>=85.5,"4",IF(BM28>=80.5,"3",IF(BM28>=75.5,"2","0"))))) -> 0 | BO28: 8 | BP28: 8 | BQ28: =(BO28+BP28)/2 -> 8 | BR28: 8 | BS28: 8 | BT28: 7 | BU28: =(BR28+BS28+BT28)/3 -> 7.6666667 | BV28: 5 | BW28: =BV28+BU28+BQ28+BN28 -> 20.666667
A29: 23 | B29: =OVERALL!B26 -> 2301274 | C29: =OVERALL!C26 -> Sukhreet Kaur | BB29: 21 | BD29: =BB29+BC29 -> 21 | BE29: 30 | BF29: =(BD29/BE29)*100 -> 70 | BH29: 23 | BI29: =OVERALL!B26 -> 2301274 | BJ29: =OVERALL!C26 -> Sukhreet Kaur | BK29: =BD29 -> 21 | BL29: =BE29 -> 30 | BM29: =(BK29/BL29)*100 -> 70 | BN29: =IF(BM29>=95.5,"6",IF(BM29>=90.5,"5", IF(BM29>=85.5,"4",IF(BM29>=80.5,"3",IF(BM29>=75.5,"2","0"))))) -> 0 | BO29: 16 | BP29: 21 | BQ29: =(BO29+BP29)/2 -> 18.5 | BR29: 9 | BS29: 9 | BT29: 10 | BU29: =(BR29+BS29+BT29)/3 -> 9.3333333 | BW29: =BV29+BU29+BQ29+BN29 -> 27.833333
A30: 24 | B30: =OVERALL!B27 -> 2301275 | C30: =OVERALL!C27 -> Suman Krishna | BB30: 15 | BD30: =BB30+BC30 -> 15 | BE30: 30 | BF30: =(BD30/BE30)*100 -> 50 | BH30: 24 | BI30: =OVERALL!B27 -> 2301275 | BJ30: =OVERALL!C27 -> Suman Krishna | BK30: =BD30 -> 15 | BL30: =BE30 -> 30 | BM30: =(BK30/BL30)*100 -> 50 | BN30: =IF(BM30>=95.5,"6",IF(BM30>=90.5,"5", IF(BM30>=85.5,"4",IF(BM30>=80.5,"3",IF(BM30>=75.5,"2","0"))))) -> 0 | BO30: 12 | BP30: 20 | BQ30: =(BO30+BP30)/2 -> 16 | BR30: 9 | BS30: 9 | BT30: 10 | BU30: =(BR30+BS30+BT30)/3 -> 9.3333333 | BV30: 5 | BW30: =BV30+BU30+BQ30+BN30 -> 30.333333
A31: 25 | B31: =OVERALL!B28 -> 2301277 | C31: =OVERALL!C28 -> Tamana | BB31: 15 | BD31: =BB31+BC31 -> 15 | BE31: 30 | BF31: =(BD31/BE31)*100 -> 50 | BH31: 25 | BI31: =OVERALL!B28 -> 2301277 | BJ31: =OVERALL!C28 -> Tamana | BK31: =BD31 -> 15 | BL31: =BE31 -> 30 | BM31: =(BK31/BL31)*100 -> 50 | BN31: =IF(BM31>=95.5,"6",IF(BM31>=90.5,"5", IF(BM31>=85.5,"4",IF(BM31>=80.5,"3",IF(BM31>=75.5,"2","0"))))) -> 0 | BO31: 13 | BP31: 22 | BQ31: =(BO31+BP31)/2 -> 17.5 | BR31: 10 | BS31: 10 | BT31: 10 | BU31: =(BR31+BS31+BT31)/3 -> 10 | BV31: 5 | BW31: =BV31+BU31+BQ31+BN31 -> 32.5
A32: 26 | B32: =OVERALL!B29 -> 2301278 | C32: =OVERALL!C29 -> Tamana Farooq Khanday | BB32: 5 | BD32: =BB32+BC32 -> 5 | BE32: 30 | BF32: =(BD32/BE32)*100 -> 16.666667 | BH32: 26 | BI32: =OVERALL!B29 -> 2301278 | BJ32: =OVERALL!C29 -> Tamana Farooq Khanday | BK32: =BD32 -> 5 | BL32: =BE32 -> 30 | BM32: =(BK32/BL32)*100 -> 16.666667 | BN32: =IF(BM32>=95.5,"6",IF(BM32>=90.5,"5", IF(BM32>=85.5,"4",IF(BM32>=80.5,"3",IF(BM32>=75.5,"2","0"))))) -> 0 | BO32: 11 | BP32: 10 | BQ32: =(BO32+BP32)/2 -> 10.5 | BR32: 9 | BS32: 10 | BT32: 8 | BU32: =(BR32+BS32+BT32)/3 -> 9 | BW32: =BV32+BU32+BQ32+BN32 -> 19.5
A33: 27 | B33: =OVERALL!B30 -> 2301279 | C33: =OVERALL!C30 -> Tania | BB33: 30 | BD33: =BB33+BC33 -> 30 | BE33: 30 | BF33: =(BD33/BE33)*100 -> 100 | BH33: 27 | BI33: =OVERALL!B30 -> 2301279 | BJ33: =OVERALL!C30 -> Tania | BK33: =BD33 -> 30 | BL33: =BE33 -> 30 | BM33: =(BK33/BL33)*100 -> 100 | BN33: =IF(BM33>=95.5,"6",IF(BM33>=90.5,"5", IF(BM33>=85.5,"4",IF(BM33>=80.5,"3",IF(BM33>=75.5,"2","0"))))) -> 6 | BO33: 14 | BP33: 20 | BQ33: =(BO33+BP33)/2 -> 17 | BR33: 9 | BS33: 9 | BT33: 9 | BU33: =(BR33+BS33+BT33)/3 -> 9 | BW33: =BV33+BU33+BQ33+BN33 -> 32
A34: 28 | B34: =OVERALL!B31 -> 2301280 | C34: =OVERALL!C31 -> Taniya | BB34: 15 | BD34: =BB34+BC34 -> 15 | BE34: 30 | BF34: =(BD34/BE34)*100 -> 50 | BH34: 28 | BI34: =OVERALL!B31 -> 2301280 | BJ34: =OVERALL!C31 -> Taniya | BK34: =BD34 -> 15 | BL34: =BE34 -> 30 | BM34: =(BK34/BL34)*100 -> 50 | BN34: =IF(BM34>=95.5,"6",IF(BM34>=90.5,"5", IF(BM34>=85.5,"4",IF(BM34>=80.5,"3",IF(BM34>=75.5,"2","0"))))) -> 0 | BO34: 11 | BP34: 17 | BQ34: =(BO34+BP34)/2 -> 14 | BR34: 9 | BS34: 10 | BT34: 9 | BU34: =(BR34+BS34+BT34)/3 -> 9.3333333 | BW34: =BV34+BU34+BQ34+BN34 -> 23.333333
A35: 29 | B35: =OVERALL!B32 -> 2301281 | C35: =OVERALL!C32 -> Taziko Trakha | BB35: 19 | BC35: 1 | BD35: =BB35+BC35 -> 20 | BE35: 30 | BF35: =(BD35/BE35)*100 -> 66.666667 | BH35: 29 | BI35: =OVERALL!B32 -> 2301281 | BJ35: =OVERALL!C32 -> Taziko Trakha | BK35: =BD35 -> 20 | BL35: =BE35 -> 30 | BM35: =(BK35/BL35)*100 -> 66.666667 | BN35: =IF(BM35>=95.5,"6",IF(BM35>=90.5,"5", IF(BM35>=85.5,"4",IF(BM35>=80.5,"3",IF(BM35>=75.5,"2","0"))))) -> 0 | BO35: 12 | BP35: 16 | BQ35: =(BO35+BP35)/2 -> 14 | BR35: 9 | BS35: 10 | BT35: 5 | BU35: =(BR35+BS35+BT35)/3 -> 8 | BW35: =BV35+BU35+BQ35+BN35 -> 22
A36: 30 | B36: =OVERALL!B33 -> 2301283 | C36: =OVERALL!C33 -> Vaibhav Shahi | BB36: 14 | BD36: =BB36+BC36 -> 14 | BE36: 30 | BF36: =(BD36/BE36)*100 -> 46.666667 | BH36: 30 | BI36: =OVERALL!B33 -> 2301283 | BJ36: =OVERALL!C33 -> Vaibhav Shahi | BK36: =BD36 -> 14 | BL36: =BE36 -> 30 | BM36: =(BK36/BL36)*100 -> 46.666667 | BN36: =IF(BM36>=95.5,"6",IF(BM36>=90.5,"5", IF(BM36>=85.5,"4",IF(BM36>=80.5,"3",IF(BM36>=75.5,"2","0"))))) -> 0 | BO36: 0 | BP36: 13 | BQ36: =(BO36+BP36)/2 -> 6.5 | BR36: 8 | BS36: 8 | BT36: 7 | BU36: =(BR36+BS36+BT36)/3 -> 7.6666667 | BW36: =BV36+BU36+BQ36+BN36 -> 14.166667
A37: 31 | B37: =OVERALL!B34 -> 2301285 | C37: =OVERALL!C34 -> Vansh Sharma | BB37: 12 | BD37: =BB37+BC37 -> 12 | BE37: 30 | BF37: =(BD37/BE37)*100 -> 40 | BH37: 31 | BI37: =OVERALL!B34 -> 2301285 | BJ37: =OVERALL!C34 -> Vansh Sharma | BK37: =BD37 -> 12 | BL37: =BE37 -> 30 | BM37: =(BK37/BL37)*100 -> 40 | BN37: =IF(BM37>=95.5,"6",IF(BM37>=90.5,"5", IF(BM37>=85.5,"4",IF(BM37>=80.5,"3",IF(BM37>=75.5,"2","0"))))) -> 0 | BO37: 10 | BP37: 0 | BQ37: =(BO37+BP37)/2 -> 5 | BR37: 8 | BS37: 5 | BT37: 5 | BU37: =(BR37+BS37+BT37)/3 -> 6 | BW37: =BV37+BU37+BQ37+BN37 -> 11
A38: 32 | B38: =OVERALL!B35 -> 2301286 | C38: =OVERALL!C35 -> Vikramjit Singh | BB38: =COUNTIF(D38:BA38,"P") -> 0 | BD38: =BB38+BC38 -> 0 | BE38: 30 | BF38: =(BD38/BE38)*100 -> 0 | BH38: 32 | BI38: =OVERALL!B35 -> 2301286 | BJ38: =OVERALL!C35 -> Vikramjit Singh | BK38: =BD38 -> 0 | BL38: =BE38 -> 30 | BM38: =(BK38/BL38)*100 -> 0 | BN38: =IF(BM38>=95.5,"6",IF(BM38>=90.5,"5", IF(BM38>=85.5,"4",IF(BM38>=80.5,"3",IF(BM38>=75.5,"2","0"))))) -> 0 | BO38: 0 | BP38: 2 | BQ38: =(BO38+BP38)/2 -> 1 | BR38: 0 | BS38: 0 | BT38: 0 | BU38: =(BR38+BS38+BT38)/3 -> 0 | BW38: =BV38+BU38+BQ38+BN38 -> 1
A39: 33 | B39: =OVERALL!B36 -> 2339508 | C39: =OVERALL!C36 -> TANISHA | BB39: 21 | BD39: =BB39+BC39 -> 21 | BE39: 30 | BF39: =(BD39/BE39)*100 -> 70 | BH39: 33 | BI39: =OVERALL!B36 -> 2339508 | BJ39: =OVERALL!C36 -> TANISHA | BK39: =BD39 -> 21 | BL39: =BE39 -> 30 | BM39: =(BK39/BL39)*100 -> 70 | BN39: =IF(BM39>=95.5,"6",IF(BM39>=90.5,"5", IF(BM39>=85.5,"4",IF(BM39>=80.5,"3",IF(BM39>=75.5,"2","0"))))) -> 0 | BO39: 13 | BP39: 22 | BQ39: =(BO39+BP39)/2 -> 17.5 | BR39: 9 | BS39: 10 | BT39: 8 | BU39: =(BR39+BS39+BT39)/3 -> 9 | BV39: 5 | BW39: =BV39+BU39+BQ39+BN39 -> 31.5
A40: 34 | B40: =OVERALL!B37 -> 2339509 | C40: =OVERALL!C37 -> TOHIED AHMED | BB40: =COUNTIF(D40:BA40,"P") -> 0 | BD40: =BB40+BC40 -> 0 | BE40: 30 | BF40: =(BD40/BE40)*100 -> 0 | BH40: 34 | BI40: =OVERALL!B37 -> 2339509 | BJ40: =OVERALL!C37 -> TOHIED AHMED | BK40: =BD40 -> 0 | BL40: =BE40 -> 30 | BM40: =(BK40/BL40)*100 -> 0 | BN40: =IF(BM40>=95.5,"6",IF(BM40>=90.5,"5", IF(BM40>=85.5,"4",IF(BM40>=80.5,"3",IF(BM40>=75.5,"2","0"))))) -> 0 | BO40: 0 | BP40: 0 | BQ40: =(BO40+BP40)/2 -> 0 | BR40: 0 | BS40: 0 | BT40: 0 | BU40: =(BR40+BS40+BT40)/3 -> 0 | BW40: =BV40+BU40+BQ40+BN40 -> 0
A41: 35 | B41: =OVERALL!B38 -> Leet | C41: =OVERALL!C38 -> Gagan | BB41: 26 | BD41: =BB41+BC41 -> 26 | BE41: 30 | BF41: =(BD41/BE41)*100 -> 86.666667 | BH41: 35 | BI41: =OVERALL!B38 -> Leet | BJ41: =OVERALL!C38 -> Gagan | BK41: =BD41 -> 26 | BL41: =BE41 -> 30 | BM41: =(BK41/BL41)*100 -> 86.666667 | BN41: =IF(BM41>=95.5,"6",IF(BM41>=90.5,"5", IF(BM41>=85.5,"4",IF(BM41>=80.5,"3",IF(BM41>=75.5,"2","0"))))) -> 4 | BO41: 14 | BP41: 21 | BQ41: =(BO41+BP41)/2 -> 17.5 | BR41: 10 | BS41: 10 | BT41: 9 | BU41: =(BR41+BS41+BT41)/3 -> 9.6666667 | BV41: 5 | BW41: =BV41+BU41+BQ41+BN41 -> 36.166667
A42: 36 | B42: =OVERALL!B39 -> Leet | C42: =OVERALL!C39 -> Manisha | BB42: 28 | BD42: =BB42+BC42 -> 28 | BE42: 30 | BF42: =(BD42/BE42)*100 -> 93.333333 | BH42: 36 | BI42: =OVERALL!B39 -> Leet | BJ42: =OVERALL!C39 -> Manisha | BK42: =BD42 -> 28 | BL42: =BE42 -> 30 | BM42: =(BK42/BL42)*100 -> 93.333333 | BN42: =IF(BM42>=95.5,"6",IF(BM42>=90.5,"5", IF(BM42>=85.5,"4",IF(BM42>=80.5,"3",IF(BM42>=75.5,"2","0"))))) -> 5 | BO42: 18 | BP42: 20 | BQ42: =(BO42+BP42)/2 -> 19 | BR42: 10 | BS42: 10 | BT42: 9 | BU42: =(BR42+BS42+BT42)/3 -> 9.6666667 | BV42: 2 | BW42: =BV42+BU42+BQ42+BN42 -> 35.666667
A43: 37 | B43: =OVERALL!B40 -> Leet | C43: =OVERALL!C40 -> Richa | BB43: 27 | BD43: =BB43+BC43 -> 27 | BE43: 30 | BF43: =(BD43/BE43)*100 -> 90 | BH43: 37 | BI43: =OVERALL!B40 -> Leet | BJ43: =OVERALL!C40 -> Richa | BK43: =BD43 -> 27 | BL43: =BE43 -> 30 | BM43: =(BK43/BL43)*100 -> 90 | BN43: =IF(BM43>=95.5,"6",IF(BM43>=90.5,"5", IF(BM43>=85.5,"4",IF(BM43>=80.5,"3",IF(BM43>=75.5,"2","0"))))) -> 4 | BO43: 21 | BP43: 19 | BQ43: =(BO43+BP43)/2 -> 20 | BR43: 10 | BS43: 10 | BT43: 10 | BU43: =(BR43+BS43+BT43)/3 -> 10 | BV43: 2 | BW43: =BV43+BU43+BQ43+BN43 -> 36
A44: 38 | B44: =OVERALL!B41 -> Leet | C44: =OVERALL!C41 -> Prakriti | BB44: 27 | BD44: =BB44+BC44 -> 27 | BE44: 30 | BF44: =(BD44/BE44)*100 -> 90 | BH44: 38 | BI44: =OVERALL!B41 -> Leet | BJ44: =OVERALL!C41 -> Prakriti | BK44: =BD44 -> 27 | BL44: =BE44 -> 30 | BM44: =(BK44/BL44)*100 -> 90 | BN44: =IF(BM44>=95.5,"6",IF(BM44>=90.5,"5", IF(BM44>=85.5,"4",IF(BM44>=80.5,"3",IF(BM44>=75.5,"2","0"))))) -> 4 | BO44: 17 | BP44: 23 | BQ44: =(BO44+BP44)/2 -> 20 | BR44: 10 | BS44: 10 | BT44: 10 | BU44: =(BR44+BS44+BT44)/3 -> 10 | BV44: 2 | BW44: =BV44+BU44+BQ44+BN44 -> 36
A45: 39 | B45: =OVERALL!B42 -> leet | C45: =OVERALL!C42 -> Shubham | BB45: 22 | BD45: =BB45+BC45 -> 22 | BE45: 30 | BF45: =(BD45/BE45)*100 -> 73.333333 | BH45: 39 | BI45: =OVERALL!B42 -> leet | BJ45: =OVERALL!C42 -> Shubham | BK45: =BD45 -> 22 | BL45: =BE45 -> 30 | BM45: =(BK45/BL45)*100 -> 73.333333 | BN45: =IF(BM45>=95.5,"6",IF(BM45>=90.5,"5", IF(BM45>=85.5,"4",IF(BM45>=80.5,"3",IF(BM45>=75.5,"2","0"))))) -> 0 | BO45: 10 | BP45: 17 | BQ45: =(BO45+BP45)/2 -> 13.5 | BR45: 9 | BS45: 10 | BT45: 9 | BU45: =(BR45+BS45+BT45)/3 -> 9.3333333 | BV45: 5 | BW45: =BV45+BU45+BQ45+BN45 -> 27.833333
A46: 40 | B46: =OVERALL!B43 -> 2301381 | C46: =OVERALL!C43 -> ADITYA | BB46: 29 | BD46: =BB46+BC46 -> 29 | BE46: 30 | BF46: =(BD46/BE46)*100 -> 96.666667 | BH46: 40 | BI46: =OVERALL!B43 -> 2301381 | BJ46: =OVERALL!C43 -> ADITYA | BK46: =BD46 -> 29 | BL46: =BE46 -> 30 | BM46: =(BK46/BL46)*100 -> 96.666667 | BN46: =IF(BM46>=95.5,"6",IF(BM46>=90.5,"5", IF(BM46>=85.5,"4",IF(BM46>=80.5,"3",IF(BM46>=75.5,"2","0"))))) -> 6 | BO46: 15 | BP46: 17 | BQ46: =(BO46+BP46)/2 -> 16 | BR46: 10 | BS46: 10 | BT46: 8 | BU46: =(BR46+BS46+BT46)/3 -> 9.3333333 | BV46: 5 | BW46: =BV46+BU46+BQ46+BN46 -> 36.333333
A47: 41 | B47: =OVERALL!B44 -> 2301382 | C47: =OVERALL!C44 -> ANMOL | BB47: 21 | BD47: =BB47+BC47 -> 21 | BE47: 30 | BF47: =(BD47/BE47)*100 -> 70 | BH47: 41 | BI47: =OVERALL!B44 -> 2301382 | BJ47: =OVERALL!C44 -> ANMOL | BK47: =BD47 -> 21 | BL47: =BE47 -> 30 | BM47: =(BK47/BL47)*100 -> 70 | BN47: =IF(BM47>=95.5,"6",IF(BM47>=90.5,"5", IF(BM47>=85.5,"4",IF(BM47>=80.5,"3",IF(BM47>=75.5,"2","0"))))) -> 0 | BO47: 11 | BP47: 22 | BQ47: =(BO47+BP47)/2 -> 16.5 | BR47: 10 | BS47: 10 | BT47: 9 | BU47: =(BR47+BS47+BT47)/3 -> 9.6666667 | BW47: =BV47+BU47+BQ47+BN47 -> 26.166667
A48: 42 | B48: =OVERALL!B45 -> 2301383 | C48: =OVERALL!C45 -> AURSH SHARMA | BB48: 23 | BD48: =BB48+BC48 -> 23 | BE48: 30 | BF48: =(BD48/BE48)*100 -> 76.666667 | BH48: 42 | BI48: =OVERALL!B45 -> 2301383 | BJ48: =OVERALL!C45 -> AURSH SHARMA | BK48: =BD48 -> 23 | BL48: =BE48 -> 30 | BM48: =(BK48/BL48)*100 -> 76.666667 | BN48: =IF(BM48>=95.5,"6",IF(BM48>=90.5,"5", IF(BM48>=85.5,"4",IF(BM48>=80.5,"3",IF(BM48>=75.5,"2","0"))))) -> 2 | BO48: 20 | BP48: 21 | BQ48: =(BO48+BP48)/2 -> 20.5 | BR48: 8 | BS48: 8 | BT48: 9 | BU48: =(BR48+BS48+BT48)/3 -> 8.3333333 | BV48: 5 | BW48: =BV48+BU48+BQ48+BN48 -> 35.833333
A49: 43 | B49: =OVERALL!B46 -> 2301384 | C49: =OVERALL!C46 -> AVNEET SINGH | BB49: 22 | BD49: =BB49+BC49 -> 22 | BE49: 30 | BF49: =(BD49/BE49)*100 -> 73.333333 | BH49: 43 | BI49: =OVERALL!B46 -> 2301384 | BJ49: =OVERALL!C46 -> AVNEET SINGH | BK49: =BD49 -> 22 | BL49: =BE49 -> 30 | BM49: =(BK49/BL49)*100 -> 73.333333 | BN49: =IF(BM49>=95.5,"6",IF(BM49>=90.5,"5", IF(BM49>=85.5,"4",IF(BM49>=80.5,"3",IF(BM49>=75.5,"2","0"))))) -> 0 | BO49: 14 | BP49: 16 | BQ49: =(BO49+BP49)/2 -> 15 | BR49: 8 | BS49: 8 | BT49: 8 | BU49: =(BR49+BS49+BT49)/3 -> 8 | BW49: =BV49+BU49+BQ49+BN49 -> 23
A50: 44 | B50: =OVERALL!B47 -> 2301385 | C50: =OVERALL!C47 -> BOBBY | BB50: 23 | BD50: =BB50+BC50 -> 23 | BE50: 30 | BF50: =(BD50/BE50)*100 -> 76.666667 | BH50: 44 | BI50: =OVERALL!B47 -> 2301385 | BJ50: =OVERALL!C47 -> BOBBY | BK50: =BD50 -> 23 | BL50: =BE50 -> 30 | BM50: =(BK50/BL50)*100 -> 76.666667 | BN50: =IF(BM50>=95.5,"6",IF(BM50>=90.5,"5", IF(BM50>=85.5,"4",IF(BM50>=80.5,"3",IF(BM50>=75.5,"2","0"))))) -> 2 | BO50: 15 | BP50: 16 | BQ50: =(BO50+BP50)/2 -> 15.5 | BR50: 10 | BS50: 10 | BT50: 8 | BU50: =(BR50+BS50+BT50)/3 -> 9.3333333 | BV50: 5 | BW50: =BV50+BU50+BQ50+BN50 -> 31.833333
A51: 45 | B51: =OVERALL!B48 -> 2301386 | C51: =OVERALL!C48 -> CHARANJIT SINGH | BB51: 13 | BD51: =BB51+BC51 -> 13 | BE51: 30 | BF51: =(BD51/BE51)*100 -> 43.333333 | BH51: 45 | BI51: =OVERALL!B48 -> 2301386 | BJ51: =OVERALL!C48 -> CHARANJIT SINGH | BK51: =BD51 -> 13 | BL51: =BE51 -> 30 | BM51: =(BK51/BL51)*100 -> 43.333333 | BN51: =IF(BM51>=95.5,"6",IF(BM51>=90.5,"5", IF(BM51>=85.5,"4",IF(BM51>=80.5,"3",IF(BM51>=75.5,"2","0"))))) -> 0 | BO51: 3 | BP51: 18 | BQ51: =(BO51+BP51)/2 -> 10.5 | BR51: 9 | BS51: 8 | BT51: 8 | BU51: =(BR51+BS51+BT51)/3 -> 8.3333333 | BV51: 5 | BW51: =BV51+BU51+BQ51+BN51 -> 23.833333
A52: 46 | B52: =OVERALL!B49 -> 2301387 | C52: =OVERALL!C49 -> INDERBIR SINGH | BB52: 19 | BD52: =BB52+BC52 -> 19 | BE52: 30 | BF52: =(BD52/BE52)*100 -> 63.333333 | BH52: 46 | BI52: =OVERALL!B49 -> 2301387 | BJ52: =OVERALL!C49 -> INDERBIR SINGH | BK52: =BD52 -> 19 | BL52: =BE52 -> 30 | BM52: =(BK52/BL52)*100 -> 63.333333 | BN52: =IF(BM52>=95.5,"6",IF(BM52>=90.5,"5", IF(BM52>=85.5,"4",IF(BM52>=80.5,"3",IF(BM52>=75.5,"2","0"))))) -> 0 | BO52: 5 | BP52: 21 | BQ52: =(BO52+BP52)/2 -> 13 | BR52: 9 | BS52: 10 | BT52: 9 | BU52: =(BR52+BS52+BT52)/3 -> 9.3333333 | BW52: =BV52+BU52+BQ52+BN52 -> 22.333333
A53: 47 | B53: =OVERALL!B50 -> 2301389 | C53: =OVERALL!C50 -> JASMEEN | BB53: 14 | BD53: =BB53+BC53 -> 14 | BE53: 30 | BF53: =(BD53/BE53)*100 -> 46.666667 | BH53: 47 | BI53: =OVERALL!B50 -> 2301389 | BJ53: =OVERALL!C50 -> JASMEEN | BK53: =BD53 -> 14 | BL53: =BE53 -> 30 | BM53: =(BK53/BL53)*100 -> 46.666667 | BN53: =IF(BM53>=95.5,"6",IF(BM53>=90.5,"5", IF(BM53>=85.5,"4",IF(BM53>=80.5,"3",IF(BM53>=75.5,"2","0"))))) -> 0 | BO53: 12 | BP53: 21 | BQ53: =(BO53+BP53)/2 -> 16.5 | BR53: 9 | BS53: 8 | BT53: 8 | BU53: =(BR53+BS53+BT53)/3 -> 8.3333333 | BW53: =BV53+BU53+BQ53+BN53 -> 24.833333
A54: 48 | B54: =OVERALL!B51 -> 2301390 | C54: =OVERALL!C51 -> KUNDAN | BB54: 28 | BD54: =BB54+BC54 -> 28 | BE54: 30 | BF54: =(BD54/BE54)*100 -> 93.333333 | BH54: 48 | BI54: =OVERALL!B51 -> 2301390 | BJ54: =OVERALL!C51 -> KUNDAN | BK54: =BD54 -> 28 | BL54: =BE54 -> 30 | BM54: =(BK54/BL54)*100 -> 93.333333 | BN54: =IF(BM54>=95.5,"6",IF(BM54>=90.5,"5", IF(BM54>=85.5,"4",IF(BM54>=80.5,"3",IF(BM54>=75.5,"2","0"))))) -> 5 | BO54: 15 | BP54: 15 | BQ54: =(BO54+BP54)/2 -> 15 | BR54: 10 | BS54: 9 | BT54: 8 | BU54: =(BR54+BS54+BT54)/3 -> 9 | BV54: 5 | BW54: =BV54+BU54+BQ54+BN54 -> 34
A55: 49 | B55: =OVERALL!B52 -> 2301391 | C55: =OVERALL!C52 -> MANVEER SINGH | BB55: 22 | BD55: =BB55+BC55 -> 22 | BE55: 30 | BF55: =(BD55/BE55)*100 -> 73.333333 | BH55: 49 | BI55: =OVERALL!B52 -> 2301391 | BJ55: =OVERALL!C52 -> MANVEER SINGH | BK55: =BD55 -> 22 | BL55: =BE55 -> 30 | BM55: =(BK55/BL55)*100 -> 73.333333 | BN55: =IF(BM55>=95.5,"6",IF(BM55>=90.5,"5", IF(BM55>=85.5,"4",IF(BM55>=80.5,"3",IF(BM55>=75.5,"2","0"))))) -> 0 | BO55: 14 | BP55: 20 | BQ55: =(BO55+BP55)/2 -> 17 | BR55: 9 | BS55: 9 | BT55: 9 | BU55: =(BR55+BS55+BT55)/3 -> 9 | BW55: =BV55+BU55+BQ55+BN55 -> 26
A56: 50 | B56: =OVERALL!B53 -> 2301392 | C56: =OVERALL!C53 -> MOHIT KUMAR | BB56: 19 | BD56: =BB56+BC56 -> 19 | BE56: 30 | BF56: =(BD56/BE56)*100 -> 63.333333 | BH56: 50 | BI56: =OVERALL!B53 -> 2301392 | BJ56: =OVERALL!C53 -> MOHIT KUMAR | BK56: =BD56 -> 19 | BL56: =BE56 -> 30 | BM56: =(BK56/BL56)*100 -> 63.333333 | BN56: =IF(BM56>=95.5,"6",IF(BM56>=90.5,"5", IF(BM56>=85.5,"4",IF(BM56>=80.5,"3",IF(BM56>=75.5,"2","0"))))) -> 0 | BO56: 5 | BP56: 21 | BQ56: =(BO56+BP56)/2 -> 13 | BR56: 8 | BS56: 8 | BT56: 5 | BU56: =(BR56+BS56+BT56)/3 -> 7 | BW56: =BV56+BU56+BQ56+BN56 -> 20
A57: 51 | B57: =OVERALL!B54 -> 2301393 | C57: =OVERALL!C54 -> NAVNEET | BB57: 13 | BD57: =BB57+BC57 -> 13 | BE57: 30 | BF57: =(BD57/BE57)*100 -> 43.333333 | BH57: 51 | BI57: =OVERALL!B54 -> 2301393 | BJ57: =OVERALL!C54 -> NAVNEET | BK57: =BD57 -> 13 | BL57: =BE57 -> 30 | BM57: =(BK57/BL57)*100 -> 43.333333 | BN57: =IF(BM57>=95.5,"6",IF(BM57>=90.5,"5", IF(BM57>=85.5,"4",IF(BM57>=80.5,"3",IF(BM57>=75.5,"2","0"))))) -> 0 | BO57: 5 | BP57: 10 | BQ57: =(BO57+BP57)/2 -> 7.5 | BR57: 7 | BS57: 7 | BT57: 7 | BU57: =(BR57+BS57+BT57)/3 -> 7 | BV57: 5 | BW57: =BV57+BU57+BQ57+BN57 -> 19.5
A58: 52 | B58: =OVERALL!B55 -> 2301394 | C58: =OVERALL!C55 -> NITIN VERMA | BB58: 17 | BD58: =BB58+BC58 -> 17 | BE58: 30 | BF58: =(BD58/BE58)*100 -> 56.666667 | BH58: 52 | BI58: =OVERALL!B55 -> 2301394 | BJ58: =OVERALL!C55 -> NITIN VERMA | BK58: =BD58 -> 17 | BL58: =BE58 -> 30 | BM58: =(BK58/BL58)*100 -> 56.666667 | BN58: =IF(BM58>=95.5,"6",IF(BM58>=90.5,"5", IF(BM58>=85.5,"4",IF(BM58>=80.5,"3",IF(BM58>=75.5,"2","0"))))) -> 0 | BO58: 18 | BP58: 23 | BQ58: =(BO58+BP58)/2 -> 20.5 | BR58: 8 | BS58: 8 | BT58: 8 | BU58: =(BR58+BS58+BT58)/3 -> 8 | BV58: 5 | BW58: =BV58+BU58+BQ58+BN58 -> 33.5
A59: 53 | B59: =OVERALL!B56 -> 2301395 | C59: =OVERALL!C56 -> POOJA | BB59: 21 | BD59: =BB59+BC59 -> 21 | BE59: 30 | BF59: =(BD59/BE59)*100 -> 70 | BH59: 53 | BI59: =OVERALL!B56 -> 2301395 | BJ59: =OVERALL!C56 -> POOJA | BK59: =BD59 -> 21 | BL59: =BE59 -> 30 | BM59: =(BK59/BL59)*100 -> 70 | BN59: =IF(BM59>=95.5,"6",IF(BM59>=90.5,"5", IF(BM59>=85.5,"4",IF(BM59>=80.5,"3",IF(BM59>=75.5,"2","0"))))) -> 0 | BO59: 20 | BP59: 12 | BQ59: =(BO59+BP59)/2 -> 16 | BR59: 9 | BS59: 10 | BT59: 9 | BU59: =(BR59+BS59+BT59)/3 -> 9.3333333 | BW59: =BV59+BU59+BQ59+BN59 -> 25.333333
A60: 54 | B60: =OVERALL!B57 -> 2301396 | C60: =OVERALL!C57 -> PRIYA | BB60: 29 | BD60: =BB60+BC60 -> 29 | BE60: 30 | BF60: =(BD60/BE60)*100 -> 96.666667 | BH60: 54 | BI60: =OVERALL!B57 -> 2301396 | BJ60: =OVERALL!C57 -> PRIYA | BK60: =BD60 -> 29 | BL60: =BE60 -> 30 | BM60: =(BK60/BL60)*100 -> 96.666667 | BN60: =IF(BM60>=95.5,"6",IF(BM60>=90.5,"5", IF(BM60>=85.5,"4",IF(BM60>=80.5,"3",IF(BM60>=75.5,"2","0"))))) -> 6 | BO60: 19 | BP60: 22 | BQ60: =(BO60+BP60)/2 -> 20.5 | BR60: 9 | BS60: 10 | BT60: 9 | BU60: =(BR60+BS60+BT60)/3 -> 9.3333333 | BW60: =BV60+BU60+BQ60+BN60 -> 35.833333
A61: 55 | B61: =OVERALL!B58 -> 2301397 | C61: =OVERALL!C58 -> SAHIL | BB61: 19 | BD61: =BB61+BC61 -> 19 | BE61: 30 | BF61: =(BD61/BE61)*100 -> 63.333333 | BH61: 55 | BI61: =OVERALL!B58 -> 2301397 | BJ61: =OVERALL!C58 -> SAHIL | BK61: =BD61 -> 19 | BL61: =BE61 -> 30 | BM61: =(BK61/BL61)*100 -> 63.333333 | BN61: =IF(BM61>=95.5,"6",IF(BM61>=90.5,"5", IF(BM61>=85.5,"4",IF(BM61>=80.5,"3",IF(BM61>=75.5,"2","0"))))) -> 0 | BO61: 11 | BP61: 15 | BQ61: =(BO61+BP61)/2 -> 13 | BR61: 10 | BS61: 8 | BT61: 8 | BU61: =(BR61+BS61+BT61)/3 -> 8.6666667 | BW61: =BV61+BU61+BQ61+BN61 -> 21.666667
A62: 56 | B62: =OVERALL!B59 -> 2301398 | C62: =OVERALL!C59 -> SANJANA | BB62: 24 | BD62: =BB62+BC62 -> 24 | BE62: 30 | BF62: =(BD62/BE62)*100 -> 80 | BH62: 56 | BI62: =OVERALL!B59 -> 2301398 | BJ62: =OVERALL!C59 -> SANJANA | BK62: =BD62 -> 24 | BL62: =BE62 -> 30 | BM62: =(BK62/BL62)*100 -> 80 | BN62: =IF(BM62>=95.5,"6",IF(BM62>=90.5,"5", IF(BM62>=85.5,"4",IF(BM62>=80.5,"3",IF(BM62>=75.5,"2","0"))))) -> 2 | BO62: 14 | BP62: 19 | BQ62: =(BO62+BP62)/2 -> 16.5 | BR62: 9 | BS62: 9 | BT62: 10 | BU62: =(BR62+BS62+BT62)/3 -> 9.3333333 | BW62: =BV62+BU62+BQ62+BN62 -> 27.833333
A63: 57 | B63: =OVERALL!B60 -> 2301399 | C63: =OVERALL!C60 -> SANJAY | BB63: 12 | BD63: =BB63+BC63 -> 12 | BE63: 30 | BF63: =(BD63/BE63)*100 -> 40 | BH63: 57 | BI63: =OVERALL!B60 -> 2301399 | BJ63: =OVERALL!C60 -> SANJAY | BK63: =BD63 -> 12 | BL63: =BE63 -> 30 | BM63: =(BK63/BL63)*100 -> 40 | BN63: =IF(BM63>=95.5,"6",IF(BM63>=90.5,"5", IF(BM63>=85.5,"4",IF(BM63>=80.5,"3",IF(BM63>=75.5,"2","0"))))) -> 0 | BO63: 12 | BP63: 14 | BQ63: =(BO63+BP63)/2 -> 13 | BR63: 8 | BS63: 0 | BT63: 8 | BU63: =(BR63+BS63+BT63)/3 -> 5.3333333 | BW63: =BV63+BU63+BQ63+BN63 -> 18.333333
A64: 58 | B64: =OVERALL!B61 -> 2301401 | C64: =OVERALL!C61 -> SMILE JASSAL | BB64: 25 | BD64: =BB64+BC64 -> 25 | BE64: 30 | BF64: =(BD64/BE64)*100 -> 83.333333 | BH64: 58 | BI64: =OVERALL!B61 -> 2301401 | BJ64: =OVERALL!C61 -> SMILE JASSAL | BK64: =BD64 -> 25 | BL64: =BE64 -> 30 | BM64: =(BK64/BL64)*100 -> 83.333333 | BN64: =IF(BM64>=95.5,"6",IF(BM64>=90.5,"5", IF(BM64>=85.5,"4",IF(BM64>=80.5,"3",IF(BM64>=75.5,"2","0"))))) -> 3 | BO64: 12 | BP64: 23 | BQ64: =(BO64+BP64)/2 -> 17.5 | BR64: 9 | BS64: 9 | BT64: 9 | BU64: =(BR64+BS64+BT64)/3 -> 9 | BW64: =BV64+BU64+BQ64+BN64 -> 29.5
A65: 59 | B65: =OVERALL!B62 -> 2301402 | C65: =OVERALL!C62 -> SUMIT BHARAJ | BB65: 25 | BD65: =BB65+BC65 -> 25 | BE65: 30 | BF65: =(BD65/BE65)*100 -> 83.333333 | BH65: 59 | BI65: =OVERALL!B62 -> 2301402 | BJ65: =OVERALL!C62 -> SUMIT BHARAJ | BK65: =BD65 -> 25 | BL65: =BE65 -> 30 | BM65: =(BK65/BL65)*100 -> 83.333333 | BN65: =IF(BM65>=95.5,"6",IF(BM65>=90.5,"5", IF(BM65>=85.5,"4",IF(BM65>=80.5,"3",IF(BM65>=75.5,"2","0"))))) -> 3 | BO65: 14 | BP65: 18 | BQ65: =(BO65+BP65)/2 -> 16 | BR65: 10 | BS65: 8 | BT65: 9 | BU65: =(BR65+BS65+BT65)/3 -> 9 | BV65: 5 | BW65: =BV65+BU65+BQ65+BN65 -> 33
A66: 60 | B66: =OVERALL!B63 -> 2301403 | C66: =OVERALL!C63 -> SUNAKSHI | BB66: 27 | BD66: =BB66+BC66 -> 27 | BE66: 30 | BF66: =(BD66/BE66)*100 -> 90 | BH66: 60 | BI66: =OVERALL!B63 -> 2301403 | BJ66: =OVERALL!C63 -> SUNAKSHI | BK66: =BD66 -> 27 | BL66: =BE66 -> 30 | BM66: =(BK66/BL66)*100 -> 90 | BN66: =IF(BM66>=95.5,"6",IF(BM66>=90.5,"5", IF(BM66>=85.5,"4",IF(BM66>=80.5,"3",IF(BM66>=75.5,"2","0"))))) -> 4 | BO66: 17 | BP66: 22 | BQ66: =(BO66+BP66)/2 -> 19.5 | BR66: 9 | BS66: 10 | BT66: 10 | BU66: =(BR66+BS66+BT66)/3 -> 9.6666667 | BW66: =BV66+BU66+BQ66+BN66 -> 33.166667
A67: 61 | B67: =OVERALL!B64 -> 2301404 | C67: =OVERALL!C64 -> VANSH | BB67: 27 | BD67: =BB67+BC67 -> 27 | BE67: 30 | BF67: =(BD67/BE67)*100 -> 90 | BH67: 61 | BI67: =OVERALL!B64 -> 2301404 | BJ67: =OVERALL!C64 -> VANSH | BK67: =BD67 -> 27 | BL67: =BE67 -> 30 | BM67: =(BK67/BL67)*100 -> 90 | BN67: =IF(BM67>=95.5,"6",IF(BM67>=90.5,"5", IF(BM67>=85.5,"4",IF(BM67>=80.5,"3",IF(BM67>=75.5,"2","0"))))) -> 4 | BO67: 0 | BP67: 18 | BQ67: =(BO67+BP67)/2 -> 9 | BR67: 9 | BS67: 8 | BT67: 9 | BU67: =(BR67+BS67+BT67)/3 -> 8.6666667 | BW67: =BV67+BU67+BQ67+BN67 -> 21.666667
A68: 62 | B68: =OVERALL!B65 -> 2301405 | C68: =OVERALL!C65 -> VARINDER BHATOY | BB68: 16 | BD68: =BB68+BC68 -> 16 | BE68: 30 | BF68: =(BD68/BE68)*100 -> 53.333333 | BH68: 62 | BI68: =OVERALL!B65 -> 2301405 | BJ68: =OVERALL!C65 -> VARINDER BHATOY | BK68: =BD68 -> 16 | BL68: =BE68 -> 30 | BM68: =(BK68/BL68)*100 -> 53.333333 | BN68: =IF(BM68>=95.5,"6",IF(BM68>=90.5,"5", IF(BM68>=85.5,"4",IF(BM68>=80.5,"3",IF(BM68>=75.5,"2","0"))))) -> 0 | BO68: 0 | BP68: 20 | BQ68: =(BO68+BP68)/2 -> 10 | BR68: 7 | BS68: 7 | BT68: 7 | BU68: =(BR68+BS68+BT68)/3 -> 7 | BW68: =BV68+BU68+BQ68+BN68 -> 17
